customer_id,recency,frequency,monetary,avg_order_value,total_items,distinct_categories,first_purchase,last_purchase,tenure_days,R_score,F_score,M_score,RFM_score,cluster,segment
C00001,15,5,5533.18,425.6292307692308,22,5,2025-08-11,2026-06-16,324,5,3,4,12,4,Loyal Customers
C00002,31,21,30355.86,562.1455555555556,97,6,2025-06-30,2026-05-31,366,4,5,5,14,4,Loyal Customers
C00005,56,2,1191.83,297.9575,9,4,2025-12-08,2026-05-06,205,4,1,1,6,0,Promising
C00006,31,4,1424.8799999999999,178.10999999999999,18,4,2025-06-23,2026-05-31,373,4,2,2,8,0,Promising
C00007,216,3,974.63,139.23285714285714,11,3,2024-12-10,2025-11-27,568,2,2,1,5,6,Potential Loyalists
C00008,54,5,2297.04,208.82181818181817,19,4,2026-01-25,2026-05-08,157,4,3,2,9,0,Promising
C00009,7,21,34843.18,580.7196666666666,127,6,2024-12-20,2026-06-24,558,5,5,5,15,5,Champions
C00011,200,4,304.59,38.07375,11,5,2024-07-08,2025-12-13,723,2,2,1,5,3,Hibernating
C00012,32,7,5892.62,256.2008695652174,42,6,2024-12-03,2026-05-30,575,4,4,4,12,6,Potential Loyalists
C00014,15,5,7622.210000000001,448.3652941176471,33,6,2025-11-18,2026-06-16,225,5,3,4,12,4,Loyal Customers
C00015,327,1,97.68,97.68,1,1,2025-08-08,2025-08-08,327,1,1,1,3,3,Hibernating
C00016,110,14,13704.81,360.6528947368421,69,6,2024-07-06,2026-03-13,725,3,5,5,13,5,Champions
C00017,192,3,138.91,46.303333333333335,7,3,2025-04-27,2025-12-21,430,2,2,1,5,3,Hibernating
C00018,224,6,2965.56,164.75333333333333,38,6,2025-01-03,2025-11-19,544,2,3,3,8,6,Potential Loyalists
C00019,304,4,2330.2200000000003,233.02200000000002,22,4,2024-11-29,2025-08-31,579,1,2,2,5,1,Needs Attention
C00021,48,7,2917.25,162.06944444444446,40,6,2024-08-29,2026-05-14,671,4,4,3,11,6,Potential Loyalists
C00022,255,3,1882.87,171.17,21,6,2025-05-20,2025-10-19,407,2,2,2,6,0,Promising
C00023,77,3,1437.3799999999999,179.67249999999999,13,4,2025-03-18,2026-04-15,470,3,2,2,7,6,Potential Loyalists
C00024,132,2,1223.65,244.73000000000002,10,4,2026-01-06,2026-02-19,176,3,1,1,5,0,Promising
C00025,183,4,1530.06,170.00666666666666,14,5,2024-08-31,2025-12-30,669,2,2,2,6,6,Potential Loyalists
C00026,12,14,5254.47,169.49903225806452,46,6,2024-03-08,2026-06-19,845,5,5,4,14,6,Potential Loyalists
C00027,28,5,3691.0,263.64285714285717,27,6,2025-02-01,2026-06-03,515,4,3,3,10,6,Potential Loyalists
C00028,2,4,2654.31,265.431,19,5,2024-10-09,2026-06-29,630,5,2,2,9,6,Potential Loyalists
C00029,36,4,4116.37,343.0308333333333,27,6,2025-09-15,2026-05-26,289,4,2,3,9,0,Promising
C00030,177,1,1707.22,569.0733333333334,7,3,2026-01-05,2026-01-05,177,2,1,2,5,0,Promising
C00031,134,4,4328.08,393.46181818181816,27,3,2025-02-09,2026-02-17,507,2,2,3,7,6,Potential Loyalists
C00032,483,2,3214.49,642.8979999999999,14,4,2025-02-15,2025-03-05,501,1,1,3,5,1,Needs Attention
C00034,43,5,5216.49,347.76599999999996,36,6,2025-08-25,2026-05-19,310,4,3,4,11,4,Loyal Customers
C00035,29,23,23066.38,419.3887272727273,109,6,2024-03-26,2026-06-02,827,4,5,5,14,5,Champions
C00036,178,20,28870.22,544.7211320754717,114,6,2024-06-02,2026-01-04,759,2,5,5,12,5,Champions
C00038,185,2,103.03,34.343333333333334,4,2,2025-11-04,2025-12-28,239,2,1,1,4,3,Hibernating
C00039,37,11,7355.150000000001,222.88333333333335,66,6,2025-03-11,2026-05-25,477,4,4,4,12,4,Loyal Customers
C00040,1,4,1095.05,109.505,20,6,2025-12-29,2026-06-30,184,5,2,1,8,0,Promising
C00041,45,24,29059.29,528.3507272727273,101,6,2025-01-28,2026-05-17,519,4,5,5,14,5,Champions
C00042,7,7,4442.8099999999995,222.14049999999997,34,5,2024-11-17,2026-06-24,591,5,4,3,12,6,Potential Loyalists
C00043,145,3,943.52,188.704,11,3,2025-02-19,2026-02-06,497,2,2,1,5,6,Potential Loyalists
C00045,828,1,1011.67,1011.67,2,1,2024-03-25,2024-03-25,828,1,1,1,3,1,Needs Attention
C00046,90,6,1152.8600000000001,88.68153846153847,26,5,2024-06-29,2026-04-02,732,3,3,1,7,6,Potential Loyalists
C00047,33,22,32119.48,655.4995918367347,103,6,2024-05-26,2026-05-29,766,4,5,5,14,5,Champions
C00048,161,5,5140.45,367.175,33,5,2024-04-02,2026-01-21,820,2,3,3,8,6,Potential Loyalists
C00049,194,4,4596.32,510.7022222222222,18,5,2024-12-12,2025-12-19,566,2,2,3,7,6,Potential Loyalists
C00051,191,2,2547.36,424.56,8,5,2024-11-13,2025-12-22,595,2,1,2,5,1,Needs Attention
C00053,93,16,13342.66,296.5035555555556,90,6,2024-06-17,2026-03-30,744,3,5,5,13,5,Champions
C00057,11,16,20034.73,417.3902083333333,96,6,2025-09-03,2026-06-20,301,5,5,5,15,4,Loyal Customers
C00058,98,15,11741.7,326.15833333333336,69,6,2024-01-24,2026-03-25,889,3,5,5,13,5,Champions
C00059,236,1,171.12,171.12,3,1,2025-11-07,2025-11-07,236,2,1,1,4,3,Hibernating
C00060,23,3,2052.68,205.26799999999997,23,5,2025-04-24,2026-06-08,433,5,2,2,9,0,Promising
C00061,47,8,7481.2300000000005,287.7396153846154,57,6,2024-09-29,2026-05-15,640,4,4,4,12,6,Potential Loyalists
C00064,258,5,5206.53,400.5023076923077,27,6,2024-12-11,2025-10-16,567,2,3,4,9,1,Needs Attention
C00065,305,2,390.7,97.675,9,2,2025-07-14,2025-08-30,352,1,1,1,3,3,Hibernating
C00067,166,2,259.45,86.48333333333333,5,3,2025-06-27,2026-01-16,369,2,1,1,4,3,Hibernating
C00068,56,12,8193.35,256.0421875,71,6,2024-11-21,2026-05-06,587,4,4,4,12,6,Potential Loyalists
C00069,395,6,7420.13,436.47823529411767,34,5,2024-09-14,2025-06-01,655,1,3,4,8,1,Needs Attention
C00070,166,4,1791.57,149.29749999999999,22,5,2024-08-06,2026-01-16,694,2,2,2,6,6,Potential Loyalists
C00071,595,3,3104.75,388.09375,20,3,2024-09-30,2024-11-13,639,1,2,3,6,1,Needs Attention
C00072,156,2,1876.6000000000001,375.32000000000005,11,4,2025-12-19,2026-01-26,194,2,1,2,5,0,Promising
C00073,340,4,5791.44,445.4953846153846,26,5,2024-12-05,2025-07-26,573,1,2,4,7,1,Needs Attention
C00075,20,7,4894.22,244.711,40,6,2025-05-22,2026-06-11,405,5,4,3,12,4,Loyal Customers
C00076,38,19,30702.66,639.63875,95,6,2025-01-17,2026-05-24,530,4,5,5,14,5,Champions
C00077,17,12,13109.7,436.99,62,6,2025-06-15,2026-06-14,381,5,4,5,14,4,Loyal Customers
C00078,141,5,3604.7599999999998,327.70545454545453,21,6,2025-04-07,2026-02-10,450,2,3,3,8,6,Potential Loyalists
C00079,283,2,2561.01,426.83500000000004,12,4,2025-09-05,2025-09-21,299,2,1,2,5,0,Promising
C00080,281,3,905.92,150.98666666666665,11,5,2025-07-24,2025-09-23,342,2,2,1,5,0,Promising
C00083,77,2,3088.41,1029.47,6,2,2025-04-14,2026-04-15,443,3,1,3,7,0,Promising
C00084,272,2,1836.06,306.01,10,4,2025-07-01,2025-10-02,365,2,1,2,5,0,Promising
C00085,336,3,749.9000000000001,149.98000000000002,13,3,2024-05-27,2025-07-30,765,1,2,1,4,2,At Risk
C00086,394,3,832.75,166.55,9,3,2024-11-14,2025-06-02,594,1,2,1,4,2,At Risk
C00087,11,7,7229.17,516.3692857142858,35,6,2025-10-11,2026-06-20,263,5,4,4,13,4,Loyal Customers
C00088,194,2,2006.48,501.62,7,3,2025-10-21,2025-12-19,253,2,1,2,5,0,Promising
C00089,24,5,5671.07,515.5518181818181,20,5,2024-08-23,2026-06-07,677,4,3,4,11,6,Potential Loyalists
C00090,127,5,876.8199999999999,73.06833333333333,23,5,2024-09-29,2026-02-24,640,3,3,1,7,6,Potential Loyalists
C00091,455,1,185.17000000000002,61.723333333333336,5,3,2025-04-02,2025-04-02,455,1,1,1,3,2,At Risk
C00092,186,5,4122.18,317.09076923076924,27,6,2024-09-05,2025-12-27,664,2,3,3,8,6,Potential Loyalists
C00093,25,26,30709.01,548.3751785714286,117,6,2024-05-30,2026-06-06,762,4,5,5,14,5,Champions
C00094,348,1,157.89,157.89,3,1,2025-07-18,2025-07-18,348,1,1,1,3,3,Hibernating
C00095,224,2,1636.19,272.6983333333333,10,4,2025-11-17,2025-11-19,226,2,1,2,5,0,Promising
C00096,154,3,1582.0700000000002,197.75875000000002,16,5,2024-12-15,2026-01-28,563,2,2,2,6,6,Potential Loyalists
C00097,701,2,300.23,150.115,4,2,2024-06-13,2024-07-30,748,1,1,1,3,2,At Risk
C00098,141,6,3967.58,330.63166666666666,23,6,2024-03-17,2026-02-10,836,2,3,3,8,6,Potential Loyalists
C00099,67,22,26954.13,490.07509090909093,102,6,2024-06-27,2026-04-25,734,3,5,5,13,5,Champions
C00100,305,4,2951.0200000000004,295.10200000000003,19,3,2024-11-20,2025-08-30,588,1,2,3,6,1,Needs Attention
C00103,805,1,201.49,67.16333333333334,7,3,2024-04-17,2024-04-17,805,1,1,1,3,2,At Risk
C00104,502,3,2834.78,404.96857142857147,15,5,2024-09-16,2025-02-14,653,1,2,3,6,1,Needs Attention
C00105,2,31,45298.81,656.5044927536231,151,6,2024-09-09,2026-06-29,660,5,5,5,15,5,Champions
C00107,141,7,7086.16,506.1542857142857,27,6,2025-10-19,2026-02-10,255,2,4,4,10,4,Loyal Customers
C00108,11,13,13334.06,392.17823529411766,69,5,2025-03-23,2026-06-20,465,5,5,5,15,4,Loyal Customers
C00109,72,14,13621.05,332.22073170731704,82,6,2024-05-29,2026-04-20,763,3,5,5,13,5,Champions
C00113,114,8,6122.099999999999,322.2157894736842,40,6,2024-01-31,2026-03-09,882,3,4,4,11,6,Potential Loyalists
C00114,5,6,5958.1900000000005,595.8190000000001,21,4,2025-10-26,2026-06-26,248,5,3,4,12,4,Loyal Customers
C00115,813,1,898.1800000000001,224.54500000000002,7,4,2024-04-09,2024-04-09,813,1,1,1,3,2,At Risk
C00116,4,3,4578.22,508.6911111111111,19,5,2025-09-04,2026-06-27,300,5,2,3,10,0,Promising
C00117,260,1,814.6099999999999,203.65249999999997,6,4,2025-10-14,2025-10-14,260,2,1,1,4,0,Promising
C00118,23,3,4413.54,630.5057142857142,15,4,2025-10-20,2026-06-08,254,5,2,3,10,0,Promising
C00119,353,1,1797.69,449.4225,8,3,2025-07-13,2025-07-13,353,1,1,2,4,0,Promising
C00121,473,4,2801.41,400.20142857142855,14,4,2024-11-08,2025-03-15,600,1,2,3,6,1,Needs Attention
C00122,127,1,2319.93,773.31,6,2,2026-02-24,2026-02-24,127,3,1,2,6,0,Promising
C00123,326,2,1749.75,437.4375,6,2,2025-06-01,2025-08-09,395,1,1,2,4,1,Needs Attention
C00124,557,4,986.34,98.634,21,6,2024-06-26,2024-12-21,735,1,2,1,4,2,At Risk
C00125,125,5,5111.79,425.9825,26,5,2024-05-30,2026-02-26,762,3,3,3,9,6,Potential Loyalists
C00126,93,4,1622.2,115.87142857142858,26,6,2025-04-26,2026-03-30,431,3,2,2,7,6,Potential Loyalists
C00127,204,2,1316.13,438.71000000000004,7,2,2025-10-11,2025-12-09,263,2,1,2,5,0,Promising
C00128,10,12,10455.67,326.7396875,60,6,2025-05-24,2026-06-21,403,5,4,4,13,4,Loyal Customers
C00129,14,14,21649.21,481.09355555555555,86,6,2025-02-15,2026-06-17,501,5,5,5,15,4,Loyal Customers
C00131,20,33,49359.01,560.897840909091,182,6,2024-02-26,2026-06-11,856,5,5,5,15,5,Champions
C00132,160,3,2622.9,374.7,11,4,2025-12-30,2026-01-22,183,2,2,2,6,0,Promising
C00133,145,4,549.1,78.44285714285715,15,5,2025-10-21,2026-02-06,253,2,2,1,5,3,Hibernating
C00134,195,2,342.08000000000004,171.04000000000002,5,2,2025-10-17,2025-12-18,257,2,1,1,4,3,Hibernating
C00135,155,4,8550.97,657.766923076923,28,5,2025-08-03,2026-01-27,332,2,2,4,8,4,Loyal Customers
C00136,39,10,8657.68,332.9876923076923,56,6,2024-05-26,2026-05-23,766,4,4,4,12,5,Champions
C00137,273,2,228.89999999999998,76.3,5,2,2025-07-23,2025-10-01,343,2,1,1,4,3,Hibernating
C00138,343,2,503.97,167.99,7,2,2025-04-21,2025-07-23,436,1,1,1,3,2,At Risk
C00139,101,3,2461.57,351.65285714285716,16,4,2025-08-07,2026-03-22,328,3,2,2,7,0,Promising
C00140,11,13,13593.3,411.9181818181818,53,6,2025-02-20,2026-06-20,496,5,5,5,15,4,Loyal Customers
C00141,127,10,6043.2,262.74782608695654,47,6,2024-06-05,2026-02-24,756,3,4,4,11,6,Potential Loyalists
C00142,303,3,4606.030000000001,575.7537500000001,16,3,2025-07-16,2025-09-01,350,1,2,3,6,0,Promising
C00143,25,11,6479.650000000001,259.18600000000004,49,5,2024-06-05,2026-06-06,756,4,4,4,12,6,Potential Loyalists
C00144,34,9,9617.55,418.1543478260869,48,6,2025-03-30,2026-05-28,458,4,4,4,12,4,Loyal Customers
C00145,277,4,1894.08,236.76,20,4,2025-01-01,2025-09-27,546,2,2,2,6,1,Needs Attention
C00146,175,4,3161.61,316.161,20,4,2025-10-11,2026-01-07,263,2,2,3,7,0,Promising
C00149,56,4,1691.6100000000001,169.161,20,6,2025-10-07,2026-05-06,267,4,2,2,8,0,Promising
C00150,47,17,12912.39,314.93634146341464,83,6,2024-06-14,2026-05-15,747,4,5,5,14,5,Champions
C00152,23,4,4988.02,453.4563636363637,21,4,2025-09-15,2026-06-08,289,4,2,3,9,0,Promising
C00154,29,14,7316.01,281.385,54,6,2025-07-09,2026-06-02,357,4,5,4,13,4,Loyal Customers
C00156,258,1,204.44,102.22,3,2,2025-10-16,2025-10-16,258,2,1,1,4,3,Hibernating
C00157,24,5,2604.83,173.65533333333332,25,5,2025-04-01,2026-06-07,456,4,3,2,9,6,Potential Loyalists
C00158,477,1,2274.37,568.5925,7,3,2025-03-11,2025-03-11,477,1,1,2,4,1,Needs Attention
C00159,11,15,17101.670000000002,462.2072972972974,72,6,2024-12-15,2026-06-20,563,5,5,5,15,5,Champions
C00160,43,15,11142.56,318.3588571428571,67,6,2024-03-13,2026-05-19,840,4,5,4,13,5,Champions
C00162,246,2,1959.87,653.29,6,2,2025-08-18,2025-10-28,317,2,1,2,5,0,Promising
C00163,51,8,10456.19,418.24760000000003,49,5,2025-06-06,2026-05-11,390,4,4,4,12,4,Loyal Customers
C00164,47,14,19191.19,468.07780487804877,73,6,2025-03-01,2026-05-15,487,4,5,5,14,4,Loyal Customers
C00165,450,4,799.6199999999999,99.95249999999999,11,5,2024-03-20,2025-04-07,833,1,2,1,4,2,At Risk
C00166,202,2,1056.2,352.06666666666666,5,3,2025-10-09,2025-12-11,265,2,1,1,4,0,Promising
C00168,19,6,4690.33,260.57388888888886,35,6,2025-03-02,2026-06-12,486,5,3,3,11,6,Potential Loyalists
C00169,110,1,148.10999999999999,49.37,8,2,2026-03-13,2026-03-13,110,3,1,1,5,3,Hibernating
C00170,413,5,6004.57,500.3808333333333,28,6,2024-08-17,2025-05-14,683,1,3,4,8,1,Needs Attention
C00171,69,7,5440.05,362.67,28,6,2025-07-14,2026-04-23,352,3,4,4,11,4,Loyal Customers
C00172,79,1,159.87,159.87,3,1,2026-04-13,2026-04-13,79,3,1,1,5,3,Hibernating
C00173,44,34,37282.31,454.6623170731707,155,6,2024-09-28,2026-05-18,641,4,5,5,14,5,Champions
C00174,364,2,1247.81,155.97625,16,5,2024-12-14,2025-07-02,564,1,1,2,4,2,At Risk
C00175,37,10,6539.28,326.964,46,6,2024-03-08,2026-05-25,845,4,4,4,12,5,Champions
C00176,11,9,18015.47,948.1826315789474,40,6,2025-07-13,2026-06-20,353,5,4,5,14,4,Loyal Customers
C00177,6,12,6248.45,183.7779411764706,63,6,2024-10-27,2026-06-25,612,5,4,4,13,6,Potential Loyalists
C00178,392,1,98.08,32.693333333333335,7,1,2025-06-04,2025-06-04,392,1,1,1,3,3,Hibernating
C00179,11,15,16721.91,380.0434090909091,89,6,2024-05-06,2026-06-20,786,5,5,5,15,5,Champions
C00180,446,5,3056.04,277.8218181818182,18,4,2024-07-15,2025-04-11,716,1,3,3,7,1,Needs Attention
C00181,46,10,10678.47,410.7103846153846,48,6,2025-01-01,2026-05-16,546,4,4,4,12,4,Loyal Customers
C00184,497,3,1260.33,140.03666666666666,14,6,2024-08-18,2025-02-19,682,1,2,2,5,2,At Risk
C00185,18,16,12493.64,367.46,71,6,2024-03-28,2026-06-13,825,5,5,5,15,5,Champions
C00186,18,10,5489.18,219.5672,48,6,2024-11-17,2026-06-13,591,5,4,4,13,6,Potential Loyalists
C00188,6,2,1349.99,337.4975,9,4,2025-10-19,2026-06-25,255,5,1,2,8,0,Promising
C00189,90,3,3757.41,417.49,17,4,2024-10-15,2026-04-02,624,3,2,3,8,6,Potential Loyalists
C00190,121,6,2003.68,154.1292307692308,25,5,2025-10-04,2026-03-02,270,3,3,2,8,0,Promising
C00191,16,6,7404.009999999999,493.6006666666666,32,6,2025-10-18,2026-06-15,256,5,3,4,12,4,Loyal Customers
C00192,102,3,1634.33,326.866,10,4,2025-11-30,2026-03-21,213,3,2,2,7,0,Promising
C00193,242,1,1714.9899999999998,428.74749999999995,9,4,2025-11-01,2025-11-01,242,2,1,2,5,0,Promising
C00195,245,6,7561.41,472.588125,37,6,2025-02-22,2025-10-29,494,2,3,4,9,4,Loyal Customers
C00196,19,9,12672.74,576.0336363636363,43,6,2025-11-14,2026-06-12,229,5,4,5,14,4,Loyal Customers
C00197,78,1,664.7600000000001,166.19000000000003,10,3,2026-04-14,2026-04-14,78,3,1,1,5,0,Promising
C00198,97,3,4020.34,402.034,19,4,2025-08-31,2026-03-26,304,3,2,3,8,0,Promising
C00199,150,1,1120.81,280.2025,6,3,2026-02-01,2026-02-01,150,2,1,1,4,0,Promising
C00200,4,14,17793.93,468.2613157894737,70,6,2025-07-03,2026-06-27,363,5,5,5,15,4,Loyal Customers
C00201,9,3,2423.67,302.95875,16,5,2025-03-26,2026-06-22,462,5,2,2,9,0,Promising
C00202,83,3,300.55,75.1375,10,3,2025-10-07,2026-04-09,267,3,2,1,6,3,Hibernating
C00203,195,3,1354.9,193.55714285714288,11,3,2025-03-20,2025-12-18,468,2,2,2,6,0,Promising
C00204,22,4,3953.32,395.332,24,5,2025-05-05,2026-06-09,422,5,2,3,10,4,Loyal Customers
C00206,82,12,7655.1900000000005,263.9720689655173,57,6,2024-10-05,2026-04-10,634,3,4,4,11,6,Potential Loyalists
C00207,119,4,4945.360000000001,549.4844444444445,20,5,2025-07-29,2026-03-04,337,3,2,3,8,0,Promising
C00208,27,1,692.19,346.095,5,2,2026-06-04,2026-06-04,27,4,1,1,6,0,Promising
C00210,9,8,4321.88,187.90782608695653,41,6,2025-01-28,2026-06-22,519,5,4,3,12,6,Potential Loyalists
C00211,3,8,9787.31,376.435,46,6,2025-06-23,2026-06-28,373,5,4,4,13,4,Loyal Customers
C00212,345,5,1768.81,176.881,20,5,2025-03-12,2025-07-21,476,1,3,2,6,1,Needs Attention
C00216,161,2,212.98,42.596,5,3,2025-01-01,2026-01-21,546,2,1,1,4,3,Hibernating
C00218,88,3,5501.410000000001,611.2677777777778,17,5,2025-01-15,2026-04-04,532,3,2,4,9,4,Loyal Customers
C00220,380,2,1420.1200000000001,355.03000000000003,6,3,2025-03-03,2025-06-16,485,1,1,2,4,1,Needs Attention
C00221,28,3,6100.49,677.8322222222222,18,4,2025-04-21,2026-06-03,436,4,2,4,10,4,Loyal Customers
C00222,60,12,5002.43,192.40115384615385,53,6,2024-11-27,2026-05-02,581,3,4,3,10,6,Potential Loyalists
C00223,88,10,8829.710000000001,284.8293548387097,62,6,2024-11-12,2026-04-04,596,3,4,4,11,6,Potential Loyalists
C00224,39,12,6824.79,252.77,49,6,2024-07-05,2026-05-23,726,4,4,4,12,6,Potential Loyalists
C00225,34,17,14086.41,380.71378378378375,72,6,2025-02-10,2026-05-28,506,4,5,5,14,4,Loyal Customers
C00227,32,23,24665.68,425.2703448275862,114,6,2025-04-09,2026-05-30,448,4,5,5,14,4,Loyal Customers
C00228,466,2,542.16,108.43199999999999,9,4,2025-02-10,2025-03-22,506,1,1,1,3,2,At Risk
C00229,37,4,4284.09,535.51125,16,4,2024-09-25,2026-05-25,644,4,2,3,9,6,Potential Loyalists
C00230,362,3,3193.93,319.393,21,5,2024-09-19,2025-07-04,650,1,2,3,6,1,Needs Attention
C00231,314,1,321.91,80.4775,6,3,2025-08-21,2025-08-21,314,1,1,1,3,3,Hibernating
C00232,152,3,963.2199999999999,107.02444444444444,11,5,2025-01-24,2026-01-30,523,2,2,1,5,6,Potential Loyalists
C00233,7,11,14288.09,460.9061290322581,66,6,2024-11-04,2026-06-24,604,5,4,5,14,5,Champions
C00235,24,8,10386.93,451.60565217391303,55,6,2025-03-24,2026-06-07,464,4,4,4,12,4,Loyal Customers
C00236,52,5,2942.84,367.855,17,6,2025-04-27,2026-05-10,430,4,3,3,10,4,Loyal Customers
C00237,4,19,24618.83,492.37660000000005,105,6,2025-06-10,2026-06-27,386,5,5,5,15,4,Loyal Customers
C00238,385,2,1930.2800000000002,482.57000000000005,8,3,2024-12-28,2025-06-11,550,1,1,2,4,1,Needs Attention
C00239,417,3,2021.67,252.70875,15,4,2025-04-01,2025-05-10,456,1,2,2,5,1,Needs Attention
C00240,44,4,1381.87,115.15583333333332,21,6,2026-01-26,2026-05-18,156,4,2,2,8,0,Promising
C00241,13,6,4532.61,251.81166666666664,37,6,2024-05-02,2026-06-18,790,5,3,3,11,6,Potential Loyalists
C00242,592,6,3830.4900000000002,225.3229411764706,33,4,2024-04-21,2024-11-16,801,1,3,3,7,1,Needs Attention
C00244,146,9,7140.98,246.2406896551724,61,6,2024-10-15,2026-02-05,624,2,4,4,10,6,Potential Loyalists
C00245,13,4,3691.03,410.1144444444445,19,5,2025-08-22,2026-06-18,313,5,2,3,10,0,Promising
C00248,359,1,2191.76,547.94,8,3,2025-07-07,2025-07-07,359,1,1,2,4,1,Needs Attention
C00249,45,2,809.0,134.83333333333334,14,5,2025-01-21,2026-05-17,526,4,1,1,6,6,Potential Loyalists
C00250,201,2,1392.51,348.1275,8,1,2025-06-10,2025-12-12,386,2,1,2,5,0,Promising
C00251,128,4,1345.38,168.1725,13,5,2025-09-09,2026-02-23,295,3,2,2,7,0,Promising
C00252,59,7,6548.67,385.2158823529412,38,6,2024-04-26,2026-05-03,796,3,4,4,11,6,Potential Loyalists
C00253,4,19,31256.39,679.4867391304348,84,6,2024-09-10,2026-06-27,659,5,5,5,15,5,Champions
C00254,89,3,2262.98,452.596,12,4,2025-09-12,2026-04-03,292,3,2,2,7,0,Promising
C00255,151,7,7306.92,456.6825,32,5,2024-07-20,2026-01-31,711,2,4,4,10,6,Potential Loyalists
C00256,44,5,3244.4,249.56923076923078,21,6,2025-04-21,2026-05-18,436,4,3,3,10,6,Potential Loyalists
C00257,9,2,1391.1399999999999,231.85666666666665,12,3,2025-06-15,2026-06-22,381,5,1,2,8,0,Promising
C00258,161,3,2100.2,300.0285714285714,16,4,2025-08-10,2026-01-21,325,2,2,2,6,0,Promising
C00259,5,9,9313.07,372.52279999999996,49,6,2025-05-03,2026-06-26,424,5,4,4,13,4,Loyal Customers
C00260,78,20,16071.04,334.81333333333333,96,6,2024-07-09,2026-04-14,722,3,5,5,13,5,Champions
C00261,81,7,13236.8,601.6727272727272,52,6,2025-02-24,2026-04-11,492,3,4,5,12,4,Loyal Customers
C00262,10,9,4006.41,160.25639999999999,48,5,2024-09-13,2026-06-21,656,5,4,3,12,6,Potential Loyalists
C00263,51,6,4585.24,286.5775,36,6,2025-06-03,2026-05-11,393,4,3,3,10,4,Loyal Customers
C00264,101,8,4722.9800000000005,314.86533333333335,33,6,2025-02-15,2026-03-22,501,3,4,3,10,6,Potential Loyalists
C00265,10,8,8496.6,447.18947368421055,41,6,2024-10-29,2026-06-21,610,5,4,4,13,4,Loyal Customers
C00266,1,9,6318.320000000001,274.70956521739134,44,6,2025-08-18,2026-06-30,317,5,4,4,13,4,Loyal Customers
C00267,264,2,995.1700000000001,124.39625000000001,13,5,2025-09-24,2025-10-10,280,2,1,1,4,3,Hibernating
C00268,41,13,7487.95,249.59833333333333,52,6,2024-12-13,2026-05-21,565,4,5,4,13,4,Loyal Customers
C00269,107,8,7617.14,362.7209523809524,46,6,2024-09-20,2026-03-16,649,3,4,4,11,6,Potential Loyalists
C00270,54,4,2132.07,236.89666666666668,19,5,2025-08-06,2026-05-08,329,4,2,2,8,0,Promising
C00271,191,1,187.34,187.34,1,1,2025-12-22,2025-12-22,191,2,1,1,4,3,Hibernating
C00272,255,3,641.9,160.475,10,3,2025-06-16,2025-10-19,380,2,2,1,5,0,Promising
C00273,228,3,2207.2200000000003,735.7400000000001,5,2,2025-06-18,2025-11-15,378,2,2,2,6,0,Promising
C00274,287,2,136.63,68.315,2,2,2025-06-19,2025-09-17,377,2,1,1,4,3,Hibernating
C00275,16,4,1998.2600000000002,222.0288888888889,13,5,2025-11-09,2026-06-15,234,5,2,2,9,0,Promising
C00276,22,9,10955.779999999999,456.4908333333333,50,6,2025-10-08,2026-06-09,266,5,4,4,13,4,Loyal Customers
C00278,134,12,6964.98,204.85235294117646,62,6,2024-05-07,2026-02-17,785,2,4,4,10,6,Potential Loyalists
C00280,74,11,13483.939999999999,499.40518518518513,56,6,2024-08-16,2026-04-18,684,3,4,5,12,5,Champions
C00281,2,9,13071.99,466.8567857142857,62,6,2024-04-19,2026-06-29,803,5,4,5,14,5,Champions
C00283,18,14,20515.2,586.1485714285715,77,6,2025-03-09,2026-06-13,479,5,5,5,15,4,Loyal Customers
C00286,49,3,963.0,192.6,9,4,2025-02-25,2026-05-13,491,4,2,1,7,6,Potential Loyalists
C00287,9,6,3401.41,200.08294117647057,40,6,2024-05-19,2026-06-22,773,5,3,3,11,6,Potential Loyalists
C00288,353,4,766.26,153.252,8,3,2025-02-03,2025-07-13,513,1,2,1,4,2,At Risk
C00289,230,1,255.62,85.20666666666666,6,2,2025-11-13,2025-11-13,230,2,1,1,4,3,Hibernating
C00290,164,2,2620.77,524.154,15,5,2026-01-16,2026-01-18,166,2,1,2,5,0,Promising
C00291,54,8,2523.43,140.19055555555553,35,6,2024-08-19,2026-05-08,681,4,4,2,10,6,Potential Loyalists
C00292,64,1,45.57,45.57,1,1,2026-04-28,2026-04-28,64,3,1,1,5,3,Hibernating
C00293,640,2,1573.08,262.18,9,4,2024-05-19,2024-09-29,773,1,1,2,4,2,At Risk
C00294,41,4,2744.12,457.3533333333333,12,4,2025-03-09,2026-05-21,479,4,2,3,9,4,Loyal Customers
C00295,805,1,527.33,131.8325,9,3,2024-04-17,2024-04-17,805,1,1,1,3,2,At Risk
C00296,28,7,6341.59,352.31055555555554,30,6,2024-08-17,2026-06-03,683,4,4,4,12,6,Potential Loyalists
C00297,47,13,13929.42,464.314,69,6,2025-02-03,2026-05-15,513,4,5,5,14,4,Loyal Customers
C00299,168,3,3385.19,677.038,9,3,2025-07-03,2026-01-14,363,2,2,3,7,0,Promising
C00300,52,9,6828.61,325.1719047619047,39,6,2024-06-30,2026-05-10,731,4,4,4,12,6,Potential Loyalists
C00301,49,3,2571.57,285.73,20,5,2026-01-07,2026-05-13,175,4,2,2,8,0,Promising
C00302,38,5,3423.12,244.50857142857143,32,4,2024-10-19,2026-05-24,620,4,3,3,10,6,Potential Loyalists
C00303,13,13,13018.65,371.96142857142854,69,6,2025-07-19,2026-06-18,347,5,5,5,15,4,Loyal Customers
C00304,156,3,2254.66,563.665,6,3,2025-09-07,2026-01-26,297,2,2,2,6,0,Promising
C00305,711,1,583.18,583.18,1,1,2024-07-20,2024-07-20,711,1,1,1,3,1,Needs Attention
C00306,152,4,4637.67,515.2966666666666,18,4,2024-12-18,2026-01-30,560,2,2,3,7,6,Potential Loyalists
C00307,8,6,3640.91,242.72733333333332,29,6,2024-12-21,2026-06-23,557,5,3,3,11,6,Potential Loyalists
C00308,350,2,2342.39,585.5975,7,3,2025-03-28,2025-07-16,460,1,1,2,4,1,Needs Attention
C00309,166,2,403.33,80.666,13,3,2025-09-17,2026-01-16,287,2,1,1,4,3,Hibernating
C00310,641,2,330.92,110.30666666666667,6,3,2024-06-12,2024-09-28,749,1,1,1,3,2,At Risk
C00311,48,17,21496.87,580.9964864864864,79,6,2025-01-24,2026-05-14,523,4,5,5,14,5,Champions
C00312,64,4,1224.7,244.94,14,4,2025-04-25,2026-04-28,432,3,2,2,7,0,Promising
C00313,77,3,4658.54,423.50363636363636,23,5,2025-02-24,2026-04-15,492,3,2,3,8,6,Potential Loyalists
C00314,25,2,1090.8999999999999,181.81666666666663,15,4,2024-04-23,2026-06-06,799,4,1,1,6,6,Potential Loyalists
C00315,126,2,207.1,103.55,5,1,2025-10-29,2026-02-25,245,3,1,1,5,3,Hibernating
C00316,21,15,12836.62,320.9155,83,6,2024-08-06,2026-06-10,694,5,5,5,15,5,Champions
C00317,19,8,6817.93,358.8384210526316,41,6,2024-09-10,2026-06-12,659,5,4,4,13,6,Potential Loyalists
C00319,41,5,3058.09,203.87266666666667,28,6,2025-09-19,2026-05-21,285,4,3,3,10,0,Promising
C00320,30,5,2105.88,140.392,37,5,2025-05-07,2026-06-01,420,4,3,2,9,6,Potential Loyalists
C00321,21,8,4522.26,282.64125,29,6,2024-06-15,2026-06-10,746,5,4,3,12,6,Potential Loyalists
C00322,6,6,4982.639999999999,452.9672727272727,19,5,2024-05-29,2026-06-25,763,5,3,3,11,6,Potential Loyalists
C00323,14,14,8506.51,212.66275000000002,73,6,2024-05-22,2026-06-17,770,5,5,4,14,5,Champions
C00324,283,1,772.25,257.4166666666667,5,2,2025-09-21,2025-09-21,283,2,1,1,4,0,Promising
C00325,212,5,10356.029999999999,863.0024999999999,24,6,2025-02-10,2025-12-01,506,2,3,4,9,4,Loyal Customers
C00326,4,14,18717.14,492.5563157894737,82,6,2025-09-15,2026-06-27,289,5,5,5,15,4,Loyal Customers
C00327,34,12,18667.33,583.3540625,66,6,2024-07-17,2026-05-28,714,4,4,5,13,5,Champions
C00328,21,7,2540.76,149.4564705882353,34,5,2024-11-18,2026-06-10,590,5,4,2,11,6,Potential Loyalists
C00329,13,18,15494.24,360.33116279069765,80,6,2024-02-26,2026-06-18,856,5,5,5,15,5,Champions
C00330,315,3,1935.81,276.5442857142857,13,5,2025-01-24,2025-08-20,523,1,2,2,5,1,Needs Attention
C00331,33,11,7156.75,298.1979166666667,44,6,2024-02-29,2026-05-29,853,4,4,4,12,5,Champions
C00333,8,3,2547.19,363.88428571428574,14,4,2025-09-17,2026-06-23,287,5,2,2,9,0,Promising
C00334,99,6,5326.22,380.44428571428574,29,6,2024-08-28,2026-03-24,672,3,3,4,10,6,Potential Loyalists
C00336,115,4,1538.24,192.28,16,4,2024-06-13,2026-03-08,748,3,2,2,7,6,Potential Loyalists
C00337,15,10,5220.38,261.019,41,6,2025-04-28,2026-06-16,429,5,4,4,13,4,Loyal Customers
C00338,156,5,3971.6600000000003,264.77733333333333,35,6,2024-06-03,2026-01-26,758,2,3,3,8,6,Potential Loyalists
C00339,17,7,3375.29,168.7645,42,6,2025-02-13,2026-06-14,503,5,4,3,12,6,Potential Loyalists
C00340,111,1,1827.86,913.93,4,2,2026-03-12,2026-03-12,111,3,1,2,6,0,Promising
C00341,11,7,2994.48,230.3446153846154,27,5,2025-04-17,2026-06-20,440,5,4,3,12,6,Potential Loyalists
C00342,38,6,4675.48,359.65230769230766,28,6,2025-08-18,2026-05-24,317,4,3,3,10,4,Loyal Customers
C00344,14,25,24427.13,414.0191525423729,113,6,2025-05-01,2026-06-17,426,5,5,5,15,4,Loyal Customers
C00345,548,2,1065.84,266.46,7,2,2024-12-05,2024-12-30,573,1,1,1,3,2,At Risk
C00346,17,12,16380.36,481.7752941176471,66,6,2025-05-09,2026-06-14,418,5,4,5,14,4,Loyal Customers
C00347,46,4,1355.57,225.9283333333333,14,4,2025-11-17,2026-05-16,226,4,2,2,8,0,Promising
C00348,258,2,233.67,77.89,6,3,2025-10-04,2025-10-16,270,2,1,1,4,3,Hibernating
C00349,29,9,13640.8,620.0363636363636,43,6,2025-10-20,2026-06-02,254,4,4,5,13,4,Loyal Customers
C00350,13,4,4272.99,427.299,24,4,2025-07-10,2026-06-18,356,5,2,3,10,4,Loyal Customers
C00352,103,4,1631.96,181.32888888888888,16,5,2025-07-04,2026-03-20,362,3,2,2,7,0,Promising
C00353,219,2,1584.65,396.1625,7,4,2025-08-19,2025-11-24,316,2,1,2,5,0,Promising
C00354,34,18,12758.91,271.466170212766,89,6,2024-05-26,2026-05-28,766,4,5,5,14,5,Champions
C00355,120,8,10494.06,437.2525,52,6,2025-03-31,2026-03-03,457,3,4,4,11,4,Loyal Customers
C00356,176,1,20.93,20.93,3,1,2026-01-06,2026-01-06,176,2,1,1,4,3,Hibernating
C00358,782,1,1953.6,976.8,4,1,2024-05-10,2024-05-10,782,1,1,2,4,1,Needs Attention
C00359,576,2,1222.26,305.565,8,3,2024-04-28,2024-12-02,794,1,1,1,3,1,Needs Attention
C00360,33,11,16753.2,507.6727272727273,64,6,2025-07-23,2026-05-29,343,4,4,5,13,4,Loyal Customers
C00362,12,14,12138.56,346.816,70,6,2024-07-26,2026-06-19,705,5,5,5,15,5,Champions
C00363,39,6,6053.53,465.6561538461538,29,5,2024-10-12,2026-05-23,627,4,3,4,11,6,Potential Loyalists
C00364,44,2,1774.3600000000001,591.4533333333334,7,3,2025-07-15,2026-05-18,351,4,1,2,7,0,Promising
C00366,99,5,5751.16,383.41066666666666,27,5,2025-08-11,2026-03-24,324,3,3,4,10,4,Loyal Customers
C00368,245,3,2253.31,321.90142857142854,17,5,2025-07-30,2025-10-29,336,2,2,2,6,0,Promising
C00370,561,5,2481.15,248.115,18,6,2024-06-10,2024-12-17,751,1,3,2,6,1,Needs Attention
C00371,14,25,23820.88,433.1069090909091,119,6,2024-06-09,2026-06-17,752,5,5,5,15,5,Champions
C00372,239,2,604.0400000000001,151.01000000000002,10,4,2025-08-13,2025-11-04,322,2,1,1,4,3,Hibernating
C00374,391,2,251.47,125.735,3,2,2025-05-06,2025-06-05,421,1,1,1,3,2,At Risk
C00375,54,12,9188.36,306.2786666666667,68,6,2024-08-04,2026-05-08,696,4,4,4,12,5,Champions
C00376,112,6,2827.59,257.0536363636364,17,5,2024-04-06,2026-03-11,816,3,3,3,9,6,Potential Loyalists
C00377,357,1,690.92,690.92,1,1,2025-07-09,2025-07-09,357,1,1,1,3,0,Promising
C00378,39,18,24329.05,593.3914634146341,77,6,2025-06-25,2026-05-23,371,4,5,5,14,4,Loyal Customers
C00379,45,4,3107.39,282.49,25,5,2025-07-04,2026-05-17,362,4,2,3,9,0,Promising
C00380,13,15,18883.010000000002,484.1797435897436,81,6,2024-05-30,2026-06-18,762,5,5,5,15,5,Champions
C00382,1,20,18708.94,366.8419607843137,105,6,2024-05-29,2026-06-30,763,5,5,5,15,5,Champions
C00385,69,10,5986.73,285.08238095238096,42,6,2024-07-07,2026-04-23,724,3,4,4,11,6,Potential Loyalists
C00386,105,9,8295.48,307.24,51,6,2025-01-04,2026-03-18,543,3,4,4,11,4,Loyal Customers
C00387,93,4,4251.6,354.3,22,4,2025-02-20,2026-03-30,496,3,3,3,9,6,Potential Loyalists
C00388,37,11,12812.72,400.3975,63,6,2025-10-20,2026-05-25,254,4,4,5,13,4,Loyal Customers
C00389,6,9,5531.030000000001,230.45958333333337,45,6,2025-04-19,2026-06-25,438,5,4,4,13,4,Loyal Customers
C00391,274,1,1171.31,390.43666666666667,7,3,2025-09-30,2025-09-30,274,2,1,1,4,0,Promising
C00392,19,13,17593.27,533.1293939393939,70,6,2025-01-21,2026-06-12,526,5,5,5,15,4,Loyal Customers
C00394,42,2,1052.21,210.442,11,3,2025-12-02,2026-05-20,211,4,1,1,6,0,Promising
C00395,139,11,4729.469999999999,225.2128571428571,42,6,2024-10-03,2026-02-12,636,2,4,3,9,6,Potential Loyalists
C00397,201,6,6803.43,485.9592857142857,27,4,2024-11-05,2025-12-12,603,2,3,4,9,6,Potential Loyalists
C00398,18,26,40083.59,636.2474603174603,120,6,2024-12-16,2026-06-13,562,5,5,5,15,5,Champions
C00399,103,13,13849.460000000001,432.79562500000003,57,6,2024-05-12,2026-03-20,780,3,5,5,13,5,Champions
C00400,50,6,5187.78,324.23625,34,6,2025-01-03,2026-05-12,544,4,3,3,10,6,Potential Loyalists
C00401,3,9,5537.73,291.4594736842105,38,6,2024-10-14,2026-06-28,625,5,4,4,13,6,Potential Loyalists
C00402,96,9,4288.01,225.68473684210528,34,5,2024-10-07,2026-03-27,632,3,4,3,10,6,Potential Loyalists
C00404,36,12,8634.66,253.96058823529413,74,6,2024-09-29,2026-05-26,640,4,4,4,12,5,Champions
C00405,80,2,941.02,188.204,6,4,2025-06-12,2026-04-12,384,3,1,1,5,0,Promising
C00406,71,2,2447.96,349.7085714285714,15,4,2025-10-11,2026-04-21,263,3,1,2,6,0,Promising
C00407,870,1,996.54,249.135,9,3,2024-02-12,2024-02-12,870,1,1,1,3,2,At Risk
C00408,31,9,9798.96,426.04173913043473,53,6,2025-04-03,2026-05-31,454,4,4,4,12,4,Loyal Customers
C00409,10,16,20981.71,552.1502631578948,67,6,2024-09-08,2026-06-21,661,5,5,5,15,5,Champions
C00410,29,9,12414.68,459.80296296296297,54,6,2024-07-23,2026-06-02,708,4,4,5,13,5,Champions
C00411,64,3,2820.99,313.4433333333333,16,4,2025-09-10,2026-04-28,294,3,2,3,8,0,Promising
C00412,243,4,2217.15,277.14375,12,5,2024-12-14,2025-10-31,564,2,3,2,7,6,Potential Loyalists
C00413,39,2,1766.23,441.5575,8,4,2024-12-20,2026-05-23,558,4,1,2,7,6,Potential Loyalists
C00414,14,11,5188.58,247.0752380952381,40,6,2024-12-13,2026-06-17,565,5,4,3,12,6,Potential Loyalists
C00415,66,10,8772.73,337.4126923076923,48,5,2024-08-20,2026-04-26,680,3,4,4,11,5,Champions
C00416,575,1,212.09,106.045,3,2,2024-12-03,2024-12-03,575,1,1,1,3,2,At Risk
C00418,23,14,7606.59,245.37387096774194,61,6,2024-05-16,2026-06-08,776,4,5,4,13,5,Champions
C00419,378,5,5314.32,408.7938461538461,32,5,2024-09-03,2025-06-18,666,1,3,4,8,1,Needs Attention
C00420,96,9,5624.76,312.4866666666667,34,6,2025-06-18,2026-03-27,378,3,4,4,11,4,Loyal Customers
C00421,37,24,30488.31,525.6605172413794,107,6,2024-10-15,2026-05-25,624,4,5,5,14,5,Champions
C00422,59,13,6558.38,204.949375,60,6,2024-04-26,2026-05-03,796,3,5,4,12,6,Potential Loyalists
C00423,12,17,22771.04,542.167619047619,81,6,2024-12-05,2026-06-19,573,5,5,5,15,5,Champions
C00424,249,6,4734.17,263.00944444444445,31,6,2025-03-08,2025-10-25,480,2,3,3,8,6,Potential Loyalists
C00425,45,3,2756.69,306.2988888888889,17,5,2024-07-20,2026-05-17,711,4,2,3,9,6,Potential Loyalists
C00426,723,2,603.3299999999999,120.66599999999998,9,4,2024-06-02,2024-07-08,759,1,1,1,3,2,At Risk
C00427,207,12,10269.48,311.1963636363636,62,6,2024-08-14,2025-12-06,686,2,4,4,10,5,Champions
C00428,73,10,5439.6900000000005,217.5876,48,6,2024-04-25,2026-04-19,797,3,4,4,11,6,Potential Loyalists
C00429,408,3,2032.0700000000002,290.2957142857143,15,4,2024-11-10,2025-05-19,598,1,2,2,5,1,Needs Attention
C00430,18,16,16776.16,372.80355555555553,99,6,2024-11-09,2026-06-13,599,5,5,5,15,5,Champions
C00431,87,3,1500.62,166.73555555555555,19,5,2024-10-30,2026-04-05,609,3,2,2,7,6,Potential Loyalists
C00432,122,2,174.22,87.11,4,2,2024-09-19,2026-03-01,650,3,1,1,5,3,Hibernating
C00433,50,8,5944.09,283.0519047619048,44,6,2024-09-01,2026-05-12,668,4,4,4,12,6,Potential Loyalists
C00434,179,2,579.3,144.825,6,3,2025-01-11,2026-01-03,536,2,1,1,4,3,Hibernating
C00435,146,2,2356.82,392.80333333333334,11,4,2026-01-20,2026-02-05,162,2,1,2,5,0,Promising
C00437,2,9,11284.96,512.9527272727272,43,6,2025-04-03,2026-06-29,454,5,4,5,14,4,Loyal Customers
C00438,109,6,4080.49,291.4635714285714,26,5,2024-12-26,2026-03-14,552,3,3,3,9,6,Potential Loyalists
C00439,327,3,962.55,137.50714285714284,19,5,2025-02-09,2025-08-08,507,1,2,1,4,2,At Risk
C00441,186,5,4949.99,329.9993333333333,29,6,2024-07-01,2025-12-27,730,2,3,3,8,6,Potential Loyalists
C00442,34,33,52647.31,566.1001075268817,179,6,2024-11-11,2026-05-28,597,4,5,5,14,5,Champions
C00443,295,2,1996.0,285.14285714285717,15,4,2025-08-08,2025-09-09,327,2,1,2,5,0,Promising
C00444,123,6,4845.82,346.13,33,5,2024-06-20,2026-02-28,741,3,3,3,9,6,Potential Loyalists
C00445,72,1,2052.5,1026.25,6,2,2026-04-20,2026-04-20,72,3,1,2,6,0,Promising
C00446,52,7,4980.7,292.9823529411765,38,6,2025-01-10,2026-05-10,537,4,4,3,11,6,Potential Loyalists
C00447,143,3,2113.8,234.86666666666667,23,6,2025-01-03,2026-02-08,544,2,2,2,6,6,Potential Loyalists
C00448,166,3,1996.8700000000001,285.26714285714286,14,3,2025-06-12,2026-01-16,384,2,2,2,6,0,Promising
C00449,120,8,7182.93,276.26653846153846,48,6,2024-06-06,2026-03-03,755,3,4,4,11,6,Potential Loyalists
C00451,10,6,4201.15,323.1653846153846,26,6,2024-11-16,2026-06-21,592,5,3,3,11,6,Potential Loyalists
C00452,65,12,15867.09,480.8209090909091,62,6,2024-04-07,2026-04-27,815,3,4,5,12,5,Champions
C00453,61,10,6697.28,248.0474074074074,50,6,2025-07-28,2026-05-01,338,3,4,4,11,4,Loyal Customers
C00454,191,3,2132.77,236.97444444444443,17,5,2025-02-11,2025-12-22,505,2,2,2,6,6,Potential Loyalists
C00455,38,5,4482.6900000000005,373.55750000000006,23,6,2026-01-23,2026-05-24,159,4,3,3,10,0,Promising
C00456,41,33,44886.42,554.1533333333333,157,6,2024-02-24,2026-05-21,858,4,5,5,14,5,Champions
C00457,6,38,58639.1,623.8202127659574,175,6,2024-02-24,2026-06-25,858,5,5,5,15,5,Champions
C00459,147,2,1113.8899999999999,222.77799999999996,11,2,2025-03-13,2026-02-04,475,2,1,1,4,0,Promising
C00460,581,4,4873.889999999999,541.5433333333333,21,4,2024-03-02,2024-11-27,851,1,3,3,7,1,Needs Attention
C00461,284,3,2609.25,434.875,11,3,2025-03-08,2025-09-20,480,2,2,2,6,1,Needs Attention
C00462,50,4,2632.91,219.40916666666666,26,4,2026-01-09,2026-05-12,173,4,3,2,9,0,Promising
C00463,163,15,8406.64,210.166,61,6,2024-10-08,2026-01-19,631,2,5,4,11,6,Potential Loyalists
C00464,5,14,14671.720000000001,366.793,80,6,2025-04-19,2026-06-26,438,5,5,5,15,4,Loyal Customers
C00465,131,8,9139.29,507.7383333333334,32,5,2024-08-01,2026-02-20,699,3,4,4,11,5,Champions
C00466,11,13,15995.619999999999,484.71575757575755,65,6,2024-12-27,2026-06-20,551,5,5,5,15,4,Loyal Customers
C00467,461,3,4783.9400000000005,597.9925000000001,16,3,2025-01-31,2025-03-27,516,1,2,3,6,1,Needs Attention
C00469,555,1,139.57,139.57,2,1,2024-12-23,2024-12-23,555,1,1,1,3,2,At Risk
C00470,366,5,5673.68,378.24533333333335,31,6,2024-07-12,2025-06-30,719,1,3,4,8,1,Needs Attention
C00471,784,1,305.38,76.345,10,2,2024-05-08,2024-05-08,784,1,1,1,3,2,At Risk
C00472,801,1,889.08,296.36,8,3,2024-04-21,2024-04-21,801,1,1,1,3,2,At Risk
C00473,242,4,3267.0299999999997,326.703,18,5,2025-05-21,2025-11-01,406,2,3,3,8,0,Promising
C00474,519,4,3045.4700000000003,304.547,18,5,2024-11-05,2025-01-28,603,1,3,3,7,1,Needs Attention
C00475,5,19,12703.29,362.9511428571429,78,6,2025-08-13,2026-06-26,322,5,5,5,15,4,Loyal Customers
C00476,31,10,6033.3,274.2409090909091,50,6,2024-08-28,2026-05-31,672,4,4,4,12,6,Potential Loyalists
C00477,263,4,3508.37,350.837,23,5,2025-07-13,2025-10-11,353,2,3,3,8,0,Promising
C00479,14,5,5574.33,557.433,21,4,2024-12-03,2026-06-17,575,5,3,4,12,4,Loyal Customers
C00480,318,1,717.4599999999999,179.36499999999998,6,3,2025-08-17,2025-08-17,318,1,1,1,3,0,Promising
C00481,256,2,2306.59,461.31800000000004,9,3,2025-06-17,2025-10-18,379,2,1,2,5,0,Promising
C00482,32,2,1423.8,237.29999999999998,8,3,2026-01-23,2026-05-30,159,4,1,2,7,0,Promising
C00484,81,6,6296.18,370.3635294117647,29,6,2025-11-10,2026-04-11,233,3,3,4,10,4,Loyal Customers
C00485,476,3,2470.92,352.98857142857145,12,4,2024-08-10,2025-03-12,690,1,2,2,5,1,Needs Attention
C00486,38,7,2453.8399999999997,163.58933333333331,33,6,2025-06-01,2026-05-24,395,4,4,2,10,6,Potential Loyalists
C00487,183,4,6238.43,445.6021428571429,28,4,2024-05-29,2025-12-30,763,2,3,4,9,6,Potential Loyalists
C00488,247,4,3293.0499999999997,470.43571428571425,17,4,2025-04-05,2025-10-27,452,2,3,3,8,1,Needs Attention
C00489,429,3,362.47,72.494,13,3,2024-09-24,2025-04-28,645,1,2,1,4,2,At Risk
C00490,341,1,365.6,365.6,1,1,2025-07-25,2025-07-25,341,1,1,1,3,0,Promising
C00491,217,3,684.73,171.1825,7,2,2025-08-25,2025-11-26,310,2,2,1,5,0,Promising
C00492,96,10,7495.12,374.756,39,6,2024-04-03,2026-03-27,819,3,4,4,11,5,Champions
C00493,518,2,1271.41,254.282,12,4,2024-03-22,2025-01-29,831,1,1,2,4,1,Needs Attention
C00494,48,13,10415.15,297.5757142857143,69,6,2024-03-26,2026-05-14,827,4,5,4,13,5,Champions
C00495,174,3,1033.71,206.74200000000002,9,4,2025-02-12,2026-01-08,504,2,2,1,5,6,Potential Loyalists
C00496,133,1,787.01,393.505,5,2,2026-02-18,2026-02-18,133,2,1,1,4,0,Promising
C00497,284,1,682.94,227.64666666666668,5,3,2025-09-20,2025-09-20,284,2,1,1,4,0,Promising
C00498,35,33,46096.37,598.6541558441559,150,6,2024-04-16,2026-05-27,806,4,5,5,14,5,Champions
C00499,8,10,11379.02,406.3935714285714,57,6,2024-06-16,2026-06-23,745,5,4,5,14,5,Champions
C00500,132,9,12801.550000000001,457.1982142857143,56,6,2025-05-13,2026-02-19,414,2,4,5,11,4,Loyal Customers
C00501,105,5,2610.6800000000003,261.06800000000004,15,4,2025-03-06,2026-03-18,482,3,3,2,8,6,Potential Loyalists
C00502,90,1,27.87,27.87,2,1,2026-04-02,2026-04-02,90,3,1,1,5,3,Hibernating
C00503,5,17,14560.62,393.5302702702703,69,6,2024-05-15,2026-06-26,777,5,5,5,15,5,Champions
C00504,293,1,397.41999999999996,198.70999999999998,3,2,2025-09-11,2025-09-11,293,2,1,1,4,3,Hibernating
C00505,62,2,504.13,100.826,8,4,2025-06-06,2026-04-30,390,3,1,1,5,3,Hibernating
C00506,43,6,6481.77,381.28058823529415,32,5,2024-12-06,2026-05-19,572,4,3,4,11,6,Potential Loyalists
C00507,69,15,10742.2,346.5225806451613,60,6,2025-05-11,2026-04-23,416,3,5,4,12,4,Loyal Customers
C00509,65,1,490.98,245.49,6,1,2026-04-27,2026-04-27,65,3,1,1,5,0,Promising
C00510,450,3,1477.81,164.20111111111112,13,4,2024-10-15,2025-04-07,624,1,2,2,5,2,At Risk
C00512,58,23,43812.87,663.8313636363637,131,6,2024-04-13,2026-05-04,809,4,5,5,14,5,Champions
C00514,227,3,1475.57,184.44625,17,5,2025-05-01,2025-11-16,426,2,2,2,6,0,Promising
C00515,35,6,4137.67,344.80583333333334,28,6,2025-07-31,2026-05-27,335,4,3,3,10,4,Loyal Customers
C00516,120,15,13363.869999999999,334.09675,74,6,2024-04-16,2026-03-03,806,3,5,5,13,5,Champions
C00517,182,5,5094.860000000001,339.6573333333334,32,5,2024-02-15,2025-12-31,867,2,3,3,8,6,Potential Loyalists
C00518,69,5,2209.65,200.87727272727273,20,5,2025-08-07,2026-04-23,328,3,3,2,8,0,Promising
C00520,93,8,8525.84,387.53818181818184,43,6,2024-11-16,2026-03-30,592,3,4,4,11,4,Loyal Customers
C00523,125,2,326.3,108.76666666666667,7,2,2026-01-14,2026-02-26,168,3,1,1,5,3,Hibernating
C00524,38,11,12633.1,435.6241379310345,57,6,2025-04-06,2026-05-24,451,4,4,5,13,4,Loyal Customers
C00525,15,1,738.76,369.38,4,1,2026-06-16,2026-06-16,15,5,1,1,7,0,Promising
C00526,48,30,28385.010000000002,399.78887323943667,128,6,2024-03-26,2026-05-14,827,4,5,5,14,5,Champions
C00527,14,3,2015.4699999999998,335.91166666666663,13,4,2024-06-04,2026-06-17,757,5,2,2,9,6,Potential Loyalists
C00529,3,12,13290.57,402.74454545454546,70,6,2024-02-27,2026-06-28,855,5,4,5,14,5,Champions
C00530,375,4,2862.93,260.2663636363636,18,4,2024-09-16,2025-06-21,653,1,3,3,7,1,Needs Attention
C00531,488,1,593.6999999999999,296.84999999999997,6,2,2025-02-28,2025-02-28,488,1,1,1,3,2,At Risk
C00533,364,4,4302.57,717.0949999999999,13,3,2024-09-06,2025-07-02,663,1,3,3,7,1,Needs Attention
C00534,91,6,3351.44,223.42933333333335,27,5,2025-03-24,2026-04-01,464,3,3,3,9,6,Potential Loyalists
C00535,46,6,10960.81,548.0405,44,6,2025-08-28,2026-05-16,307,4,3,4,11,4,Loyal Customers
C00536,4,43,48881.4,465.5371428571429,184,6,2024-02-13,2026-06-27,869,5,5,5,15,5,Champions
C00538,51,4,1445.62,144.56199999999998,18,5,2025-11-26,2026-05-11,217,4,3,2,9,0,Promising
C00540,503,1,60.83,60.83,3,1,2025-02-13,2025-02-13,503,1,1,1,3,2,At Risk
C00541,114,6,2117.34,132.33375,33,5,2024-05-27,2026-03-09,765,3,3,2,8,6,Potential Loyalists
C00542,3,6,1954.64,114.97882352941177,36,6,2025-07-04,2026-06-28,362,5,3,2,10,6,Potential Loyalists
C00543,10,6,5602.03,373.46866666666665,32,6,2025-09-30,2026-06-21,274,5,3,4,12,4,Loyal Customers
C00544,395,3,4269.64,609.9485714285714,16,4,2024-10-23,2025-06-01,616,1,2,3,6,1,Needs Attention
C00545,252,3,1043.31,130.41375,15,5,2025-07-12,2025-10-22,354,2,2,1,5,3,Hibernating
C00546,703,1,861.0999999999999,287.0333333333333,4,3,2024-07-28,2024-07-28,703,1,1,1,3,2,At Risk
C00547,51,4,3576.33,397.37,19,4,2025-01-07,2026-05-11,540,4,3,3,10,6,Potential Loyalists
C00548,9,19,29771.760000000002,572.5338461538462,105,6,2024-06-28,2026-06-22,733,5,5,5,15,5,Champions
C00549,23,11,18192.65,758.0270833333334,45,6,2025-07-25,2026-06-08,341,4,4,5,13,4,Loyal Customers
C00550,54,2,2690.55,448.425,15,4,2025-11-20,2026-05-08,223,4,1,3,8,0,Promising
C00552,172,12,4457.82,193.8182608695652,46,5,2024-07-22,2026-01-10,709,2,4,3,9,6,Potential Loyalists
C00553,242,8,6501.2,406.325,37,6,2024-09-19,2025-11-01,650,2,4,4,10,6,Potential Loyalists
C00554,416,4,1253.78,208.96333333333334,11,4,2024-05-29,2025-05-11,763,1,3,2,6,1,Needs Attention
C00555,291,5,3079.37,205.2913333333333,32,6,2024-04-27,2025-09-13,795,2,3,3,8,6,Potential Loyalists
C00556,435,9,8538.08,388.0945454545454,42,6,2024-06-13,2025-04-22,748,1,4,4,9,1,Needs Attention
C00557,133,2,193.12,96.56,3,2,2025-12-05,2026-02-18,208,2,1,1,4,3,Hibernating
C00558,280,2,3749.31,535.6157142857143,16,5,2025-06-24,2025-09-24,372,2,1,3,6,0,Promising
C00559,59,4,5886.91,654.1011111111111,19,4,2025-05-11,2026-05-03,416,3,3,4,10,4,Loyal Customers
C00561,446,4,5272.33,659.04125,18,4,2024-08-09,2025-04-11,691,1,3,4,8,1,Needs Attention
C00562,7,2,192.99,96.495,3,2,2025-11-11,2026-06-24,232,5,1,1,7,3,Hibernating
C00563,33,4,4390.780000000001,439.0780000000001,18,6,2025-10-24,2026-05-29,250,4,3,3,10,0,Promising
C00564,111,2,1068.6399999999999,213.72799999999998,9,4,2025-08-15,2026-03-12,320,3,1,1,5,0,Promising
C00565,18,13,17757.06,507.34457142857144,67,6,2025-06-29,2026-06-13,367,5,5,5,15,4,Loyal Customers
C00566,376,1,378.65999999999997,189.32999999999998,5,2,2025-06-20,2025-06-20,376,1,1,1,3,2,At Risk
C00567,343,4,1993.97,181.27,21,5,2025-01-10,2025-07-23,537,1,3,2,6,1,Needs Attention
C00568,40,11,7525.97,313.58208333333334,52,6,2025-07-27,2026-05-22,339,4,4,4,12,4,Loyal Customers
C00571,110,4,1559.18,155.918,20,4,2024-11-16,2026-03-13,592,3,3,2,8,6,Potential Loyalists
C00572,26,18,28571.43,583.0904081632654,92,6,2025-08-05,2026-06-05,330,4,5,5,14,4,Loyal Customers
C00573,318,5,4767.97,264.88722222222225,31,5,2024-12-25,2025-08-17,553,1,3,3,7,1,Needs Attention
C00575,534,4,3509.61,389.9566666666667,20,4,2024-07-20,2025-01-13,711,1,3,3,7,1,Needs Attention
C00576,1,17,21145.6,528.64,81,6,2025-03-11,2026-06-30,477,5,5,5,15,4,Loyal Customers
C00577,8,4,3413.4,341.34000000000003,18,5,2026-02-04,2026-06-23,147,5,3,3,11,0,Promising
C00578,65,3,717.5999999999999,119.59999999999998,11,4,2025-05-31,2026-04-27,396,3,2,1,6,3,Hibernating
C00579,683,1,1494.53,373.6325,7,4,2024-08-17,2024-08-17,683,1,1,2,4,1,Needs Attention
C00581,30,1,594.2,594.2,1,1,2026-06-01,2026-06-01,30,4,1,1,6,0,Promising
C00582,225,11,7542.59,314.27458333333334,43,6,2024-09-05,2025-11-18,664,2,4,4,10,6,Potential Loyalists
C00583,95,2,909.3199999999999,227.32999999999998,8,3,2025-08-30,2026-03-28,305,3,1,1,5,0,Promising
C00584,17,9,9274.03,463.7015,40,5,2025-06-05,2026-06-14,391,5,4,4,13,4,Loyal Customers
C00585,175,6,3811.48,381.148,19,6,2025-09-09,2026-01-07,295,2,3,3,8,0,Promising
C00586,40,3,4671.42,519.0466666666666,17,6,2024-08-28,2026-05-22,672,4,2,3,9,6,Potential Loyalists
C00587,307,2,1415.13,707.565,3,2,2025-08-17,2025-08-28,318,1,1,2,4,0,Promising
C00588,418,4,1749.6100000000001,159.05545454545455,22,4,2024-12-20,2025-05-09,558,1,3,2,6,2,At Risk
C00589,37,9,2898.75,144.9375,40,6,2024-05-04,2026-05-25,788,4,4,3,11,6,Potential Loyalists
C00590,64,9,6220.09,270.4386956521739,45,6,2025-08-23,2026-04-28,312,3,4,4,11,4,Loyal Customers
C00591,54,4,2334.45,212.22272727272727,20,5,2025-07-05,2026-05-08,361,4,3,2,9,0,Promising
C00592,89,8,5861.71,244.23791666666668,46,6,2024-11-26,2026-04-03,582,3,4,4,11,6,Potential Loyalists
C00593,39,6,11120.6,654.1529411764706,35,6,2025-08-20,2026-05-23,315,4,3,4,11,4,Loyal Customers
C00594,16,28,41694.84,613.1594117647059,149,6,2024-05-11,2026-06-15,781,5,5,5,15,5,Champions
C00595,266,3,2701.6400000000003,337.70500000000004,18,5,2024-06-21,2025-10-08,740,2,2,3,7,1,Needs Attention
C00596,11,12,7383.4400000000005,263.69428571428574,59,6,2024-12-07,2026-06-20,571,5,4,4,13,4,Loyal Customers
C00597,172,3,2443.92,305.49,15,5,2025-01-01,2026-01-10,546,2,2,2,6,6,Potential Loyalists
C00598,286,1,1006.0899999999999,251.52249999999998,8,3,2025-09-18,2025-09-18,286,2,1,1,4,0,Promising
C00599,660,3,276.84000000000003,55.36800000000001,9,4,2024-04-29,2024-09-09,793,1,2,1,4,2,At Risk
C00600,243,1,30.54,30.54,1,1,2025-10-31,2025-10-31,243,2,1,1,4,3,Hibernating
C00601,79,3,5027.18,558.5755555555556,21,5,2025-03-16,2026-04-13,472,3,2,3,8,4,Loyal Customers
C00603,358,2,3031.01,606.202,12,4,2025-06-13,2025-07-08,383,1,1,3,5,1,Needs Attention
C00604,161,1,115.39999999999999,57.699999999999996,2,2,2026-01-21,2026-01-21,161,2,1,1,4,3,Hibernating
C00605,119,5,5034.48,457.67999999999995,24,6,2024-09-11,2026-03-04,658,3,3,3,9,6,Potential Loyalists
C00608,11,7,12828.800000000001,610.8952380952381,42,6,2024-12-17,2026-06-20,561,5,4,5,14,4,Loyal Customers
C00609,447,1,454.3,151.43333333333334,3,2,2025-04-10,2025-04-10,447,1,1,1,3,2,At Risk
C00610,106,7,4292.13,252.47823529411767,30,6,2024-11-11,2026-03-17,597,3,4,3,10,6,Potential Loyalists
C00611,28,8,9772.48,375.8646153846154,59,5,2024-08-18,2026-06-03,682,4,4,4,12,5,Champions
C00612,47,7,5930.549999999999,370.65937499999995,35,6,2025-09-16,2026-05-15,288,4,4,4,12,4,Loyal Customers
C00613,150,1,188.3,94.15,4,2,2026-02-01,2026-02-01,150,2,1,1,4,3,Hibernating
C00615,538,1,642.3,321.15,2,2,2025-01-09,2025-01-09,538,1,1,1,3,2,At Risk
C00617,186,2,1192.92,238.584,10,3,2025-08-28,2025-12-27,307,2,1,1,4,0,Promising
C00618,21,16,17910.96,426.45142857142855,94,6,2024-11-19,2026-06-10,589,5,5,5,15,5,Champions
C00619,313,2,3258.29,407.28625,17,5,2025-05-24,2025-08-22,403,1,1,3,5,1,Needs Attention
C00621,8,25,44705.57,612.4050684931507,145,6,2024-09-23,2026-06-23,646,5,5,5,15,5,Champions
C00622,109,3,3691.36,369.136,20,5,2024-12-10,2026-03-14,568,3,2,3,8,6,Potential Loyalists
C00623,282,4,1797.3600000000001,179.73600000000002,15,6,2024-12-22,2025-09-22,556,2,3,2,7,6,Potential Loyalists
C00624,257,6,4265.2,387.74545454545455,22,5,2025-05-24,2025-10-17,403,2,3,3,8,4,Loyal Customers
C00626,28,20,21314.8,444.05833333333334,88,6,2024-03-26,2026-06-03,827,4,5,5,14,5,Champions
C00627,27,33,46833.5,585.41875,147,6,2024-06-14,2026-06-04,747,4,5,5,14,5,Champions
C00628,90,1,1350.05,1350.05,2,1,2026-04-02,2026-04-02,90,3,1,2,6,0,Promising
C00629,168,2,2531.79,506.358,11,3,2025-07-28,2026-01-14,338,2,1,2,5,0,Promising
C00630,405,2,820.98,273.66,9,3,2024-10-15,2025-05-22,624,1,1,1,3,1,Needs Attention
C00632,81,8,9178.11,437.0528571428572,41,6,2025-09-04,2026-04-11,300,3,4,4,11,4,Loyal Customers
C00633,153,5,4828.34,284.02,26,6,2024-06-20,2026-01-29,741,2,3,3,8,6,Potential Loyalists
C00634,2,2,1483.0900000000001,185.38625000000002,13,5,2025-09-25,2026-06-29,279,5,1,2,8,0,Promising
C00635,312,3,778.11,194.5275,7,3,2025-01-11,2025-08-23,536,1,2,1,4,2,At Risk
C00636,147,2,371.40999999999997,74.282,10,4,2025-10-21,2026-02-04,253,2,1,1,4,3,Hibernating
C00638,27,5,3160.9900000000002,210.7326666666667,32,6,2024-11-28,2026-06-04,580,4,3,3,10,6,Potential Loyalists
C00639,30,10,5149.95,234.08863636363637,51,6,2024-12-25,2026-06-01,553,4,4,3,11,6,Potential Loyalists
C00640,31,22,37994.26,703.5974074074074,120,6,2025-03-03,2026-05-31,485,4,5,5,14,5,Champions
C00641,177,1,2861.6600000000003,715.4150000000001,8,4,2026-01-05,2026-01-05,177,2,1,3,6,0,Promising
C00643,42,7,6772.68,483.7628571428572,32,5,2025-09-29,2026-05-20,275,4,4,4,12,4,Loyal Customers
C00644,40,19,25930.3,551.7085106382979,91,6,2024-10-18,2026-05-22,621,4,5,5,14,5,Champions
C00645,294,4,3272.7,363.6333333333333,16,6,2025-05-07,2025-09-10,420,2,3,3,8,1,Needs Attention
C00646,23,13,17326.79,422.6046341463415,81,6,2025-05-11,2026-06-08,416,4,5,5,14,4,Loyal Customers
C00647,19,28,35693.72,549.1341538461538,126,6,2024-11-19,2026-06-12,589,5,5,5,15,5,Champions
C00648,137,4,2075.44,159.64923076923077,26,5,2025-09-11,2026-02-14,293,2,3,2,7,0,Promising
C00649,449,1,705.44,705.44,1,1,2025-04-08,2025-04-08,449,1,1,1,3,1,Needs Attention
C00650,69,13,16191.910000000002,476.2326470588236,76,6,2024-05-27,2026-04-23,765,3,5,5,13,5,Champions
C00651,234,3,1259.23,179.89000000000001,14,6,2025-02-28,2025-11-09,488,2,2,2,6,6,Potential Loyalists
C00652,45,5,5027.95,359.1392857142857,32,6,2024-10-05,2026-05-17,634,4,3,3,10,6,Potential Loyalists
C00653,46,5,4891.72,376.28615384615387,27,6,2025-09-20,2026-05-16,284,4,3,3,10,4,Loyal Customers
C00654,244,2,1139.24,284.81,9,3,2025-08-03,2025-10-30,332,2,1,1,4,0,Promising
C00655,2,26,29749.1,424.9871428571428,149,6,2024-06-14,2026-06-29,747,5,5,5,15,5,Champions
C00656,46,13,17242.37,538.8240625,68,6,2025-01-08,2026-05-16,539,4,5,5,14,4,Loyal Customers
C00657,378,2,385.42,128.47333333333333,5,2,2024-12-04,2025-06-18,574,1,1,1,3,2,At Risk
C00658,516,2,156.69,78.345,4,2,2024-08-17,2025-01-31,683,1,1,1,3,2,At Risk
C00659,419,2,1431.02,477.00666666666666,6,3,2025-03-04,2025-05-08,484,1,1,2,4,1,Needs Attention
C00660,48,9,8584.38,476.90999999999997,42,6,2025-07-14,2026-05-14,352,4,4,4,12,4,Loyal Customers
C00661,234,2,2103.3,262.9125,20,5,2025-09-29,2025-11-09,275,2,1,2,5,0,Promising
C00662,124,12,8390.130000000001,364.78826086956525,45,6,2024-06-20,2026-02-27,741,3,4,4,11,5,Champions
C00663,54,25,30085.0,527.8070175438596,124,6,2024-10-20,2026-05-08,619,4,5,5,14,5,Champions
C00664,107,4,1626.93,125.14846153846155,27,6,2026-01-13,2026-03-16,169,3,3,2,8,0,Promising
C00665,71,12,15913.93,497.3103125,62,6,2024-12-18,2026-04-21,560,3,4,5,12,4,Loyal Customers
C00667,40,28,34280.090000000004,489.7155714285715,146,6,2025-02-11,2026-05-22,505,4,5,5,14,5,Champions
C00668,64,4,404.9,57.84285714285714,12,4,2025-11-07,2026-04-28,236,3,3,1,7,3,Hibernating
C00669,49,4,3105.1,258.7583333333333,23,5,2025-11-28,2026-05-13,215,4,3,3,10,0,Promising
C00670,1,31,41622.13,547.6596052631579,151,6,2024-06-17,2026-06-30,744,5,5,5,15,5,Champions
C00671,33,15,14506.35,402.95416666666665,74,6,2024-02-16,2026-05-29,866,4,5,5,14,5,Champions
C00672,101,2,277.37,138.685,3,2,2025-07-27,2026-03-22,339,3,1,1,5,3,Hibernating
C00673,94,3,1554.76,222.10857142857142,15,5,2025-08-12,2026-03-29,323,3,2,2,7,0,Promising
C00675,80,7,4598.8,328.4857142857143,30,5,2025-05-27,2026-04-12,400,3,4,3,10,4,Loyal Customers
C00676,109,5,4197.01,466.33444444444444,16,5,2024-10-12,2026-03-14,627,3,3,3,9,6,Potential Loyalists
C00677,50,10,4186.07,190.27590909090907,39,6,2024-08-10,2026-05-12,690,4,4,3,11,6,Potential Loyalists
C00681,386,1,72.59,72.59,1,1,2025-06-10,2025-06-10,386,1,1,1,3,3,Hibernating
C00682,158,6,2211.71,157.9792857142857,28,5,2024-05-06,2026-01-24,786,2,3,2,7,6,Potential Loyalists
C00683,24,6,3125.9,208.39333333333335,28,4,2025-08-11,2026-06-07,324,4,3,3,10,0,Promising
C00684,31,36,60779.68,653.5449462365591,192,6,2024-04-22,2026-05-31,800,4,5,5,14,5,Champions
C00685,241,1,340.48,170.24,3,2,2025-11-02,2025-11-02,241,2,1,1,4,3,Hibernating
C00687,217,2,523.72,104.744,10,3,2025-09-24,2025-11-26,280,2,1,1,4,3,Hibernating
C00688,2,33,41166.72,579.8129577464789,139,6,2024-09-11,2026-06-29,658,5,5,5,15,5,Champions
C00689,61,7,3294.92,219.66133333333335,29,6,2024-05-17,2026-05-01,775,3,4,3,10,6,Potential Loyalists
C00690,78,6,3878.7,242.41875,37,6,2025-04-28,2026-04-14,429,3,3,3,9,6,Potential Loyalists
C00691,524,4,2515.06,279.4511111111111,18,5,2024-05-09,2025-01-23,783,1,3,2,6,1,Needs Attention
C00692,24,8,16940.64,847.0319999999999,39,6,2025-10-10,2026-06-07,264,4,4,5,13,4,Loyal Customers
C00693,37,4,1948.4199999999998,194.84199999999998,21,4,2025-10-31,2026-05-25,243,4,3,2,9,0,Promising
C00694,6,25,48968.25,627.7980769230769,162,6,2024-08-16,2026-06-25,684,5,5,5,15,5,Champions
C00695,273,2,2601.64,650.41,7,4,2025-09-18,2025-10-01,286,2,1,2,5,0,Promising
C00696,27,12,11339.08,391.00275862068963,59,6,2024-10-01,2026-06-04,638,4,5,5,14,5,Champions
C00697,49,12,12185.35,406.17833333333334,50,6,2024-03-17,2026-05-13,836,4,5,5,14,5,Champions
C00699,261,1,530.85,132.7125,8,3,2025-10-13,2025-10-13,261,2,1,1,4,3,Hibernating
C00700,490,3,1337.1799999999998,191.02571428571426,14,5,2024-09-26,2025-02-26,643,1,2,2,5,2,At Risk
C00701,22,26,20832.26,285.3734246575342,140,6,2024-03-03,2026-06-09,850,5,5,5,15,5,Champions
C00703,253,3,1310.05,187.15,13,5,2024-08-02,2025-10-21,698,2,2,2,6,6,Potential Loyalists
C00704,8,12,8994.9,310.16896551724136,63,6,2025-01-27,2026-06-23,520,5,5,4,14,4,Loyal Customers
C00705,11,7,9418.21,523.2338888888888,39,5,2024-08-17,2026-06-20,683,5,4,4,13,5,Champions
C00706,62,5,5940.89,594.089,26,5,2024-07-27,2026-04-30,704,3,3,4,10,6,Potential Loyalists
C00707,288,3,3482.73,497.53285714285715,17,4,2025-05-24,2025-09-16,403,2,2,3,7,1,Needs Attention
C00710,30,8,6813.3,296.2304347826087,48,6,2024-05-31,2026-06-01,761,4,4,4,12,6,Potential Loyalists
C00711,223,3,3342.1699999999996,417.77124999999995,17,4,2025-02-27,2025-11-20,489,2,2,3,7,1,Needs Attention
C00712,354,5,5783.349999999999,413.09642857142853,28,6,2024-10-18,2025-07-12,621,1,3,4,8,1,Needs Attention
C00713,1,18,16908.899999999998,375.7533333333333,88,6,2024-04-13,2026-06-30,809,5,5,5,15,5,Champions
C00714,112,3,4259.88,532.485,17,5,2025-10-17,2026-03-11,257,3,2,3,8,0,Promising
C00715,506,1,1256.49,418.83,5,3,2025-02-10,2025-02-10,506,1,1,2,4,1,Needs Attention
C00716,168,3,1750.3100000000002,291.71833333333336,13,5,2024-09-29,2026-01-14,640,2,2,2,6,6,Potential Loyalists
C00717,62,18,23926.55,498.46979166666665,100,6,2024-06-01,2026-04-30,760,3,5,5,13,5,Champions
C00719,120,3,2617.79,290.86555555555555,13,4,2025-02-07,2026-03-03,509,3,2,2,7,6,Potential Loyalists
C00720,246,3,1418.02,202.5742857142857,15,4,2025-06-30,2025-10-28,366,2,2,2,6,0,Promising
C00721,488,6,1879.77,125.318,27,5,2024-09-30,2025-02-28,639,1,3,2,6,2,At Risk
C00722,319,4,3096.26,258.0216666666667,20,6,2025-04-26,2025-08-16,431,1,3,3,7,1,Needs Attention
C00723,688,1,337.06,168.53,4,1,2024-08-12,2024-08-12,688,1,1,1,3,2,At Risk
C00724,22,11,13202.14,574.0060869565217,45,6,2025-01-08,2026-06-09,539,5,4,5,14,4,Loyal Customers
C00726,66,2,1456.74,485.58,6,2,2026-01-15,2026-04-26,167,3,1,2,6,0,Promising
C00727,238,3,1948.44,324.74,13,5,2025-08-28,2025-11-05,307,2,2,2,6,0,Promising
C00729,70,34,57236.8,622.1391304347826,196,6,2024-05-02,2026-04-22,790,3,5,5,13,5,Champions
C00730,177,3,1326.96,189.56571428571428,14,4,2025-01-10,2026-01-05,537,2,2,2,6,6,Potential Loyalists
C00731,19,20,22455.95,431.84519230769234,97,6,2024-11-16,2026-06-12,592,5,5,5,15,5,Champions
C00732,51,2,1294.19,258.838,9,4,2024-12-13,2026-05-11,565,4,1,2,7,6,Potential Loyalists
C00733,82,12,13330.72,476.09714285714284,61,6,2024-11-15,2026-04-10,593,3,5,5,13,5,Champions
C00734,509,5,3290.98,253.1523076923077,24,6,2024-04-19,2025-02-07,803,1,3,3,7,1,Needs Attention
C00735,95,4,1012.58,92.05272727272728,18,4,2024-12-05,2026-03-28,573,3,3,1,7,6,Potential Loyalists
C00736,11,10,8561.5,450.60526315789474,36,6,2025-08-05,2026-06-20,330,5,4,4,13,4,Loyal Customers
C00737,220,1,1695.27,847.635,4,2,2025-11-23,2025-11-23,220,2,1,2,5,0,Promising
C00738,4,8,3639.66,202.20333333333332,34,5,2025-08-31,2026-06-27,304,5,4,3,12,4,Loyal Customers
C00739,23,32,43715.79,553.3644303797469,160,6,2024-08-11,2026-06-08,689,4,5,5,14,5,Champions
C00740,155,8,9200.64,438.12571428571425,40,6,2025-08-26,2026-01-27,309,2,4,4,10,4,Loyal Customers
C00741,62,6,5826.98,448.22923076923075,24,5,2024-12-24,2026-04-30,554,3,3,4,10,4,Loyal Customers
C00743,19,4,2456.5899999999997,272.9544444444444,17,5,2025-12-01,2026-06-12,212,5,3,2,10,0,Promising
C00745,18,3,2433.46,270.38444444444445,13,5,2025-11-09,2026-06-13,234,5,2,2,9,0,Promising
C00747,11,12,10971.1,342.846875,58,6,2024-04-16,2026-06-20,806,5,5,4,14,5,Champions
C00748,65,6,4756.77,339.76928571428573,32,6,2025-11-04,2026-04-27,239,3,3,3,9,4,Loyal Customers
C00749,417,1,109.59,109.59,1,1,2025-05-10,2025-05-10,417,1,1,1,3,2,At Risk
C00751,16,32,33357.07,438.9088157894737,151,6,2024-02-25,2026-06-15,857,5,5,5,15,5,Champions
C00752,43,8,3859.76,175.4436363636364,44,6,2024-12-24,2026-05-19,554,4,4,3,11,6,Potential Loyalists
C00755,19,9,7250.59,278.86884615384616,48,6,2025-06-26,2026-06-12,370,5,4,4,13,4,Loyal Customers
C00756,288,4,1165.8000000000002,116.58000000000001,19,5,2025-05-11,2025-09-16,416,2,3,1,6,2,At Risk
C00757,17,14,16517.73,471.93514285714286,73,6,2024-05-05,2026-06-14,787,5,5,5,15,5,Champions
C00758,346,4,1835.1100000000001,262.15857142857146,17,4,2024-09-25,2025-07-20,644,1,3,2,6,1,Needs Attention
C00759,183,1,1343.66,447.8866666666667,5,2,2025-12-30,2025-12-30,183,2,1,2,5,0,Promising
C00761,24,12,10526.550000000001,328.95468750000003,57,6,2025-06-08,2026-06-07,388,4,5,4,13,4,Loyal Customers
C00763,73,1,808.52,202.13,9,3,2026-04-19,2026-04-19,73,3,1,1,5,0,Promising
C00765,43,12,16756.79,465.4663888888889,78,6,2025-02-02,2026-05-19,514,4,5,5,14,4,Loyal Customers
C00767,153,6,2883.15,160.175,37,5,2024-04-05,2026-01-29,817,2,3,3,8,6,Potential Loyalists
C00768,104,11,16552.48,447.3643243243243,77,6,2025-01-23,2026-03-19,524,3,4,5,12,4,Loyal Customers
C00769,11,18,21842.09,496.4111363636364,92,6,2025-05-01,2026-06-20,426,5,5,5,15,4,Loyal Customers
C00770,10,40,46954.23,533.5707954545455,168,6,2024-04-15,2026-06-21,807,5,5,5,15,5,Champions
C00771,24,12,10748.91,346.7390322580645,56,6,2024-10-27,2026-06-07,612,4,5,4,13,5,Champions
C00772,14,8,11973.68,570.1752380952381,49,5,2025-01-22,2026-06-17,525,5,4,5,14,4,Loyal Customers
C00774,97,9,9281.76,403.5547826086957,40,6,2025-04-06,2026-03-26,451,3,4,4,11,4,Loyal Customers
C00775,17,15,10811.56,300.3211111111111,68,6,2024-12-12,2026-06-14,566,5,5,4,14,5,Champions
C00777,137,2,1224.31,204.05166666666665,12,4,2025-12-04,2026-02-14,209,2,1,2,5,0,Promising
C00778,5,21,27086.76,467.01310344827584,117,6,2025-03-22,2026-06-26,466,5,5,5,15,4,Loyal Customers
C00780,508,5,2865.9,220.45384615384617,29,6,2024-09-11,2025-02-08,658,1,3,3,7,1,Needs Attention
C00781,5,22,35061.32,687.4768627450981,103,6,2025-02-27,2026-06-26,489,5,5,5,15,5,Champions
C00782,218,3,1771.25,253.03571428571428,14,3,2024-04-11,2025-11-25,811,2,2,2,6,6,Potential Loyalists
C00783,329,2,851.8599999999999,141.97666666666666,8,4,2025-02-09,2025-08-06,507,1,1,1,3,2,At Risk
C00784,199,1,3368.68,1122.8933333333332,7,2,2025-12-14,2025-12-14,199,2,1,3,6,0,Promising
C00785,155,13,12292.380000000001,396.5283870967742,68,6,2024-04-15,2026-01-27,807,2,5,5,12,5,Champions
C00786,43,9,4392.88,231.2042105263158,36,6,2024-10-13,2026-05-19,626,4,4,3,11,6,Potential Loyalists
C00787,202,5,7868.16,524.544,26,5,2025-05-17,2025-12-11,410,2,3,4,9,4,Loyal Customers
C00788,28,15,24243.2,527.0260869565218,95,6,2025-04-07,2026-06-03,450,4,5,5,14,4,Loyal Customers
C00789,184,1,179.62,179.62,3,1,2025-12-29,2025-12-29,184,2,1,1,4,3,Hibernating
C00790,424,3,2429.52,269.94666666666666,18,5,2025-02-01,2025-05-03,515,1,2,2,5,1,Needs Attention
C00791,437,3,4574.23,571.77875,10,2,2024-02-05,2025-04-20,877,1,2,3,6,1,Needs Attention
C00792,276,1,23.68,23.68,3,1,2025-09-28,2025-09-28,276,2,1,1,4,3,Hibernating
C00793,29,2,1273.0,318.25,11,3,2025-05-19,2026-06-02,408,4,1,2,7,0,Promising
C00794,265,5,5390.93,359.3953333333333,34,6,2025-06-11,2025-10-09,385,2,3,4,9,0,Promising
C00795,12,12,4606.67,184.2668,46,6,2024-07-20,2026-06-19,711,5,5,3,13,6,Potential Loyalists
C00796,19,27,25318.36,383.61151515151516,116,6,2024-07-03,2026-06-12,728,5,5,5,15,5,Champions
C00797,133,5,9454.88,630.3253333333333,30,6,2025-02-02,2026-02-18,514,2,3,4,9,4,Loyal Customers
C00798,99,4,5235.82,523.582,20,5,2025-07-13,2026-03-24,353,3,3,4,10,4,Loyal Customers
C00799,18,10,8546.45,305.23035714285714,58,6,2024-12-25,2026-06-13,553,5,4,4,13,4,Loyal Customers
C00800,5,9,10997.17,458.21541666666667,50,6,2025-01-24,2026-06-26,523,5,4,4,13,4,Loyal Customers
C00802,108,22,11091.26,201.65927272727274,102,6,2024-07-04,2026-03-15,727,3,5,4,12,5,Champions
C00803,44,21,32586.13,708.3941304347826,96,6,2024-10-16,2026-05-18,623,4,5,5,14,5,Champions
C00804,182,2,1403.58,280.716,10,3,2025-09-04,2025-12-31,300,2,1,2,5,0,Promising
C00805,341,1,605.38,201.79333333333332,4,3,2025-07-25,2025-07-25,341,1,1,1,3,2,At Risk
C00806,106,13,9813.8,316.5741935483871,71,6,2024-06-02,2026-03-17,759,3,5,4,12,5,Champions
C00807,108,8,2895.64,160.86888888888888,32,5,2024-04-01,2026-03-15,821,3,4,3,10,6,Potential Loyalists
C00808,109,2,717.98,179.495,9,3,2026-02-08,2026-03-14,143,3,1,1,5,0,Promising
C00809,29,18,17543.75,350.875,102,6,2024-04-20,2026-06-02,802,4,5,5,14,5,Champions
C00810,348,4,6204.46,564.0418181818181,24,5,2025-02-21,2025-07-18,495,1,3,4,8,1,Needs Attention
C00812,41,11,6790.17,242.50607142857143,52,6,2024-09-26,2026-05-21,643,4,4,4,12,6,Potential Loyalists
C00813,44,2,150.32,75.16,4,2,2026-02-20,2026-05-18,131,4,1,1,6,3,Hibernating
C00814,353,6,7291.76,428.9270588235294,33,5,2024-06-26,2025-07-13,735,1,3,4,8,1,Needs Attention
C00815,10,43,66822.8,613.0532110091743,225,6,2024-02-14,2026-06-21,868,5,5,5,15,5,Champions
C00816,21,13,6914.23,203.35970588235293,58,6,2024-06-03,2026-06-10,758,5,5,4,14,6,Potential Loyalists
C00817,192,1,727.41,181.8525,10,2,2025-12-21,2025-12-21,192,2,1,1,4,0,Promising
C00818,88,4,3800.42,316.70166666666665,24,4,2025-06-07,2026-04-04,389,3,3,3,9,0,Promising
C00819,32,30,36754.32,510.4766666666667,144,6,2024-03-13,2026-05-30,840,4,5,5,14,5,Champions
C00820,7,29,28357.76,410.9820289855072,131,6,2024-03-16,2026-06-24,837,5,5,5,15,5,Champions
C00821,313,2,914.11,130.58714285714285,14,4,2025-02-06,2025-08-22,510,1,1,1,3,2,At Risk
C00822,12,6,5246.66,262.33299999999997,43,6,2024-12-26,2026-06-19,552,5,3,4,12,6,Potential Loyalists
C00823,95,3,1191.0,170.14285714285714,10,5,2025-11-11,2026-03-28,232,3,2,1,6,0,Promising
C00824,181,3,2018.4699999999998,252.30874999999997,19,4,2025-05-10,2026-01-01,417,2,2,2,6,0,Promising
C00825,39,3,3627.2200000000003,403.0244444444445,25,6,2025-09-24,2026-05-23,280,4,2,3,9,0,Promising
C00826,48,12,14380.9,449.403125,64,6,2025-09-21,2026-05-14,283,4,5,5,14,4,Loyal Customers
C00828,203,1,259.13,259.13,3,1,2025-12-10,2025-12-10,203,2,1,1,4,0,Promising
C00830,78,4,1891.3799999999999,189.13799999999998,22,6,2025-01-24,2026-04-14,523,3,3,2,8,6,Potential Loyalists
C00831,182,3,3592.2400000000002,359.22400000000005,20,4,2025-08-17,2025-12-31,318,2,2,3,7,0,Promising
C00832,70,5,7760.49,596.9607692307692,28,6,2025-05-17,2026-04-22,410,3,3,4,10,4,Loyal Customers
C00833,303,1,362.93,120.97666666666667,9,3,2025-09-01,2025-09-01,303,1,1,1,3,3,Hibernating
C00834,130,14,10742.29,370.4237931034483,51,6,2024-09-14,2026-02-21,655,3,5,4,12,5,Champions
C00835,31,4,6587.02,941.0028571428572,15,3,2025-12-09,2026-05-31,204,4,3,4,11,4,Loyal Customers
C00836,26,28,28757.84,456.4736507936508,127,6,2024-04-09,2026-06-05,813,4,5,5,14,5,Champions
C00837,185,6,1622.57,124.81307692307692,26,6,2025-07-05,2025-12-28,361,2,3,2,7,0,Promising
C00838,56,4,2091.33,160.87153846153845,29,5,2025-06-18,2026-05-06,378,4,3,2,9,0,Promising
C00839,27,4,2612.76,261.276,23,5,2024-11-25,2026-06-04,583,4,3,2,9,6,Potential Loyalists
C00840,511,3,3362.44,480.34857142857146,13,4,2024-10-10,2025-02-05,629,1,2,3,6,1,Needs Attention
C00841,111,2,3172.48,634.496,10,3,2025-06-16,2026-03-12,380,3,1,3,7,0,Promising
C00842,241,2,1091.8400000000001,155.97714285714287,13,5,2025-07-19,2025-11-02,347,2,1,1,4,0,Promising
C00843,41,1,1039.6999999999998,259.92499999999995,9,3,2026-05-21,2026-05-21,41,4,1,1,6,0,Promising
C00844,267,2,1651.17,275.195,12,5,2025-09-16,2025-10-07,288,2,1,2,5,0,Promising
C00845,184,4,4961.4,451.0363636363636,24,4,2025-02-27,2025-12-29,489,2,3,3,8,6,Potential Loyalists
C00846,523,2,1955.6699999999998,391.13399999999996,10,4,2024-02-01,2025-01-24,881,1,1,2,4,1,Needs Attention
C00847,470,1,401.77,200.885,4,2,2025-03-18,2025-03-18,470,1,1,1,3,2,At Risk
C00849,162,3,3071.85,307.185,21,5,2025-04-04,2026-01-20,453,2,2,3,7,0,Promising
C00850,542,6,1861.08,143.16,22,4,2024-01-25,2025-01-05,888,1,3,2,6,2,At Risk
C00851,151,7,6946.969999999999,463.1313333333333,33,5,2024-04-19,2026-01-31,803,2,4,4,10,6,Potential Loyalists
C00852,38,2,1382.98,276.596,8,4,2026-02-07,2026-05-24,144,4,1,2,7,0,Promising
C00853,288,3,1668.07,333.614,11,4,2025-06-20,2025-09-16,376,2,2,2,6,0,Promising
C00854,12,15,12952.24,370.064,70,6,2024-11-20,2026-06-19,588,5,5,5,15,5,Champions
C00855,35,7,8996.86,449.843,44,6,2025-02-25,2026-05-27,491,4,4,4,12,4,Loyal Customers
C00856,113,1,2242.61,747.5366666666667,8,2,2026-03-10,2026-03-10,113,3,1,2,6,0,Promising
C00857,22,3,550.09,78.58428571428571,12,4,2025-09-05,2026-06-09,299,5,2,1,8,3,Hibernating
C00858,5,9,7936.0,305.2307692307692,51,6,2025-03-02,2026-06-26,486,5,4,4,13,4,Loyal Customers
C00859,168,1,1203.76,401.25333333333333,7,2,2026-01-14,2026-01-14,168,2,1,1,4,0,Promising
C00860,116,4,3358.66,279.8883333333333,23,4,2025-05-22,2026-03-07,405,3,3,3,9,0,Promising
C00861,131,11,7478.96,241.25677419354838,67,6,2024-07-11,2026-02-20,720,3,4,4,11,6,Potential Loyalists
C00862,72,4,1401.9099999999999,127.44636363636363,19,5,2025-09-19,2026-04-20,285,3,3,2,8,0,Promising
C00863,375,2,1602.73,200.34125,16,5,2024-11-18,2025-06-21,590,1,1,2,4,2,At Risk
C00865,433,8,7058.21,320.82772727272726,46,6,2024-03-17,2025-04-24,836,1,4,4,9,1,Needs Attention
C00866,366,6,4316.76,287.784,31,5,2024-10-17,2025-06-30,622,1,3,3,7,1,Needs Attention
C00867,808,1,20.67,20.67,3,1,2024-04-14,2024-04-14,808,1,1,1,3,2,At Risk
C00868,3,10,6434.19,321.7095,39,6,2025-08-07,2026-06-28,328,5,4,4,13,4,Loyal Customers
C00869,102,1,704.51,704.51,3,1,2026-03-21,2026-03-21,102,3,1,1,5,0,Promising
C00870,142,1,2182.41,545.6025,9,3,2026-02-09,2026-02-09,142,2,1,2,5,0,Promising
C00871,263,3,2587.45,287.4944444444444,15,5,2025-06-20,2025-10-11,376,2,2,2,6,0,Promising
C00872,59,1,408.36,408.36,1,1,2026-05-03,2026-05-03,59,3,1,1,5,0,Promising
C00873,64,13,16948.22,546.7167741935484,68,6,2024-07-16,2026-04-28,715,3,5,5,13,5,Champions
C00874,12,25,32753.71,606.5501851851851,125,6,2024-08-31,2026-06-19,669,5,5,5,15,5,Champions
C00876,2,14,12265.93,306.64825,84,6,2024-09-01,2026-06-29,668,5,5,5,15,5,Champions
C00877,318,6,6838.8099999999995,402.28294117647056,31,5,2025-03-13,2025-08-17,475,1,3,4,8,1,Needs Attention
C00878,5,15,20174.78,530.9152631578947,78,6,2025-06-15,2026-06-26,381,5,5,5,15,4,Loyal Customers
C00880,512,1,1708.67,427.1675,8,2,2025-02-04,2025-02-04,512,1,1,2,4,1,Needs Attention
C00881,406,10,8585.81,296.0624137931034,59,6,2024-03-22,2025-05-21,831,1,4,4,9,1,Needs Attention
C00882,31,35,41741.52,430.3249484536082,180,6,2024-05-25,2026-05-31,767,4,5,5,14,5,Champions
C00883,328,1,537.1,268.55,5,2,2025-08-07,2025-08-07,328,1,1,1,3,0,Promising
C00886,52,3,1043.0500000000002,260.76250000000005,7,4,2025-11-19,2026-05-10,224,4,2,1,7,0,Promising
C00887,36,2,626.02,208.67333333333332,5,2,2025-06-17,2026-05-26,379,4,1,1,6,0,Promising
C00889,270,2,2000.1100000000001,285.73,12,3,2024-09-14,2025-10-04,655,2,1,2,5,1,Needs Attention
C00890,79,6,8224.07,456.8927777777778,36,6,2025-01-28,2026-04-13,519,3,3,4,10,4,Loyal Customers
C00892,64,3,1065.77,152.25285714285715,12,5,2024-07-16,2026-04-28,715,3,2,1,6,6,Potential Loyalists
C00893,6,17,21613.4,502.63720930232563,83,6,2025-07-29,2026-06-25,337,5,5,5,15,4,Loyal Customers
C00894,66,6,6965.65,464.37666666666667,34,5,2024-09-07,2026-04-26,662,3,3,4,10,6,Potential Loyalists
C00895,82,22,20771.62,370.9217857142857,107,6,2024-04-18,2026-04-10,804,3,5,5,13,5,Champions
C00896,29,2,1331.85,221.975,14,4,2025-11-22,2026-06-02,221,4,1,2,7,0,Promising
C00897,737,2,2925.33,975.11,6,3,2024-05-25,2024-06-24,767,1,1,3,5,1,Needs Attention
C00899,64,19,14102.93,320.52113636363634,89,6,2024-01-27,2026-04-28,886,3,5,5,13,5,Champions
C00900,23,33,44739.54,596.5272,141,6,2024-10-11,2026-06-08,628,4,5,5,14,5,Champions
C00901,353,1,200.14000000000001,100.07000000000001,4,2,2025-07-13,2025-07-13,353,1,1,1,3,3,Hibernating
C00902,13,7,4528.68,238.35157894736844,41,5,2025-08-17,2026-06-18,318,5,4,3,12,4,Loyal Customers
C00903,58,9,10323.38,412.93519999999995,44,6,2024-07-28,2026-05-04,703,4,4,4,12,5,Champions
C00904,581,4,5397.28,490.66181818181815,19,4,2024-02-12,2024-11-27,870,1,3,4,8,1,Needs Attention
C00905,295,3,528.18,132.045,10,3,2024-11-17,2025-09-09,591,1,2,1,4,2,At Risk
C00906,31,38,51786.11,581.866404494382,179,6,2024-02-17,2026-05-31,865,4,5,5,14,5,Champions
C00907,298,1,294.24,73.56,8,3,2025-09-06,2025-09-06,298,1,1,1,3,3,Hibernating
C00908,185,22,38476.31,610.7350793650793,125,6,2024-05-15,2025-12-28,777,2,5,5,12,5,Champions
C00909,7,15,23167.35,551.6035714285714,88,6,2025-03-29,2026-06-24,459,5,5,5,15,4,Loyal Customers
C00910,46,22,24879.57,478.45326923076925,100,6,2024-09-04,2026-05-16,665,4,5,5,14,5,Champions
C00911,98,13,9342.68,283.11151515151516,69,6,2024-03-20,2026-03-25,833,3,5,4,12,5,Champions
C00912,176,3,3343.05,303.9136363636364,20,5,2025-11-04,2026-01-06,239,2,2,3,7,0,Promising
C00914,342,2,2315.64,330.80571428571426,12,5,2025-03-31,2025-07-24,457,1,1,2,4,1,Needs Attention
C00915,40,24,38191.770000000004,615.9962903225808,127,6,2024-09-28,2026-05-22,641,4,5,5,14,5,Champions
C00917,406,4,5574.08,428.7753846153846,26,6,2024-10-03,2025-05-21,636,1,3,4,8,1,Needs Attention
C00918,130,3,707.46,101.0657142857143,15,3,2024-07-13,2026-02-21,718,3,2,1,6,6,Potential Loyalists
C00920,33,5,1099.18,109.918,19,4,2025-05-26,2026-05-29,401,4,3,1,8,6,Potential Loyalists
C00921,59,1,1809.5500000000002,603.1833333333334,7,3,2026-05-03,2026-05-03,59,3,1,2,6,0,Promising
C00923,28,2,2808.31,702.0775,9,2,2026-01-02,2026-06-03,180,4,1,3,8,0,Promising
C00924,305,1,185.09,185.09,2,1,2025-08-30,2025-08-30,305,1,1,1,3,3,Hibernating
C00925,110,3,3508.3599999999997,501.1942857142857,16,5,2025-07-30,2026-03-13,336,3,2,3,8,0,Promising
C00927,32,9,6808.17,324.1985714285714,39,5,2024-10-21,2026-05-30,618,4,4,4,12,6,Potential Loyalists
C00929,42,4,1101.6100000000001,110.16100000000002,19,5,2024-11-28,2026-05-20,580,4,3,1,8,6,Potential Loyalists
C00930,185,3,2810.3199999999997,312.25777777777773,16,5,2025-02-25,2025-12-28,491,2,2,3,7,0,Promising
C00931,10,8,8246.93,329.8772,55,6,2025-01-03,2026-06-21,544,5,4,4,13,4,Loyal Customers
C00932,14,13,23085.94,678.9982352941176,65,6,2025-05-03,2026-06-17,424,5,5,5,15,4,Loyal Customers
C00933,326,4,3404.8599999999997,425.60749999999996,17,4,2025-01-17,2025-08-09,530,1,3,3,7,1,Needs Attention
C00934,18,5,4187.43,380.67545454545456,22,3,2025-07-06,2026-06-13,360,5,3,3,11,4,Loyal Customers
C00935,456,2,1152.73,230.546,11,3,2025-02-23,2025-04-01,493,1,1,1,3,2,At Risk
C00936,419,7,7339.6,524.2571428571429,33,5,2024-05-21,2025-05-08,771,1,4,4,9,1,Needs Attention
C00937,41,17,8453.66,241.53314285714285,74,6,2024-06-30,2026-05-21,731,4,5,4,13,5,Champions
C00938,249,5,3761.01,313.4175,25,5,2024-07-30,2025-10-25,701,2,3,3,8,6,Potential Loyalists
C00939,435,1,1516.11,379.0275,6,3,2025-04-22,2025-04-22,435,1,1,2,4,1,Needs Attention
C00940,373,2,2990.29,498.38166666666666,13,5,2025-03-11,2025-06-23,477,1,1,3,5,1,Needs Attention
C00941,406,4,2883.82,320.4244444444445,16,5,2025-02-04,2025-05-21,512,1,3,3,7,1,Needs Attention
C00942,313,4,2621.52,327.69,15,5,2025-02-17,2025-08-22,499,1,3,2,6,1,Needs Attention
C00943,51,12,13484.97,434.9990322580645,63,6,2024-05-01,2026-05-11,791,4,5,5,14,5,Champions
C00944,92,3,2272.82,378.80333333333334,11,5,2024-12-02,2026-03-31,576,3,2,2,7,6,Potential Loyalists
C00945,21,6,2794.07,186.27133333333333,23,6,2025-07-02,2026-06-10,364,5,3,3,11,6,Potential Loyalists
C00946,50,2,1481.79,246.965,10,5,2025-04-22,2026-05-12,435,4,1,2,7,0,Promising
C00947,434,2,425.94,85.188,10,2,2025-02-12,2025-04-23,504,1,1,1,3,2,At Risk
C00948,462,2,702.03,117.005,13,4,2024-10-29,2025-03-26,610,1,1,1,3,2,At Risk
C00949,417,1,69.16,34.58,5,2,2025-05-10,2025-05-10,417,1,1,1,3,3,Hibernating
C00950,20,14,23328.05,598.1551282051282,74,6,2025-07-23,2026-06-11,343,5,5,5,15,4,Loyal Customers
C00951,158,7,5912.55,268.7522727272727,43,6,2024-07-02,2026-01-24,729,2,4,4,10,6,Potential Loyalists
C00952,154,13,14221.01,374.2371052631579,73,6,2024-08-15,2026-01-28,685,2,5,5,12,5,Champions
C00953,364,5,5355.17,411.93615384615384,26,6,2024-10-03,2025-07-02,636,1,3,4,8,1,Needs Attention
C00955,472,3,854.37,122.05285714285715,16,4,2024-03-19,2025-03-16,834,1,2,1,4,2,At Risk
C00956,26,14,19311.63,471.0153658536586,84,6,2024-05-10,2026-06-05,782,4,5,5,14,5,Champions
C00958,291,6,3219.51,292.6827272727273,22,5,2025-01-13,2025-09-13,534,2,3,3,8,1,Needs Attention
C00959,92,8,8266.03,375.7286363636364,47,6,2025-06-01,2026-03-31,395,3,4,4,11,4,Loyal Customers
C00961,258,1,268.65,134.325,5,2,2025-10-16,2025-10-16,258,2,1,1,4,3,Hibernating
C00962,435,3,4243.7699999999995,424.37699999999995,20,4,2025-01-23,2025-04-22,524,1,2,3,6,1,Needs Attention
C00963,2,18,16665.76,396.8038095238095,88,6,2024-06-08,2026-06-29,753,5,5,5,15,5,Champions
C00964,172,4,2725.23,227.1025,23,4,2025-09-23,2026-01-10,281,2,3,3,8,0,Promising
C00965,69,9,15806.689999999999,718.485909090909,47,6,2025-07-22,2026-04-23,344,3,4,5,12,4,Loyal Customers
C00966,235,5,3199.4700000000003,213.29800000000003,29,5,2025-05-14,2025-11-08,413,2,3,3,8,6,Potential Loyalists
C00967,61,8,8255.07,393.0985714285714,37,6,2025-03-08,2026-05-01,480,3,4,4,11,4,Loyal Customers
C00968,26,7,9169.06,436.6219047619047,38,6,2025-10-11,2026-06-05,263,4,4,4,12,4,Loyal Customers
C00971,61,2,2136.1,427.21999999999997,11,3,2025-05-30,2026-05-01,397,3,1,2,6,0,Promising
C00972,19,28,45952.48,647.2180281690141,143,6,2024-04-24,2026-06-12,798,5,5,5,15,5,Champions
C00973,320,1,583.8399999999999,145.95999999999998,7,4,2025-08-15,2025-08-15,320,1,1,1,3,3,Hibernating
C00974,44,13,23497.06,691.09,70,6,2025-04-29,2026-05-18,428,4,5,5,14,4,Loyal Customers
C00975,1,5,3497.32,269.0246153846154,31,3,2025-08-10,2026-06-30,325,5,3,3,11,0,Promising
C00976,44,10,8077.76,323.1104,50,6,2025-04-04,2026-05-18,453,4,4,4,12,4,Loyal Customers
C00978,159,9,6063.67,252.65291666666667,48,6,2024-05-10,2026-01-23,782,2,4,4,10,6,Potential Loyalists
C00979,37,1,1963.47,1963.47,3,1,2026-05-25,2026-05-25,37,4,1,2,7,0,Promising
C00981,17,12,7796.25,288.75,63,6,2024-10-15,2026-06-14,624,5,5,4,14,5,Champions
C00983,35,11,12315.17,410.5056666666667,62,6,2024-12-19,2026-05-27,559,4,4,5,13,4,Loyal Customers
C00984,8,9,9426.01,377.04040000000003,54,6,2025-03-04,2026-06-23,484,5,4,4,13,4,Loyal Customers
C00985,384,4,2716.9300000000003,388.1328571428572,18,4,2024-05-18,2025-06-12,774,1,3,3,7,1,Needs Attention
C00986,46,2,301.45,60.29,9,3,2025-11-28,2026-05-16,215,4,1,1,6,3,Hibernating
C00987,7,12,15167.48,523.0165517241379,63,6,2025-04-13,2026-06-24,444,5,5,5,15,4,Loyal Customers
C00988,298,1,3953.2000000000003,988.3000000000001,10,2,2025-09-06,2025-09-06,298,1,1,3,5,0,Promising
C00989,251,2,2726.63,545.326,10,3,2025-07-05,2025-10-23,361,2,1,3,6,0,Promising
C00990,59,11,5479.46,176.75677419354838,61,6,2024-12-10,2026-05-03,568,3,4,4,11,6,Potential Loyalists
C00991,470,1,119.09,119.09,1,1,2025-03-18,2025-03-18,470,1,1,1,3,2,At Risk
C00992,419,1,471.03999999999996,157.01333333333332,8,3,2025-05-08,2025-05-08,419,1,1,1,3,2,At Risk
C00993,292,3,733.03,244.34333333333333,3,3,2025-06-23,2025-09-12,373,2,2,1,5,0,Promising
C00994,221,1,12.3,12.3,1,1,2025-11-22,2025-11-22,221,2,1,1,4,3,Hibernating
C00995,31,4,3218.7899999999995,459.8271428571428,14,3,2025-11-20,2026-05-31,223,4,3,3,10,0,Promising
C00996,423,7,4021.15,268.07666666666665,27,5,2024-03-28,2025-05-04,825,1,4,3,8,1,Needs Attention
C00997,136,2,1886.88,314.48,14,4,2025-09-06,2026-02-15,298,2,1,2,5,0,Promising
C00998,7,14,27978.54,717.3984615384616,73,6,2025-07-16,2026-06-24,350,5,5,5,15,4,Loyal Customers
C00999,299,4,1539.69,153.969,20,4,2025-07-25,2025-09-05,341,1,3,2,6,0,Promising
C01001,17,11,5037.96,209.915,46,6,2024-06-30,2026-06-14,731,5,4,3,12,6,Potential Loyalists
C01002,76,3,4439.13,554.89125,15,4,2025-11-30,2026-04-16,213,3,2,3,8,0,Promising
C01003,852,1,103.22,51.61,4,2,2024-03-01,2024-03-01,852,1,1,1,3,2,At Risk
C01004,152,14,13664.199999999999,401.88823529411764,69,6,2024-02-25,2026-01-30,857,2,5,5,12,5,Champions
C01007,357,7,7725.33,454.43117647058824,36,6,2024-08-23,2025-07-09,677,1,4,4,9,1,Needs Attention
C01008,345,4,3005.58,300.558,21,6,2024-07-13,2025-07-21,718,1,3,3,7,1,Needs Attention
C01009,36,10,8452.11,384.1868181818182,45,6,2025-08-05,2026-05-26,330,4,4,4,12,4,Loyal Customers
C01013,15,8,8284.72,414.236,39,6,2025-09-18,2026-06-16,286,5,4,4,13,4,Loyal Customers
C01014,456,2,2675.3900000000003,668.8475000000001,9,3,2024-11-06,2025-04-01,602,1,1,3,5,1,Needs Attention
C01015,123,10,9838.74,491.937,43,6,2025-03-22,2026-02-28,466,3,4,4,11,4,Loyal Customers
C01016,38,5,6419.34,356.63,35,5,2025-07-06,2026-05-24,360,4,3,4,11,4,Loyal Customers
C01017,128,4,2635.9300000000003,239.63000000000002,25,5,2024-10-01,2026-02-23,638,3,3,2,8,6,Potential Loyalists
C01018,60,5,3769.5,269.25,28,6,2025-11-11,2026-05-02,232,3,3,3,9,0,Promising
C01019,207,2,1734.63,247.80428571428573,10,5,2025-04-16,2025-12-06,441,2,1,2,5,0,Promising
C01020,471,2,4064.42,508.0525,16,3,2025-03-12,2025-03-17,476,1,1,3,5,1,Needs Attention
C01021,11,9,7353.57,319.72043478260866,47,6,2025-07-08,2026-06-20,358,5,4,4,13,4,Loyal Customers
C01022,34,7,5502.62,343.91375,35,6,2025-02-24,2026-05-28,492,4,4,4,12,4,Loyal Customers
C01023,28,3,3793.71,474.21375,17,4,2026-01-12,2026-06-03,170,4,2,3,9,0,Promising
C01024,160,6,3355.45,239.67499999999998,28,6,2024-12-25,2026-01-22,553,2,3,3,8,6,Potential Loyalists
C01025,46,4,2541.5899999999997,254.15899999999996,20,6,2025-07-26,2026-05-16,340,4,3,2,9,0,Promising
C01028,31,6,9126.18,507.01,37,6,2025-04-17,2026-05-31,440,4,3,4,11,4,Loyal Customers
C01030,370,2,1498.68,299.736,8,3,2024-10-18,2025-06-26,621,1,1,2,4,1,Needs Attention
C01031,30,14,14155.58,488.1234482758621,56,6,2025-02-16,2026-06-01,500,4,5,5,14,4,Loyal Customers
C01032,658,3,541.13,108.226,6,4,2024-05-29,2024-09-11,763,1,2,1,4,2,At Risk
C01033,25,12,8628.05,239.66805555555553,76,6,2024-04-07,2026-06-06,815,4,5,4,13,5,Champions
C01034,21,4,2970.7799999999997,247.56499999999997,20,6,2024-12-25,2026-06-10,553,5,3,3,11,6,Potential Loyalists
C01035,99,6,5861.61,488.4675,24,4,2024-06-08,2026-03-24,753,3,3,4,10,6,Potential Loyalists
C01038,32,1,64.82,64.82,1,1,2026-05-30,2026-05-30,32,4,1,1,6,3,Hibernating
C01039,156,9,7008.31,280.3324,52,6,2024-08-08,2026-01-26,692,2,4,4,10,6,Potential Loyalists
C01040,92,13,8417.630000000001,247.5773529411765,65,6,2024-05-28,2026-03-31,764,3,5,4,12,5,Champions
C01041,66,2,224.32999999999998,74.77666666666666,8,3,2025-10-31,2026-04-26,243,3,1,1,5,3,Hibernating
C01042,328,2,677.16,135.432,9,4,2025-06-08,2025-08-07,388,1,1,1,3,2,At Risk
C01044,183,1,529.64,529.64,1,1,2025-12-30,2025-12-30,183,2,1,1,4,0,Promising
C01045,87,3,1563.3799999999999,195.42249999999999,16,4,2024-07-15,2026-04-05,716,3,2,2,7,6,Potential Loyalists
C01046,438,7,6667.14,333.357,47,6,2024-05-01,2025-04-19,791,1,4,4,9,1,Needs Attention
C01047,152,11,9207.699999999999,306.9233333333333,58,6,2025-01-31,2026-01-30,516,2,4,4,10,4,Loyal Customers
C01048,73,3,2904.28,290.428,23,5,2024-06-16,2026-04-19,745,3,2,3,8,6,Potential Loyalists
C01049,126,7,9917.12,762.8553846153847,24,4,2024-11-11,2026-02-25,597,3,4,4,11,4,Loyal Customers
C01050,280,3,2762.9300000000003,345.36625000000004,19,6,2025-03-02,2025-09-24,486,2,2,3,7,1,Needs Attention
C01052,1,24,31244.920000000002,480.69107692307693,129,6,2024-05-18,2026-06-30,774,5,5,5,15,5,Champions
C01053,450,3,880.9,110.1125,13,5,2025-03-08,2025-04-07,480,1,2,1,4,2,At Risk
C01055,239,1,2180.92,545.23,9,3,2025-11-04,2025-11-04,239,2,1,2,5,0,Promising
C01058,330,1,45.96,45.96,2,1,2025-08-05,2025-08-05,330,1,1,1,3,3,Hibernating
C01059,113,1,334.09999999999997,83.52499999999999,7,4,2026-03-10,2026-03-10,113,3,1,1,5,3,Hibernating
C01060,247,5,4590.68,327.9057142857143,30,6,2024-06-30,2025-10-27,731,2,3,3,8,6,Potential Loyalists
C01061,29,11,16813.52,560.4506666666667,61,6,2024-09-07,2026-06-02,662,4,4,5,13,5,Champions
C01063,10,2,4903.02,700.4314285714287,18,5,2026-03-05,2026-06-21,118,5,1,3,9,0,Promising
C01064,45,37,41855.92,422.7870707070707,182,6,2024-06-17,2026-05-17,744,4,5,5,14,5,Champions
C01065,39,3,1541.66,154.166,18,6,2025-08-11,2026-05-23,324,4,2,2,8,0,Promising
C01066,432,1,2796.79,699.1975,9,2,2025-04-25,2025-04-25,432,1,1,3,5,1,Needs Attention
C01067,22,1,148.98,74.49,5,2,2026-06-09,2026-06-09,22,5,1,1,7,3,Hibernating
C01068,61,1,3040.7799999999997,760.1949999999999,9,3,2026-05-01,2026-05-01,61,3,1,3,7,0,Promising
C01069,65,12,11798.5,368.703125,62,6,2024-07-24,2026-04-27,707,3,5,5,13,5,Champions
C01070,195,5,2288.33,163.45214285714286,26,6,2024-10-18,2025-12-18,621,2,3,2,7,6,Potential Loyalists
C01071,355,1,2047.18,511.795,8,3,2025-07-11,2025-07-11,355,1,1,2,4,1,Needs Attention
C01074,29,15,12134.84,295.9717073170732,80,6,2025-09-10,2026-06-02,294,4,5,5,14,4,Loyal Customers
C01075,9,11,7743.17,297.8142307692308,55,6,2024-11-11,2026-06-22,597,5,4,4,13,4,Loyal Customers
C01076,27,13,13024.37,361.78805555555556,79,6,2025-02-21,2026-06-04,495,4,5,5,14,4,Loyal Customers
C01077,149,14,12998.24,433.27466666666663,64,6,2024-03-19,2026-02-02,834,2,5,5,12,5,Champions
C01078,179,15,9079.35,238.93026315789476,75,6,2024-08-18,2026-01-03,682,2,5,4,11,5,Champions
C01079,36,12,14374.64,422.7835294117647,69,6,2025-03-17,2026-05-26,471,4,5,5,14,4,Loyal Customers
C01080,2,7,6416.5599999999995,337.7136842105263,39,6,2025-09-02,2026-06-29,302,5,4,4,13,4,Loyal Customers
C01081,6,13,8574.14,267.941875,65,6,2024-07-05,2026-06-25,726,5,5,4,14,5,Champions
C01085,405,1,47.83,47.83,2,1,2025-05-22,2025-05-22,405,1,1,1,3,3,Hibernating
C01086,131,2,719.2,179.8,5,4,2025-01-01,2026-02-20,546,3,1,1,5,6,Potential Loyalists
C01087,22,14,9693.12,334.24551724137933,66,6,2024-11-21,2026-06-09,587,5,5,4,14,5,Champions
C01088,2,31,34871.64,553.5180952380953,124,6,2024-04-18,2026-06-29,804,5,5,5,15,5,Champions
C01089,63,9,11823.96,437.9244444444444,57,6,2024-12-25,2026-04-29,553,3,4,5,12,4,Loyal Customers
C01090,156,1,233.39,77.79666666666667,4,2,2026-01-26,2026-01-26,156,2,1,1,4,3,Hibernating
C01092,93,3,1471.21,163.46777777777777,22,5,2025-06-18,2026-03-30,378,3,2,2,7,0,Promising
C01094,38,13,15309.4,493.85161290322577,67,6,2024-10-08,2026-05-24,631,4,5,5,14,5,Champions
C01095,136,4,2324.29,232.429,23,4,2024-07-27,2026-02-15,704,2,3,2,7,6,Potential Loyalists
C01096,37,4,1617.58,161.75799999999998,20,6,2025-04-18,2026-05-25,439,4,3,2,9,6,Potential Loyalists
C01097,41,11,17072.1,609.717857142857,57,6,2024-11-10,2026-05-21,598,4,4,5,13,5,Champions
C01098,63,16,16535.3,423.98205128205126,82,6,2024-04-13,2026-04-29,809,3,5,5,13,5,Champions
C01099,85,33,31091.56,403.7864935064935,147,6,2024-01-17,2026-04-07,896,3,5,5,13,5,Champions
C01100,165,4,2859.15,317.68333333333334,17,3,2025-08-25,2026-01-17,310,2,3,3,8,0,Promising
C01101,132,2,2954.34,492.39000000000004,12,5,2024-10-03,2026-02-19,636,2,1,3,6,6,Potential Loyalists
C01103,160,6,4571.84,326.56,26,5,2025-09-03,2026-01-22,301,2,3,3,8,0,Promising
C01105,17,23,25656.39,434.85406779661014,108,6,2025-04-25,2026-06-14,432,5,5,5,15,4,Loyal Customers
C01107,175,1,1016.91,338.96999999999997,6,2,2026-01-07,2026-01-07,175,2,1,1,4,0,Promising
C01108,1,8,3415.86,189.77,40,6,2025-07-18,2026-06-30,348,5,4,3,12,4,Loyal Customers
C01109,386,2,552.25,92.04166666666667,12,4,2025-04-11,2025-06-10,446,1,1,1,3,2,At Risk
C01110,148,3,1684.74,210.5925,17,6,2024-12-30,2026-02-03,548,2,2,2,6,6,Potential Loyalists
C01111,97,11,7473.59,219.8114705882353,61,6,2024-08-13,2026-03-26,687,3,4,4,11,6,Potential Loyalists
C01112,9,27,39833.03,612.8158461538461,133,6,2024-09-27,2026-06-22,642,5,5,5,15,5,Champions
C01113,152,4,4027.36,335.61333333333334,23,5,2024-04-18,2026-01-30,804,2,3,3,8,6,Potential Loyalists
C01114,253,3,1805.6100000000001,300.935,12,5,2025-06-02,2025-10-21,394,2,2,2,6,0,Promising
C01115,378,1,194.76,64.92,4,2,2025-06-18,2025-06-18,378,1,1,1,3,3,Hibernating
C01116,23,3,2273.14,284.1425,18,4,2026-01-21,2026-06-08,161,4,2,2,8,0,Promising
C01117,239,1,1891.77,472.9425,9,2,2025-11-04,2025-11-04,239,2,1,2,5,0,Promising
C01118,9,11,10819.44,360.648,58,6,2024-12-14,2026-06-22,564,5,4,4,13,4,Loyal Customers
C01119,32,11,12579.289999999999,546.925652173913,51,6,2025-05-21,2026-05-30,406,4,4,5,13,4,Loyal Customers
C01120,26,21,21474.66,456.9076595744681,96,6,2024-04-09,2026-06-05,813,4,5,5,14,5,Champions
C01121,224,16,14642.82,488.094,59,6,2024-05-21,2025-11-19,771,2,5,5,12,5,Champions
C01122,36,10,7445.69,265.91749999999996,49,6,2024-08-06,2026-05-26,694,4,4,4,12,6,Potential Loyalists
C01123,283,2,4117.04,686.1733333333333,16,4,2025-04-08,2025-09-21,449,2,1,3,6,1,Needs Attention
C01125,634,3,315.44,78.86,5,3,2024-07-22,2024-10-05,709,1,2,1,4,2,At Risk
C01126,497,2,2296.96,459.392,13,3,2025-02-13,2025-02-19,503,1,1,2,4,1,Needs Attention
C01127,532,2,1978.44,329.74,12,3,2024-10-08,2025-01-15,631,1,1,2,4,1,Needs Attention
C01128,356,1,174.01,87.005,5,2,2025-07-10,2025-07-10,356,1,1,1,3,3,Hibernating
C01129,373,9,3725.5299999999997,161.9795652173913,55,6,2024-03-26,2025-06-23,827,1,4,3,8,6,Potential Loyalists
C01130,6,20,23752.85,565.5440476190475,89,6,2024-11-10,2026-06-25,598,5,5,5,15,5,Champions
C01132,550,1,436.43,109.1075,5,3,2024-12-28,2024-12-28,550,1,1,1,3,2,At Risk
C01133,106,4,2267.98,226.798,20,3,2024-12-04,2026-03-17,574,3,3,2,8,6,Potential Loyalists
C01134,74,9,7042.66,242.8503448275862,58,6,2024-06-21,2026-04-18,740,3,4,4,11,6,Potential Loyalists
C01135,473,1,588.4399999999999,294.21999999999997,6,1,2025-03-15,2025-03-15,473,1,1,1,3,2,At Risk
C01136,15,9,21695.86,903.9941666666667,48,6,2025-11-29,2026-06-16,214,5,4,5,14,4,Loyal Customers
C01137,16,16,11752.8,279.8285714285714,78,6,2024-05-18,2026-06-15,774,5,5,5,15,5,Champions
C01138,17,17,19761.3,420.4531914893617,86,6,2024-08-20,2026-06-14,680,5,5,5,15,5,Champions
C01139,201,2,158.06,31.612000000000002,11,3,2025-12-08,2025-12-12,205,2,1,1,4,3,Hibernating
C01140,465,2,1994.89,332.4816666666667,13,4,2025-02-06,2025-03-23,510,1,1,2,4,1,Needs Attention
C01142,1,9,7460.4400000000005,298.4176,51,6,2024-07-19,2026-06-30,712,5,4,4,13,6,Potential Loyalists
C01143,208,1,421.93,421.93,3,1,2025-12-05,2025-12-05,208,2,1,1,4,0,Promising
C01144,16,33,40802.82,474.4513953488372,182,6,2024-03-19,2026-06-15,834,5,5,5,15,5,Champions
C01145,8,13,12963.89,462.9960714285714,48,6,2025-08-28,2026-06-23,307,5,5,5,15,4,Loyal Customers
C01146,2,20,26317.09,516.0213725490196,97,6,2024-07-16,2026-06-29,715,5,5,5,15,5,Champions
C01147,48,4,2235.12,223.512,18,5,2025-08-21,2026-05-14,314,4,3,2,9,0,Promising
C01148,24,13,6779.46,242.12357142857144,58,6,2024-03-27,2026-06-07,826,4,5,4,13,5,Champions
C01149,45,4,4845.53,372.7330769230769,29,5,2025-05-07,2026-05-17,420,4,3,3,10,4,Loyal Customers
C01150,137,5,3338.28,256.79076923076923,23,5,2024-05-24,2026-02-14,768,2,3,3,8,6,Potential Loyalists
C01151,44,20,21244.75,408.55288461538464,102,6,2024-06-08,2026-05-18,753,4,5,5,14,5,Champions
C01152,86,4,574.41,82.05857142857143,18,4,2024-06-01,2026-04-06,760,3,3,1,7,6,Potential Loyalists
C01153,61,1,528.13,132.0325,7,3,2026-05-01,2026-05-01,61,3,1,1,5,3,Hibernating
C01154,466,3,4307.86,538.4825,16,4,2024-08-11,2025-03-22,689,1,2,3,6,1,Needs Attention
C01155,256,3,2396.92,399.4866666666667,14,3,2025-04-13,2025-10-18,444,2,2,2,6,0,Promising
C01156,304,1,268.5,89.5,5,3,2025-08-31,2025-08-31,304,1,1,1,3,3,Hibernating
C01157,275,2,276.89,138.445,3,2,2024-12-21,2025-09-29,557,2,1,1,4,2,At Risk
C01158,46,34,45840.98,482.5366315789474,184,6,2024-02-05,2026-05-16,877,4,5,5,14,5,Champions
C01159,18,8,9294.67,442.60333333333335,45,6,2024-08-01,2026-06-13,699,5,4,4,13,5,Champions
C01162,430,1,1965.03,491.2575,10,3,2025-04-27,2025-04-27,430,1,1,2,4,1,Needs Attention
C01164,13,6,3154.72,210.31466666666665,25,5,2025-05-23,2026-06-18,404,5,3,3,11,6,Potential Loyalists
C01165,46,2,1294.07,431.3566666666666,6,3,2025-08-30,2026-05-16,305,4,1,2,7,0,Promising
C01166,123,4,4590.73,459.073,19,6,2025-02-24,2026-02-28,492,3,3,3,9,4,Loyal Customers
C01167,28,8,7533.64,327.5495652173913,46,6,2024-06-13,2026-06-03,748,4,4,4,12,6,Potential Loyalists
C01168,5,13,20445.84,567.94,79,6,2025-05-22,2026-06-26,405,5,5,5,15,4,Loyal Customers
C01170,35,2,541.58,180.52666666666667,6,3,2024-10-22,2026-05-27,617,4,1,1,6,6,Potential Loyalists
C01171,104,10,7048.22,293.67583333333334,45,6,2024-10-07,2026-03-19,632,3,4,4,11,6,Potential Loyalists
C01172,27,14,10896.41,320.48264705882355,70,6,2025-02-26,2026-06-04,490,4,5,4,13,4,Loyal Customers
C01173,9,1,705.85,235.28333333333333,7,3,2026-06-22,2026-06-22,9,5,1,1,7,0,Promising
C01174,16,9,17101.45,657.748076923077,55,6,2025-08-17,2026-06-15,318,5,4,5,14,4,Loyal Customers
C01176,57,20,21031.239999999998,362.60758620689654,110,6,2024-03-15,2026-05-05,838,4,5,5,14,5,Champions
C01178,542,1,39.91,39.91,1,1,2025-01-05,2025-01-05,542,1,1,1,3,2,At Risk
C01179,66,5,1613.03,179.22555555555556,17,4,2025-06-16,2026-04-26,380,3,3,2,8,0,Promising
C01180,72,6,5770.469999999999,303.70894736842104,36,6,2024-10-05,2026-04-20,634,3,3,4,10,6,Potential Loyalists
C01181,581,1,296.38,74.095,5,2,2024-11-27,2024-11-27,581,1,1,1,3,2,At Risk
C01183,69,5,880.84,97.87111111111112,18,5,2024-12-09,2026-04-23,569,3,3,1,7,6,Potential Loyalists
C01184,371,7,4443.370000000001,277.71062500000005,33,6,2024-04-20,2025-06-25,802,1,4,3,8,1,Needs Attention
C01185,28,8,7493.969999999999,340.635,44,6,2025-02-20,2026-06-03,496,4,4,4,12,4,Loyal Customers
C01186,1,19,13911.58,331.22809523809525,85,6,2025-03-14,2026-06-30,474,5,5,5,15,4,Loyal Customers
C01187,23,19,16690.16,362.8295652173913,94,6,2025-04-11,2026-06-08,446,4,5,5,14,4,Loyal Customers
C01188,30,17,16067.31,382.555,82,6,2024-05-18,2026-06-01,774,4,5,5,14,5,Champions
C01189,75,9,4734.57,189.38279999999997,44,6,2025-01-05,2026-04-17,542,3,4,3,10,6,Potential Loyalists
C01190,154,3,1282.17,213.69500000000002,8,5,2024-12-15,2026-01-28,563,2,2,2,6,6,Potential Loyalists
C01191,600,4,5339.8099999999995,444.9841666666666,23,4,2024-06-16,2024-11-08,745,1,3,4,8,1,Needs Attention
C01193,26,10,8646.24,411.7257142857143,39,6,2025-05-25,2026-06-05,402,4,4,4,12,4,Loyal Customers
C01194,259,3,3047.1,338.56666666666666,15,4,2025-08-30,2025-10-15,305,2,2,3,7,0,Promising
C01196,259,1,121.88,60.94,4,2,2025-10-15,2025-10-15,259,2,1,1,4,3,Hibernating
C01197,132,5,6021.469999999999,430.10499999999996,32,6,2024-10-27,2026-02-19,612,2,3,4,9,6,Potential Loyalists
C01198,139,5,5661.27,377.418,28,6,2024-08-15,2026-02-12,685,2,3,4,9,6,Potential Loyalists
C01199,15,18,15627.539999999999,446.50114285714284,70,6,2024-12-17,2026-06-16,561,5,5,5,15,5,Champions
C01200,22,13,8752.73,312.59749999999997,60,6,2025-04-10,2026-06-09,447,5,5,4,14,4,Loyal Customers
C01202,18,18,23168.67,579.2167499999999,80,6,2025-01-31,2026-06-13,516,5,5,5,15,5,Champions
C01203,604,1,1086.28,362.0933333333333,5,2,2024-11-04,2024-11-04,604,1,1,1,3,1,Needs Attention
C01204,31,23,25184.690000000002,441.8366666666667,115,6,2024-09-11,2026-05-31,658,4,5,5,14,5,Champions
C01205,55,35,43720.049999999996,508.3726744186046,178,6,2024-03-19,2026-05-07,834,4,5,5,14,5,Champions
C01207,11,3,1745.1399999999999,193.90444444444444,16,5,2025-06-21,2026-06-20,375,5,2,2,9,0,Promising
C01208,90,11,6417.3,256.692,46,6,2024-09-17,2026-04-02,652,3,4,4,11,6,Potential Loyalists
C01209,351,1,2702.1,675.525,9,3,2025-07-15,2025-07-15,351,1,1,3,5,1,Needs Attention
C01210,59,3,1583.29,316.658,10,4,2025-03-12,2026-05-03,476,3,2,2,7,0,Promising
C01211,147,5,2744.3500000000004,249.48636363636368,18,6,2025-05-04,2026-02-04,423,2,3,3,8,6,Potential Loyalists
C01212,7,6,3489.23,232.61533333333333,31,6,2025-07-29,2026-06-24,337,5,3,3,11,4,Loyal Customers
C01213,34,9,8689.92,434.496,40,6,2024-10-22,2026-05-28,617,4,4,4,12,4,Loyal Customers
C01215,31,27,32862.67,476.2705797101449,131,6,2024-08-01,2026-05-31,699,4,5,5,14,5,Champions
C01216,49,1,368.38,122.79333333333334,6,3,2026-05-13,2026-05-13,49,4,1,1,6,3,Hibernating
C01217,218,9,8303.28,345.97,56,6,2024-11-17,2025-11-25,591,2,4,4,10,6,Potential Loyalists
C01219,110,5,4150.64,276.70933333333335,34,6,2024-10-11,2026-03-13,628,3,3,3,9,6,Potential Loyalists
C01220,366,2,2093.16,697.7199999999999,6,3,2025-06-18,2025-06-30,378,1,1,2,4,1,Needs Attention
C01221,196,3,3783.42,420.38,16,5,2025-07-11,2025-12-17,355,2,2,3,7,0,Promising
C01222,9,15,17177.48,452.038947368421,62,6,2025-09-13,2026-06-22,291,5,5,5,15,4,Loyal Customers
C01223,3,16,14717.130000000001,358.9543902439025,92,6,2025-04-29,2026-06-28,428,5,5,5,15,4,Loyal Customers
C01224,4,6,4286.5,306.17857142857144,26,6,2025-08-12,2026-06-27,323,5,3,3,11,4,Loyal Customers
C01225,38,20,16845.920000000002,401.09333333333336,96,6,2024-06-12,2026-05-24,749,4,5,5,14,5,Champions
C01226,19,11,7155.18,340.72285714285715,44,6,2024-05-06,2026-06-12,786,5,4,4,13,5,Champions
C01227,37,7,5303.21,252.53380952380954,37,6,2024-11-20,2026-05-25,588,4,4,4,12,6,Potential Loyalists
C01228,406,5,3054.66,218.19,25,6,2024-07-29,2025-05-21,702,1,3,3,7,1,Needs Attention
C01230,12,6,2948.81,327.6455555555556,18,5,2024-04-23,2026-06-19,799,5,3,3,11,6,Potential Loyalists
C01231,48,3,2893.3599999999997,413.3371428571428,14,5,2025-11-24,2026-05-14,219,4,2,3,9,0,Promising
C01232,6,10,10090.36,388.09076923076924,49,6,2025-01-31,2026-06-25,516,5,4,4,13,4,Loyal Customers
C01233,146,11,10259.24,427.4683333333333,53,6,2024-04-25,2026-02-05,797,2,4,4,10,5,Champions
C01234,111,4,2372.29,395.38166666666666,13,4,2024-12-12,2026-03-12,566,3,3,2,8,6,Potential Loyalists
C01235,11,5,6472.98,404.56125,34,6,2024-12-22,2026-06-20,556,5,3,4,12,4,Loyal Customers
C01236,516,3,1840.8400000000001,230.10500000000002,16,5,2024-08-26,2025-01-31,674,1,2,2,5,1,Needs Attention
C01237,13,39,40108.07,422.1902105263158,183,6,2024-04-01,2026-06-18,821,5,5,5,15,5,Champions
C01238,151,6,3793.96,270.9971428571429,33,6,2024-12-18,2026-01-31,560,2,3,3,8,6,Potential Loyalists
C01239,6,12,15370.08,465.76,70,6,2024-12-10,2026-06-25,568,5,5,5,15,4,Loyal Customers
C01240,32,17,15624.4,434.0111111111111,73,6,2025-03-19,2026-05-30,469,4,5,5,14,4,Loyal Customers
C01241,134,4,1083.18,108.31800000000001,23,4,2024-11-15,2026-02-17,593,2,3,1,6,6,Potential Loyalists
C01242,9,9,6711.39,394.78764705882355,35,5,2025-06-30,2026-06-22,366,5,4,4,13,4,Loyal Customers
C01243,90,7,6995.76,437.235,32,6,2024-03-31,2026-04-02,822,3,4,4,11,5,Champions
C01244,77,7,6608.280000000001,413.01750000000004,35,6,2024-07-12,2026-04-15,719,3,4,4,11,6,Potential Loyalists
C01245,32,29,49018.61,590.5856626506024,164,6,2024-08-15,2026-05-30,685,4,5,5,14,5,Champions
C01246,634,1,226.31,226.31,3,1,2024-10-05,2024-10-05,634,1,1,1,3,2,At Risk
C01247,159,18,19507.87,375.15134615384613,113,6,2024-10-21,2026-01-23,618,2,5,5,12,5,Champions
C01250,23,14,6664.32,238.01142857142855,55,6,2025-06-09,2026-06-08,387,4,5,4,13,4,Loyal Customers
C01251,10,4,1510.24,137.29454545454544,22,4,2025-08-26,2026-06-21,309,5,3,2,10,0,Promising
C01253,442,4,3562.1200000000003,508.87428571428575,14,4,2024-05-23,2025-04-15,769,1,3,3,7,1,Needs Attention
C01254,469,5,2493.33,191.79461538461538,26,5,2024-04-14,2025-03-19,808,1,3,2,6,1,Needs Attention
C01256,40,15,17144.49,408.2021428571429,82,6,2024-03-28,2026-05-22,825,4,5,5,14,5,Champions
C01257,93,6,5172.94,246.33047619047616,46,6,2025-07-01,2026-03-30,365,3,3,3,9,4,Loyal Customers
C01258,232,6,3700.9100000000003,246.72733333333335,25,5,2024-03-19,2025-11-11,834,2,3,3,8,6,Potential Loyalists
C01259,1,20,30335.370000000003,722.2707142857143,91,6,2025-02-12,2026-06-30,504,5,5,5,15,5,Champions
C01260,56,4,2255.0299999999997,187.91916666666665,18,4,2025-12-29,2026-05-06,184,4,3,2,9,0,Promising
C01263,39,5,1617.65,161.76500000000001,21,4,2024-06-05,2026-05-23,756,4,3,2,9,6,Potential Loyalists
C01264,54,2,277.06,92.35333333333334,7,3,2026-02-15,2026-05-08,136,4,1,1,6,3,Hibernating
C01265,581,1,190.97,63.656666666666666,5,2,2024-11-27,2024-11-27,581,1,1,1,3,2,At Risk
C01267,43,10,9226.64,329.5228571428571,60,6,2025-02-21,2026-05-19,495,4,4,4,12,4,Loyal Customers
C01268,26,10,8024.2,348.8782608695652,44,6,2025-07-18,2026-06-05,348,4,4,4,12,4,Loyal Customers
C01269,156,2,445.41999999999996,89.08399999999999,9,3,2025-11-07,2026-01-26,236,2,1,1,4,3,Hibernating
C01270,36,26,45537.3,632.4625000000001,154,6,2024-12-04,2026-05-26,574,4,5,5,14,5,Champions
C01271,11,10,16721.04,643.1169230769231,53,6,2025-10-26,2026-06-20,248,5,4,5,14,4,Loyal Customers
C01272,8,21,28591.67,621.5580434782609,101,6,2025-04-02,2026-06-23,455,5,5,5,15,4,Loyal Customers
C01273,139,4,2647.36,203.64307692307693,24,6,2025-08-14,2026-02-12,321,2,3,2,7,0,Promising
C01275,442,1,380.31,126.77,4,3,2025-04-15,2025-04-15,442,1,1,1,3,2,At Risk
C01276,36,3,1713.94,342.788,8,4,2024-07-16,2026-05-26,715,4,2,2,8,6,Potential Loyalists
C01277,134,2,170.34,85.17,5,2,2025-02-08,2026-02-17,508,2,1,1,4,3,Hibernating
C01278,2,3,1461.3200000000002,182.66500000000002,15,5,2025-02-08,2026-06-29,508,5,2,2,9,6,Potential Loyalists
C01279,94,10,11304.58,452.1832,48,6,2024-08-26,2026-03-29,674,3,4,5,12,5,Champions
C01280,53,8,4008.91,235.81823529411764,34,5,2025-04-02,2026-05-09,455,4,4,3,11,6,Potential Loyalists
C01281,145,2,2192.8199999999997,438.56399999999996,8,4,2025-10-17,2026-02-06,257,2,1,2,5,0,Promising
C01283,262,4,5975.08,543.1890909090909,22,6,2024-08-14,2025-10-12,686,2,3,4,9,1,Needs Attention
C01284,485,2,1096.96,156.70857142857145,12,5,2025-03-02,2025-03-03,486,1,1,1,3,2,At Risk
C01286,33,8,9618.53,418.19695652173914,45,6,2025-03-31,2026-05-29,457,4,4,4,12,4,Loyal Customers
C01287,42,10,12385.0,442.32142857142856,56,6,2024-12-07,2026-05-20,571,4,4,5,13,4,Loyal Customers
C01288,146,1,593.53,148.3825,7,3,2026-02-05,2026-02-05,146,2,1,1,4,3,Hibernating
C01290,228,1,61.53,61.53,2,1,2025-11-15,2025-11-15,228,2,1,1,4,3,Hibernating
C01291,351,3,3966.4199999999996,495.80249999999995,17,6,2024-12-04,2025-07-15,574,1,2,3,6,1,Needs Attention
C01293,574,1,1041.08,347.02666666666664,9,3,2024-12-04,2024-12-04,574,1,1,1,3,1,Needs Attention
C01294,267,2,548.3900000000001,137.09750000000003,8,3,2025-07-14,2025-10-07,352,2,1,1,4,3,Hibernating
C01297,211,2,4145.15,518.14375,17,4,2025-09-28,2025-12-02,276,2,1,3,6,0,Promising
C01298,49,13,20412.62,537.1742105263157,73,6,2025-05-29,2026-05-13,398,4,5,5,14,4,Loyal Customers
C01301,430,6,7307.26,456.70375,34,6,2024-10-14,2025-04-27,625,1,3,4,8,1,Needs Attention
C01302,14,9,4963.89,330.92600000000004,32,5,2025-09-28,2026-06-17,276,5,4,3,12,4,Loyal Customers
C01303,94,2,4665.65,583.20625,17,5,2026-01-04,2026-03-29,178,3,1,3,7,0,Promising
C01304,64,27,22572.64,389.1834482758621,100,6,2024-01-25,2026-04-28,888,3,5,5,13,5,Champions
C01305,431,1,1901.05,633.6833333333333,7,2,2025-04-26,2025-04-26,431,1,1,2,4,1,Needs Attention
C01306,331,2,1391.57,173.94625,19,3,2025-06-27,2025-08-04,369,1,1,2,4,0,Promising
C01308,107,5,3455.18,215.94875,30,6,2024-05-17,2026-03-16,775,3,3,3,9,6,Potential Loyalists
C01310,210,3,4060.43,369.13,21,5,2025-02-22,2025-12-03,494,2,2,3,7,0,Promising
C01311,12,23,44326.59,671.6149999999999,134,6,2024-10-12,2026-06-19,627,5,5,5,15,5,Champions
C01312,465,1,132.41,44.13666666666666,8,2,2025-03-23,2025-03-23,465,1,1,1,3,3,Hibernating
C01314,12,1,19.65,19.65,1,1,2026-06-19,2026-06-19,12,5,1,1,7,3,Hibernating
C01315,18,2,1827.77,365.554,11,3,2026-04-03,2026-06-13,89,5,1,2,8,0,Promising
C01316,88,10,3085.9,140.26818181818183,39,6,2024-11-30,2026-04-04,578,3,4,3,10,6,Potential Loyalists
C01317,175,6,5120.15,301.18529411764706,39,6,2025-09-11,2026-01-07,293,2,3,3,8,0,Promising
C01318,704,1,334.11,111.37,6,3,2024-07-27,2024-07-27,704,1,1,1,3,2,At Risk
C01319,335,5,1254.32,96.48615384615384,29,5,2024-11-18,2025-07-31,590,1,3,2,6,2,At Risk
C01320,158,3,1193.01,238.602,9,3,2025-04-15,2026-01-24,442,2,2,1,5,0,Promising
C01322,50,1,184.6,184.6,2,1,2026-05-12,2026-05-12,50,4,1,1,6,3,Hibernating
C01323,6,9,7847.87,301.8411538461538,51,6,2024-01-29,2026-06-25,884,5,4,4,13,5,Champions
C01324,69,16,17291.61,352.89,101,6,2025-02-17,2026-04-23,499,3,5,5,13,4,Loyal Customers
C01325,27,8,10835.289999999999,637.3699999999999,38,5,2025-09-17,2026-06-04,287,4,4,4,12,4,Loyal Customers
C01326,355,4,2427.63,346.80428571428575,15,4,2024-10-17,2025-07-11,622,1,3,2,6,1,Needs Attention
C01327,33,10,8728.05,311.7160714285714,51,6,2025-01-07,2026-05-29,540,4,4,4,12,4,Loyal Customers
C01328,181,1,1185.74,1185.74,2,1,2026-01-01,2026-01-01,181,2,1,1,4,0,Promising
C01329,33,5,2527.21,280.80111111111114,20,5,2024-11-27,2026-05-29,581,4,3,2,9,6,Potential Loyalists
C01330,52,3,1716.1899999999998,245.17,17,5,2025-05-18,2026-05-10,409,4,2,2,8,0,Promising
C01331,140,5,2649.81,203.83153846153846,29,4,2024-09-13,2026-02-11,656,2,3,2,7,6,Potential Loyalists
C01332,12,11,9179.48,327.8385714285714,54,6,2025-07-06,2026-06-19,360,5,4,4,13,4,Loyal Customers
C01334,469,1,9.44,9.44,1,1,2025-03-19,2025-03-19,469,1,1,1,3,3,Hibernating
C01335,54,7,3328.72,208.045,30,6,2025-08-13,2026-05-08,322,4,4,3,11,0,Promising
C01336,167,6,3291.65,365.7388888888889,20,5,2025-04-23,2026-01-15,434,2,3,3,8,4,Loyal Customers
C01337,103,8,8066.65,384.12619047619046,46,6,2024-08-23,2026-03-20,677,3,4,4,11,6,Potential Loyalists
C01338,12,8,10750.08,511.9085714285714,40,6,2025-04-12,2026-06-19,445,5,4,4,13,4,Loyal Customers
C01339,49,11,9920.06,330.66866666666664,57,6,2025-03-30,2026-05-13,458,4,4,4,12,4,Loyal Customers
C01340,78,10,8736.84,323.58666666666664,53,6,2025-03-14,2026-04-14,474,3,4,4,11,4,Loyal Customers
C01342,63,2,1068.8,213.76,9,3,2024-11-20,2026-04-29,588,3,1,1,5,6,Potential Loyalists
C01343,394,1,598.38,199.46,7,3,2025-06-02,2025-06-02,394,1,1,1,3,2,At Risk
C01344,10,14,16708.18,451.57243243243244,67,6,2025-08-07,2026-06-21,328,5,5,5,15,4,Loyal Customers
C01345,48,5,1932.92,148.68615384615384,23,5,2024-08-09,2026-05-14,691,4,3,2,9,6,Potential Loyalists
C01346,458,1,2593.4,648.35,9,3,2025-03-30,2025-03-30,458,1,1,2,4,1,Needs Attention
C01347,32,11,9630.25,401.2604166666667,45,6,2024-10-05,2026-05-30,634,4,4,4,12,5,Champions
C01348,5,6,4568.28,351.4061538461538,23,4,2024-11-02,2026-06-26,606,5,3,3,11,6,Potential Loyalists
C01349,31,8,14458.109999999999,556.0811538461538,56,6,2025-05-06,2026-05-31,421,4,4,5,13,4,Loyal Customers
C01350,93,3,1282.82,142.53555555555556,20,5,2025-11-24,2026-03-30,219,3,2,2,7,0,Promising
C01351,516,2,2519.42,629.855,8,3,2025-01-29,2025-01-31,518,1,1,2,4,1,Needs Attention
C01354,418,6,2976.89,186.055625,33,6,2024-06-12,2025-05-09,749,1,3,3,7,1,Needs Attention
C01355,520,1,132.82,132.82,1,1,2025-01-27,2025-01-27,520,1,1,1,3,2,At Risk
C01356,221,2,2654.69,442.4483333333333,9,4,2025-08-04,2025-11-22,331,2,1,2,5,0,Promising
C01357,94,3,919.6800000000001,229.92000000000002,11,4,2025-10-31,2026-03-29,243,3,2,1,6,0,Promising
C01358,57,3,3912.63,355.69363636363636,25,6,2025-09-21,2026-05-05,283,4,2,3,9,0,Promising
C01359,196,2,1032.8899999999999,344.2966666666666,5,3,2025-10-09,2025-12-17,265,2,1,1,4,0,Promising
C01361,135,5,6637.02,510.54,24,6,2025-04-28,2026-02-16,429,2,3,4,9,4,Loyal Customers
C01362,297,1,152.27,38.0675,8,2,2025-09-07,2025-09-07,297,1,1,1,3,3,Hibernating
C01363,429,5,4455.59,371.2991666666667,23,5,2024-05-12,2025-04-28,780,1,3,3,7,1,Needs Attention
C01364,73,3,1619.76,269.96,14,4,2025-11-09,2026-04-19,234,3,2,2,7,0,Promising
C01365,24,16,17727.3,412.2627906976744,84,6,2024-06-09,2026-06-07,752,4,5,5,14,5,Champions
C01366,256,1,129.76,64.88,2,2,2025-10-18,2025-10-18,256,2,1,1,4,3,Hibernating
C01367,489,6,2396.57,171.18357142857144,23,6,2024-04-13,2025-02-27,809,1,3,2,6,1,Needs Attention
C01368,6,17,26267.02,596.9777272727273,97,6,2025-08-21,2026-06-25,314,5,5,5,15,4,Loyal Customers
C01369,242,2,2126.86,708.9533333333334,6,3,2025-08-19,2025-11-01,316,2,1,2,5,0,Promising
C01370,305,2,963.53,240.8825,8,4,2024-12-30,2025-08-30,548,1,1,1,3,1,Needs Attention
C01371,16,8,6090.72,338.37333333333333,32,6,2025-06-11,2026-06-15,385,5,4,4,13,4,Loyal Customers
C01372,8,13,11593.83,340.995,54,6,2025-02-11,2026-06-23,505,5,5,5,15,4,Loyal Customers
C01373,41,2,2376.71,594.1775,8,3,2025-09-19,2026-05-21,285,4,1,2,7,0,Promising
C01374,22,12,9790.3,391.61199999999997,51,6,2024-12-04,2026-06-09,574,5,5,4,14,4,Loyal Customers
C01375,135,5,2601.97,173.46466666666666,25,6,2025-07-23,2026-02-16,343,2,3,2,7,0,Promising
C01376,32,10,15207.03,661.1752173913044,53,6,2024-11-26,2026-05-30,582,4,4,5,13,4,Loyal Customers
C01377,201,3,4637.400000000001,463.74000000000007,16,5,2025-09-07,2025-12-12,297,2,2,3,7,0,Promising
C01378,339,2,4832.83,604.10375,17,4,2025-07-07,2025-07-27,359,1,1,3,5,1,Needs Attention
C01379,79,5,2901.7,263.79090909090905,22,4,2025-08-07,2026-04-13,328,3,3,3,9,0,Promising
C01380,33,5,3779.8700000000003,377.987,19,5,2025-05-09,2026-05-29,418,4,3,3,10,4,Loyal Customers
C01381,16,13,15517.14,431.03166666666664,78,6,2024-03-14,2026-06-15,839,5,5,5,15,5,Champions
C01382,27,20,27429.51,609.5446666666667,96,6,2024-11-08,2026-06-04,600,4,5,5,14,5,Champions
C01383,5,8,9799.39,699.9564285714285,31,6,2025-01-10,2026-06-26,537,5,4,4,13,4,Loyal Customers
C01384,55,14,12165.59,347.58828571428575,66,6,2024-05-27,2026-05-07,765,4,5,5,14,5,Champions
C01385,374,3,1254.7,179.24285714285716,12,5,2024-07-13,2025-06-22,718,1,2,2,5,2,At Risk
C01386,32,29,49457.46,634.0699999999999,152,6,2024-10-02,2026-05-30,637,4,5,5,14,5,Champions
C01388,162,5,1251.02,156.3775,15,4,2024-11-08,2026-01-20,600,2,3,2,7,6,Potential Loyalists
C01390,54,11,6901.97,276.0788,51,6,2024-07-29,2026-05-08,702,4,4,4,12,6,Potential Loyalists
C01391,62,10,6842.91,311.04136363636366,42,6,2024-09-15,2026-04-30,654,3,4,4,11,6,Potential Loyalists
C01392,242,1,510.56,127.64,7,4,2025-11-01,2025-11-01,242,2,1,1,4,3,Hibernating
C01393,21,27,44677.74,657.0255882352941,138,6,2024-06-09,2026-06-10,752,5,5,5,15,5,Champions
C01395,1,14,15923.98,513.6767741935483,63,6,2024-04-18,2026-06-30,804,5,5,5,15,5,Champions
C01396,18,5,4733.21,315.5473333333333,25,5,2025-03-25,2026-06-13,463,5,3,3,11,4,Loyal Customers
C01397,73,10,17039.77,631.1025925925926,55,6,2024-03-14,2026-04-19,839,3,4,5,12,5,Champions
C01398,228,1,2561.59,1280.795,4,2,2025-11-15,2025-11-15,228,2,1,2,5,0,Promising
C01399,62,6,4407.1,339.0076923076923,28,6,2025-08-11,2026-04-30,324,3,3,3,9,4,Loyal Customers
C01401,275,2,2581.15,368.7357142857143,14,3,2025-09-07,2025-09-29,297,2,1,2,5,0,Promising
C01402,20,16,11712.08,300.30974358974356,73,6,2024-05-30,2026-06-11,762,5,5,5,15,5,Champions
C01403,296,3,1244.31,155.53875,13,5,2025-07-06,2025-09-08,360,1,2,2,5,0,Promising
C01404,33,9,5452.65,237.07173913043476,42,6,2025-07-22,2026-05-29,344,4,4,4,12,4,Loyal Customers
C01405,73,4,1457.8,132.52727272727273,21,5,2024-04-14,2026-04-19,808,3,3,2,8,6,Potential Loyalists
C01406,18,10,9488.68,327.19586206896554,61,6,2025-02-04,2026-06-13,512,5,4,4,13,4,Loyal Customers
C01407,18,25,37679.31,661.0405263157894,110,6,2024-11-22,2026-06-13,586,5,5,5,15,5,Champions
C01409,344,1,127.28,31.82,9,3,2025-07-22,2025-07-22,344,1,1,1,3,3,Hibernating
C01411,14,3,5063.82,562.6466666666666,23,5,2025-04-24,2026-06-17,433,5,2,3,10,4,Loyal Customers
C01413,127,33,50540.01,580.9196551724139,176,6,2024-10-13,2026-02-24,626,3,5,5,13,5,Champions
C01415,46,13,11645.44,323.4844444444445,71,6,2024-03-28,2026-05-16,825,4,5,5,14,5,Champions
C01416,17,10,10800.51,385.7325,63,6,2024-07-18,2026-06-14,713,5,4,4,13,5,Champions
C01417,378,1,595.15,198.38333333333333,7,3,2025-06-18,2025-06-18,378,1,1,1,3,2,At Risk
C01418,345,1,416.18999999999994,208.09499999999997,3,2,2025-07-21,2025-07-21,345,1,1,1,3,2,At Risk
C01420,319,1,2403.94,801.3133333333334,8,3,2025-08-16,2025-08-16,319,1,1,2,4,0,Promising
C01421,22,7,5199.71,324.981875,32,6,2024-08-30,2026-06-09,670,5,4,4,13,6,Potential Loyalists
C01422,439,4,3400.3100000000004,485.7585714285715,12,3,2024-06-26,2025-04-18,735,1,3,3,7,1,Needs Attention
C01423,19,12,11752.37,435.272962962963,51,6,2025-06-06,2026-06-12,390,5,5,5,15,4,Loyal Customers
C01424,39,17,13820.15,337.07682926829267,83,6,2024-01-20,2026-05-23,893,4,5,5,14,5,Champions
C01425,358,3,1792.91,256.13,12,4,2025-03-29,2025-07-08,459,1,2,2,5,1,Needs Attention
C01426,46,9,8051.46,402.573,43,6,2025-08-29,2026-05-16,306,4,4,4,12,4,Loyal Customers
C01427,299,1,303.56,151.78,3,2,2025-09-05,2025-09-05,299,1,1,1,3,3,Hibernating
C01428,100,4,4180.01,464.4455555555556,16,5,2025-06-23,2026-03-23,373,3,3,3,9,0,Promising
C01430,527,4,4462.79,318.7707142857143,28,6,2024-08-16,2025-01-20,684,1,3,3,7,1,Needs Attention
C01431,426,7,6639.93,368.885,41,6,2024-03-17,2025-05-01,836,1,4,4,9,1,Needs Attention
C01432,37,6,2925.14,162.50777777777776,38,6,2025-10-06,2026-05-25,268,4,3,3,10,0,Promising
C01434,9,18,16470.39,433.4313157894737,81,6,2025-01-25,2026-06-22,522,5,5,5,15,5,Champions
C01435,209,1,760.91,190.2275,10,2,2025-12-04,2025-12-04,209,2,1,1,4,0,Promising
C01436,578,2,3037.9,759.475,9,3,2024-09-24,2024-11-30,645,1,1,3,5,1,Needs Attention
C01437,23,22,37617.409999999996,637.583220338983,128,6,2025-01-03,2026-06-08,544,4,5,5,14,5,Champions
C01438,26,4,3262.7400000000002,233.05285714285716,25,6,2025-04-29,2026-06-05,428,4,3,3,10,6,Potential Loyalists
C01439,347,3,3698.72,739.7439999999999,10,3,2024-05-18,2025-07-19,774,1,2,3,6,1,Needs Attention
C01440,194,8,3897.15,205.11315789473684,36,6,2024-12-18,2025-12-19,560,2,4,3,9,6,Potential Loyalists
C01441,94,5,2080.85,208.08499999999998,21,4,2024-08-02,2026-03-29,698,3,3,2,8,6,Potential Loyalists
C01442,500,3,870.78,145.13,9,4,2024-12-01,2025-02-16,577,1,2,1,4,2,At Risk
C01444,544,2,482.97,96.59400000000001,13,2,2024-11-27,2025-01-03,581,1,1,1,3,2,At Risk
C01445,557,2,502.59,100.518,11,4,2024-07-25,2024-12-21,706,1,1,1,3,2,At Risk
C01446,84,5,6256.71,446.90785714285715,26,6,2025-06-26,2026-04-08,370,3,3,4,10,4,Loyal Customers
C01447,162,6,3115.2999999999997,259.6083333333333,29,4,2024-03-10,2026-01-20,843,2,3,3,8,6,Potential Loyalists
C01449,10,23,18681.06,345.9455555555556,109,6,2024-04-14,2026-06-21,808,5,5,5,15,5,Champions
C01451,656,3,1510.8999999999999,167.87777777777777,14,5,2024-04-13,2024-09-13,809,1,2,2,5,2,At Risk
C01452,93,1,991.75,330.5833333333333,8,1,2026-03-30,2026-03-30,93,3,1,1,5,0,Promising
C01453,40,6,2989.54,199.30266666666665,29,6,2025-02-27,2026-05-22,489,4,3,3,10,6,Potential Loyalists
C01454,438,7,9041.18,565.07375,24,6,2024-06-05,2025-04-19,756,1,4,4,9,1,Needs Attention
C01455,70,3,1897.92,379.584,9,4,2025-09-23,2026-04-22,281,3,2,2,7,0,Promising
C01456,33,13,11550.64,320.8511111111111,75,6,2024-04-11,2026-05-29,811,4,5,5,14,5,Champions
C01457,286,2,2988.55,747.1375,9,3,2025-03-23,2025-09-18,465,2,1,3,6,1,Needs Attention
C01458,12,11,8233.74,294.0621428571429,55,6,2025-03-27,2026-06-19,461,5,4,4,13,4,Loyal Customers
C01459,186,7,8742.949999999999,514.2911764705882,35,5,2025-06-11,2025-12-27,385,2,4,4,10,4,Loyal Customers
C01460,229,3,2634.0,329.25,16,4,2025-08-16,2025-11-14,319,2,2,2,6,0,Promising
C01461,328,2,1205.8,241.16,7,5,2025-03-31,2025-08-07,457,1,1,1,3,1,Needs Attention
C01462,86,5,2566.2599999999998,183.3042857142857,25,6,2024-10-05,2026-04-06,634,3,3,2,8,6,Potential Loyalists
C01464,29,8,6531.34,343.7547368421053,36,6,2025-05-09,2026-06-02,418,4,4,4,12,4,Loyal Customers
C01465,15,7,4779.5,265.52777777777777,34,6,2025-08-13,2026-06-16,322,5,4,3,12,4,Loyal Customers
C01466,30,3,1101.68,183.61333333333334,11,3,2025-07-02,2026-06-01,364,4,2,1,7,0,Promising
C01467,135,3,5108.93,638.61625,13,4,2025-04-13,2026-02-16,444,2,2,3,7,0,Promising
C01468,66,6,3076.33,180.96058823529413,35,6,2024-11-14,2026-04-26,594,3,3,3,9,6,Potential Loyalists
C01469,6,23,41855.63,653.99421875,120,6,2024-12-25,2026-06-25,553,5,5,5,15,5,Champions
C01470,519,3,775.98,129.33,12,2,2024-09-17,2025-01-28,652,1,2,1,4,2,At Risk
C01472,25,32,38691.78,502.49064935064933,150,6,2024-02-01,2026-06-06,881,4,5,5,14,5,Champions
C01473,175,1,726.5600000000001,181.64000000000001,8,4,2026-01-07,2026-01-07,175,2,1,1,4,0,Promising
C01474,569,3,2337.92,212.5381818181818,24,6,2024-07-07,2024-12-09,724,1,2,2,5,1,Needs Attention
C01475,129,16,25443.76,553.1252173913043,98,6,2024-07-15,2026-02-22,716,3,5,5,13,5,Champions
C01476,53,8,5889.45,294.47249999999997,38,5,2025-06-26,2026-05-09,370,4,4,4,12,4,Loyal Customers
C01478,437,2,3215.38,643.076,9,3,2024-06-04,2025-04-20,757,1,1,3,5,1,Needs Attention
C01479,4,11,11338.1,365.7451612903226,64,6,2024-11-17,2026-06-27,591,5,4,5,14,4,Loyal Customers
C01480,207,1,1119.75,559.875,3,2,2025-12-06,2025-12-06,207,2,1,1,4,0,Promising
C01481,5,16,18108.72,452.718,84,6,2024-11-11,2026-06-26,597,5,5,5,15,5,Champions
C01482,50,6,4337.5,333.65384615384613,25,5,2025-07-10,2026-05-12,356,4,3,3,10,4,Loyal Customers
C01484,54,3,1849.2299999999998,369.84599999999995,9,5,2024-12-24,2026-05-08,554,4,2,2,8,6,Potential Loyalists
C01486,170,3,2958.7400000000002,493.1233333333334,16,4,2025-04-14,2026-01-12,443,2,2,3,7,0,Promising
C01487,532,1,494.46,164.82,8,3,2025-01-15,2025-01-15,532,1,1,1,3,2,At Risk
C01488,451,4,5013.93,626.74125,20,5,2024-07-19,2025-04-06,712,1,3,3,7,1,Needs Attention
C01489,23,4,4162.75,378.4318181818182,20,6,2024-12-11,2026-06-08,567,4,3,3,10,6,Potential Loyalists
C01490,699,2,1424.04,356.01,8,2,2024-05-24,2024-08-01,768,1,1,2,4,1,Needs Attention
C01492,55,5,4301.32,330.8707692307692,31,5,2025-04-06,2026-05-07,451,4,3,3,10,4,Loyal Customers
C01493,52,6,3687.84,184.392,40,6,2025-07-28,2026-05-10,338,4,3,3,10,0,Promising
C01494,135,8,3653.3999999999996,243.55999999999997,23,6,2024-06-09,2026-02-16,752,2,4,3,9,6,Potential Loyalists
C01495,30,11,9855.29,339.83758620689656,59,6,2025-12-03,2026-06-01,210,4,4,4,12,4,Loyal Customers
C01496,54,3,2322.84,258.09333333333336,15,5,2025-03-22,2026-05-08,466,4,2,2,8,0,Promising
C01498,60,7,6366.89,353.7161111111111,38,6,2025-01-07,2026-05-02,540,3,4,4,11,4,Loyal Customers
C01499,49,1,2106.65,1053.325,6,2,2026-05-13,2026-05-13,49,4,1,2,7,0,Promising
C01502,15,27,38028.03,543.2575714285714,135,6,2024-06-04,2026-06-16,757,5,5,5,15,5,Champions
C01505,53,6,4715.07,248.1615789473684,36,5,2025-01-30,2026-05-09,517,4,3,3,10,6,Potential Loyalists
C01506,480,2,2106.46,421.29200000000003,10,4,2025-01-25,2025-03-08,522,1,1,2,4,1,Needs Attention
C01507,266,2,2547.4,424.56666666666666,10,5,2025-04-17,2025-10-08,440,2,1,2,5,0,Promising
C01508,92,14,12729.460000000001,410.6277419354839,76,6,2024-03-16,2026-03-31,837,3,5,5,13,5,Champions
C01509,107,5,13068.9,816.80625,33,6,2025-05-25,2026-03-16,402,3,3,5,11,4,Loyal Customers
C01511,157,1,1040.26,1040.26,2,1,2026-01-25,2026-01-25,157,2,1,1,4,0,Promising
C01513,22,15,12018.380000000001,364.1933333333334,63,6,2024-06-29,2026-06-09,732,5,5,5,15,5,Champions
C01514,341,3,859.3399999999999,171.868,10,3,2024-11-14,2025-07-25,594,1,2,1,4,2,At Risk
C01515,7,6,5700.0199999999995,380.0013333333333,31,5,2025-01-01,2026-06-24,546,5,3,4,12,4,Loyal Customers
C01516,94,10,6248.02,240.30846153846156,49,6,2024-06-11,2026-03-29,750,3,4,4,11,6,Potential Loyalists
C01517,480,6,2948.06,210.57571428571427,28,6,2024-07-04,2025-03-08,727,1,3,3,7,1,Needs Attention
C01520,23,10,10212.21,352.1451724137931,56,6,2025-03-26,2026-06-08,462,4,4,4,12,4,Loyal Customers
C01521,344,3,1799.06,257.00857142857143,13,5,2025-03-23,2025-07-22,465,1,2,2,5,1,Needs Attention
C01522,235,3,1364.85,170.60625,16,5,2025-06-01,2025-11-08,395,2,2,2,6,0,Promising
C01525,21,18,21203.260000000002,400.0615094339623,109,6,2025-09-04,2026-06-10,300,5,5,5,15,4,Loyal Customers
C01526,40,19,24238.72,577.1123809523809,96,6,2025-02-06,2026-05-22,510,4,5,5,14,5,Champions
C01527,156,4,2567.73,285.30333333333334,14,4,2025-07-25,2026-01-26,341,2,3,2,7,0,Promising
C01528,19,15,13350.99,417.2184375,59,6,2024-11-20,2026-06-12,588,5,5,5,15,5,Champions
C01529,384,2,1116.1100000000001,186.01833333333335,10,4,2024-11-05,2025-06-12,603,1,1,1,3,2,At Risk
C01532,112,3,1991.68,165.97333333333333,21,6,2025-01-09,2026-03-11,538,3,2,2,7,6,Potential Loyalists
C01533,7,3,2755.69,306.1877777777778,17,4,2024-05-22,2026-06-24,770,5,2,3,10,6,Potential Loyalists
C01534,41,1,1606.66,401.665,7,2,2026-05-21,2026-05-21,41,4,1,2,7,0,Promising
C01536,424,4,6616.05,508.9269230769231,32,5,2024-10-01,2025-05-03,638,1,3,4,8,1,Needs Attention
C01537,87,18,21979.44,511.14976744186043,95,6,2025-01-25,2026-04-05,522,3,5,5,13,5,Champions
C01538,3,12,4491.8,144.8967741935484,67,6,2024-09-29,2026-06-28,640,5,5,3,13,6,Potential Loyalists
C01539,119,3,1239.78,177.11142857142858,16,4,2025-07-18,2026-03-04,348,3,2,2,7,0,Promising
C01540,246,3,502.61,100.522,9,4,2025-06-27,2025-10-28,369,2,2,1,5,3,Hibernating
C01541,6,17,20455.67,426.15979166666665,104,6,2025-07-17,2026-06-25,349,5,5,5,15,4,Loyal Customers
C01542,162,2,653.81,130.762,10,3,2025-09-01,2026-01-20,303,2,1,1,4,3,Hibernating
C01543,777,1,292.32,97.44,9,3,2024-05-15,2024-05-15,777,1,1,1,3,2,At Risk
C01544,98,4,4151.26,377.3872727272728,22,5,2025-04-20,2026-03-25,437,3,3,3,9,0,Promising
C01545,360,4,2318.14,193.1783333333333,24,6,2024-10-10,2025-07-06,629,1,3,2,6,1,Needs Attention
C01546,289,3,5066.27,633.28375,18,4,2024-09-28,2025-09-15,641,2,2,3,7,1,Needs Attention
C01547,323,3,1087.23,155.31857142857143,12,5,2024-10-31,2025-08-12,608,1,2,1,4,2,At Risk
C01549,334,2,999.54,499.77,5,2,2024-11-10,2025-08-01,598,1,1,1,3,1,Needs Attention
C01552,425,1,77.12,25.706666666666667,6,3,2025-05-02,2025-05-02,425,1,1,1,3,3,Hibernating
C01553,246,2,540.86,180.28666666666666,7,1,2025-01-17,2025-10-28,530,2,1,1,4,2,At Risk
C01554,455,1,43.77,43.77,2,1,2025-04-02,2025-04-02,455,1,1,1,3,3,Hibernating
C01555,58,9,11317.91,419.18185185185183,57,6,2025-03-22,2026-05-04,466,4,4,5,13,4,Loyal Customers
C01556,8,21,24300.82,418.9796551724138,117,6,2024-02-19,2026-06-23,863,5,5,5,15,5,Champions
C01558,241,4,4113.2300000000005,411.32300000000004,19,4,2024-07-04,2025-11-02,727,2,3,3,8,1,Needs Attention
C01560,74,7,9650.55,507.9236842105263,37,6,2025-06-05,2026-04-18,391,3,4,4,11,4,Loyal Customers
C01563,39,3,1300.58,216.76333333333332,10,5,2025-02-16,2026-05-23,500,4,2,2,8,6,Potential Loyalists
C01564,149,2,1468.92,209.8457142857143,9,5,2025-10-27,2026-02-02,247,2,1,2,5,0,Promising
C01565,11,31,43952.64,586.0352,146,6,2025-03-05,2026-06-20,483,5,5,5,15,5,Champions
C01566,18,12,9685.74,421.1191304347826,48,6,2024-10-14,2026-06-13,625,5,5,4,14,5,Champions
C01567,38,27,37323.53,497.64706666666666,146,6,2024-11-22,2026-05-24,586,4,5,5,14,5,Champions
C01568,120,1,432.96,216.48,6,2,2026-03-03,2026-03-03,120,3,1,1,5,0,Promising
C01570,10,28,40167.4,627.615625,124,6,2024-04-05,2026-06-21,817,5,5,5,15,5,Champions
C01571,184,2,1737.32,248.1885714285714,9,5,2024-10-16,2025-12-29,623,2,1,2,5,6,Potential Loyalists
C01572,100,2,1819.3700000000001,259.91,15,5,2026-01-21,2026-03-23,161,3,1,2,6,0,Promising
C01573,139,5,6883.29,430.205625,34,5,2024-01-28,2026-02-12,885,2,3,4,9,6,Potential Loyalists
C01574,71,4,2079.01,159.92384615384617,22,5,2025-03-14,2026-04-21,474,3,3,2,8,6,Potential Loyalists
C01575,30,17,27633.65,600.7315217391305,92,6,2025-05-14,2026-06-01,413,4,5,5,14,4,Loyal Customers
C01576,30,2,1866.3,466.575,11,4,2026-05-30,2026-06-01,32,4,1,2,7,0,Promising
C01578,8,1,62.64,62.64,3,1,2026-06-23,2026-06-23,8,5,1,1,7,3,Hibernating
C01579,46,20,17327.96,468.3232432432432,79,6,2025-01-06,2026-05-16,541,4,5,5,14,5,Champions
C01580,19,14,8015.69,235.7555882352941,64,6,2024-10-08,2026-06-12,631,5,5,4,14,5,Champions
C01582,366,3,3735.49,466.93625,18,4,2025-02-06,2025-06-30,510,1,2,3,6,1,Needs Attention
C01583,34,22,32473.09,532.3457377049181,123,6,2025-04-30,2026-05-28,427,4,5,5,14,4,Loyal Customers
C01585,140,9,6030.01,262.17434782608694,45,5,2024-07-26,2026-02-11,705,2,4,4,10,6,Potential Loyalists
C01586,10,9,8334.71,362.37869565217386,38,6,2025-05-01,2026-06-21,426,5,4,4,13,4,Loyal Customers
C01587,96,6,9093.91,534.9358823529411,32,5,2025-05-11,2026-03-27,416,3,3,4,10,4,Loyal Customers
C01588,37,6,7996.66,470.39176470588234,33,6,2024-09-19,2026-05-25,650,4,3,4,11,6,Potential Loyalists
C01589,52,1,120.74,60.37,3,2,2026-05-10,2026-05-10,52,4,1,1,6,3,Hibernating
C01590,47,6,2769.71,251.79181818181817,22,5,2025-09-13,2026-05-15,291,4,3,3,10,0,Promising
C01592,367,2,2081.4100000000003,416.28200000000004,12,3,2025-01-01,2025-06-29,546,1,1,2,4,1,Needs Attention
C01593,226,2,3899.04,974.76,8,4,2025-10-06,2025-11-17,268,2,1,3,6,0,Promising
C01594,130,9,6391.29,336.3836842105263,36,6,2024-12-19,2026-02-21,559,3,4,4,11,6,Potential Loyalists
C01596,24,1,145.43,145.43,2,1,2026-06-07,2026-06-07,24,4,1,1,6,3,Hibernating
C01597,57,22,23205.78,414.38892857142855,109,6,2024-03-29,2026-05-05,824,4,5,5,14,5,Champions
C01598,1,12,6673.82,215.28451612903226,60,6,2024-11-06,2026-06-30,602,5,5,4,14,6,Potential Loyalists
C01599,88,4,2058.37,343.06166666666667,12,5,2025-10-07,2026-04-04,267,3,3,2,8,0,Promising
C01600,50,17,31196.98,725.5111627906977,81,6,2024-12-28,2026-05-12,550,4,5,5,14,5,Champions
C01601,202,2,2410.19,401.6983333333333,15,3,2025-11-17,2025-12-11,226,2,1,2,5,0,Promising
C01602,19,4,3748.8999999999996,416.5444444444444,17,4,2025-04-03,2026-06-12,454,5,3,3,11,4,Loyal Customers
C01603,250,11,9269.62,319.6420689655173,58,6,2024-04-23,2025-10-24,799,2,4,4,10,5,Champions
C01606,30,3,2014.98,503.745,8,3,2024-08-09,2026-06-01,691,4,2,2,8,6,Potential Loyalists
C01607,27,7,5625.2,267.8666666666667,45,6,2025-04-23,2026-06-04,434,4,4,4,12,4,Loyal Customers
C01608,26,14,15975.21,570.5432142857143,53,6,2025-05-13,2026-06-05,414,4,5,5,14,4,Loyal Customers
C01609,28,10,7065.93,252.35464285714286,62,6,2024-08-09,2026-06-03,691,4,4,4,12,6,Potential Loyalists
C01610,81,1,45.71,45.71,1,1,2026-04-11,2026-04-11,81,3,1,1,5,3,Hibernating
C01611,266,2,1869.69,267.09857142857146,12,5,2025-08-19,2025-10-08,316,2,1,2,5,0,Promising
C01612,58,13,14251.72,527.8414814814814,56,6,2025-03-04,2026-05-04,484,4,5,5,14,4,Loyal Customers
C01613,288,1,1364.1499999999999,341.03749999999997,7,3,2025-09-16,2025-09-16,288,2,1,2,5,0,Promising
C01614,152,1,516.75,516.75,2,1,2026-01-30,2026-01-30,152,2,1,1,4,0,Promising
C01615,8,12,9711.66,294.2927272727273,67,6,2024-03-27,2026-06-23,826,5,5,4,14,5,Champions
C01616,12,9,5320.43,280.02263157894737,38,6,2024-08-18,2026-06-19,682,5,4,4,13,6,Potential Loyalists
C01617,3,16,7261.01,226.9065625,59,6,2024-07-17,2026-06-28,714,5,5,4,14,5,Champions
C01619,10,16,16251.98,507.874375,68,6,2025-07-01,2026-06-21,365,5,5,5,15,4,Loyal Customers
C01620,436,3,1133.3,188.88333333333333,14,3,2024-08-07,2025-04-21,693,1,2,1,4,2,At Risk
C01621,106,4,3363.46,336.346,19,5,2024-09-02,2026-03-17,667,3,3,3,9,6,Potential Loyalists
C01622,79,7,4493.26,249.62555555555556,32,5,2024-06-07,2026-04-13,754,3,4,3,10,6,Potential Loyalists
C01623,46,13,11182.93,372.76433333333335,56,6,2024-04-07,2026-05-16,815,4,5,4,13,5,Champions
C01624,99,5,3558.36,296.53000000000003,24,6,2024-11-29,2026-03-24,579,3,3,3,9,6,Potential Loyalists
C01625,141,3,1535.43,153.543,24,4,2025-12-21,2026-02-10,192,2,2,2,6,0,Promising
C01626,425,5,3133.38,261.115,23,6,2024-06-13,2025-05-02,748,1,3,3,7,1,Needs Attention
C01627,251,2,358.57,71.714,8,3,2025-02-21,2025-10-23,495,2,1,1,4,3,Hibernating
C01628,174,5,3152.53,350.28111111111116,18,3,2024-09-21,2026-01-08,648,2,3,3,8,6,Potential Loyalists
C01629,4,30,31022.39,449.59985507246375,139,6,2024-09-13,2026-06-27,656,5,5,5,15,5,Champions
C01630,240,1,171.35,57.11666666666667,3,3,2025-11-03,2025-11-03,240,2,1,1,4,3,Hibernating
C01631,13,15,12882.61,322.06525,80,6,2025-04-14,2026-06-18,443,5,5,5,15,4,Loyal Customers
C01632,48,11,12631.47,435.56793103448274,57,6,2024-09-18,2026-05-14,651,4,4,5,13,5,Champions
C01633,11,4,2321.27,257.9188888888889,20,5,2025-07-02,2026-06-20,364,5,3,2,10,0,Promising
C01634,490,1,415.47,138.49,6,2,2025-02-26,2025-02-26,490,1,1,1,3,2,At Risk
C01635,44,11,14760.89,527.1746428571429,57,6,2024-05-14,2026-05-18,778,4,4,5,13,5,Champions
C01636,36,10,6009.79,300.4895,42,6,2024-03-15,2026-05-26,838,4,4,4,12,5,Champions
C01637,161,4,1337.76,191.10857142857142,15,4,2025-03-14,2026-01-21,474,2,3,2,7,6,Potential Loyalists
C01639,103,7,3059.7,218.54999999999998,34,6,2024-05-03,2026-03-20,789,3,4,3,10,6,Potential Loyalists
C01640,19,5,6290.5,524.2083333333334,25,6,2025-10-02,2026-06-12,272,5,3,4,12,4,Loyal Customers
C01641,187,5,6397.860000000001,376.34470588235297,38,6,2024-10-10,2025-12-26,629,2,3,4,9,6,Potential Loyalists
C01642,416,1,763.16,254.38666666666666,4,3,2025-05-11,2025-05-11,416,1,1,1,3,2,At Risk
C01643,74,4,1611.78,161.178,16,6,2024-06-18,2026-04-18,743,3,3,2,8,6,Potential Loyalists
C01644,33,5,8137.04,581.2171428571429,36,6,2024-07-03,2026-05-29,728,4,3,4,11,6,Potential Loyalists
C01645,234,7,6014.76,353.8094117647059,29,6,2024-09-12,2025-11-09,657,2,4,4,10,6,Potential Loyalists
C01646,224,5,1426.31,129.66454545454545,20,5,2024-10-12,2025-11-19,627,2,3,2,7,6,Potential Loyalists
C01647,5,10,7651.89,306.0756,46,6,2025-07-22,2026-06-26,344,5,4,4,13,4,Loyal Customers
C01648,1,1,549.06,549.06,2,1,2026-06-30,2026-06-30,1,5,1,1,7,0,Promising
C01649,425,1,37.59,37.59,2,1,2025-05-02,2025-05-02,425,1,1,1,3,3,Hibernating
C01650,8,11,22121.32,762.8041379310345,59,6,2025-08-22,2026-06-23,313,5,4,5,14,4,Loyal Customers
C01651,16,6,5211.02,400.84769230769234,29,6,2025-11-19,2026-06-15,224,5,3,4,12,4,Loyal Customers
C01652,51,3,3263.2200000000003,407.90250000000003,19,5,2025-05-11,2026-05-11,416,4,2,3,9,0,Promising
C01653,17,7,4093.4100000000003,292.3864285714286,28,5,2025-06-19,2026-06-14,377,5,4,3,12,4,Loyal Customers
C01654,5,6,5594.08,372.9386666666667,30,6,2025-08-06,2026-06-26,329,5,3,4,12,4,Loyal Customers
C01657,321,2,2119.09,353.1816666666667,10,4,2024-12-30,2025-08-14,548,1,1,2,4,1,Needs Attention
C01658,440,3,2923.4300000000003,324.8255555555556,17,5,2024-10-21,2025-04-17,618,1,2,3,6,1,Needs Attention
C01659,132,3,2853.49,356.68625,19,5,2025-03-24,2026-02-19,464,2,2,3,7,0,Promising
C01660,65,25,31756.78,504.075873015873,136,6,2024-12-28,2026-04-27,550,3,5,5,13,5,Champions
C01661,238,2,5121.08,640.135,15,4,2024-11-05,2025-11-05,603,2,1,3,6,1,Needs Attention
C01663,511,3,2802.36,311.37333333333333,18,5,2024-03-30,2025-02-05,823,1,2,3,6,1,Needs Attention
C01664,294,3,777.5799999999999,155.516,10,4,2024-08-17,2025-09-10,683,2,2,1,5,2,At Risk
C01665,46,3,761.69,108.81285714285715,15,4,2025-09-17,2026-05-16,287,4,2,1,7,3,Hibernating
C01666,98,3,1215.32,202.5533333333333,15,4,2024-10-27,2026-03-25,612,3,2,1,6,6,Potential Loyalists
C01667,19,6,4750.2,263.9,40,6,2024-12-02,2026-06-12,576,5,3,3,11,6,Potential Loyalists
C01668,29,9,13131.66,468.98785714285714,55,6,2025-10-13,2026-06-02,261,4,4,5,13,4,Loyal Customers
C01669,74,9,4202.57,191.02590909090907,49,6,2025-03-25,2026-04-18,463,3,4,3,10,6,Potential Loyalists
C01670,14,6,3876.4500000000003,204.02368421052634,38,6,2024-10-14,2026-06-17,625,5,3,3,11,6,Potential Loyalists
C01672,20,7,6820.92,341.046,41,6,2025-08-10,2026-06-11,325,5,4,4,13,4,Loyal Customers
C01673,57,5,6675.18,476.79857142857145,30,6,2025-08-31,2026-05-05,304,4,3,4,11,4,Loyal Customers
C01674,464,9,8499.07,424.95349999999996,42,6,2024-02-22,2025-03-24,860,1,4,4,9,1,Needs Attention
C01677,119,4,990.84,99.084,24,5,2025-11-13,2026-03-04,230,3,3,1,7,3,Hibernating
C01679,20,11,11936.75,397.89166666666665,63,6,2025-07-05,2026-06-11,361,5,4,5,14,4,Loyal Customers
C01680,95,15,21236.74,544.5317948717949,80,6,2025-07-11,2026-03-28,355,3,5,5,13,4,Loyal Customers
C01681,469,3,2043.51,255.43875,15,5,2024-12-11,2025-03-19,567,1,2,2,5,1,Needs Attention
C01682,284,3,1253.32,179.04571428571427,15,4,2025-04-10,2025-09-20,447,2,2,2,6,0,Promising
C01683,130,3,2612.7400000000002,326.59250000000003,16,3,2025-08-19,2026-02-21,316,3,2,2,7,0,Promising
C01684,721,2,797.09,199.2725,8,3,2024-06-15,2024-07-10,746,1,1,1,3,2,At Risk
C01685,268,7,7808.24,410.96,39,6,2025-05-05,2025-10-06,422,2,4,4,10,4,Loyal Customers
C01686,72,5,1882.1599999999999,134.44,27,5,2025-08-09,2026-04-20,326,3,3,2,8,0,Promising
C01687,127,3,1228.19,136.46555555555557,18,6,2025-07-17,2026-02-24,349,3,2,2,7,0,Promising
C01690,42,8,9242.24,462.11199999999997,40,6,2025-03-07,2026-05-20,481,4,4,4,12,4,Loyal Customers
C01692,753,1,285.34000000000003,95.11333333333334,7,3,2024-06-08,2024-06-08,753,1,1,1,3,2,At Risk
C01693,18,30,31504.07,443.7192957746479,137,6,2024-11-02,2026-06-13,606,5,5,5,15,5,Champions
C01695,465,2,1633.19,544.3966666666666,5,3,2024-04-30,2025-03-23,792,1,1,2,4,1,Needs Attention
C01696,45,11,15854.66,528.4886666666666,66,6,2024-10-06,2026-05-17,633,4,4,5,13,5,Champions
C01697,7,19,41380.6,678.3704918032787,130,6,2025-01-05,2026-06-24,542,5,5,5,15,5,Champions
C01698,44,12,16129.27,672.0529166666666,52,6,2025-03-07,2026-05-18,481,4,5,5,14,4,Loyal Customers
C01699,22,41,54566.159999999996,556.7975510204082,187,6,2024-02-08,2026-06-09,874,5,5,5,15,5,Champions
C01700,419,3,3376.53,375.17,23,5,2025-01-20,2025-05-08,527,1,2,3,6,1,Needs Attention
C01701,85,15,12450.71,296.44547619047614,78,6,2024-04-21,2026-04-07,801,3,5,5,13,5,Champions
C01703,6,11,14310.54,477.01800000000003,60,6,2025-06-30,2026-06-25,366,5,4,5,14,4,Loyal Customers
C01704,77,13,17924.76,543.1745454545454,69,6,2025-04-27,2026-04-15,430,3,5,5,13,4,Loyal Customers
C01705,349,2,1110.3,277.575,7,3,2025-06-23,2025-07-17,373,1,1,1,3,0,Promising
C01708,224,3,739.97,184.9925,8,4,2025-06-23,2025-11-19,373,2,2,1,5,0,Promising
C01710,85,11,11420.68,356.89625,65,6,2024-11-11,2026-04-07,597,3,4,5,12,5,Champions
C01711,372,5,4282.5,389.3181818181818,23,6,2024-11-25,2025-06-24,583,1,3,3,7,1,Needs Attention
C01713,80,4,2271.13,227.113,17,5,2025-11-12,2026-04-12,231,3,3,2,8,0,Promising
C01715,31,27,40053.64,625.838125,124,6,2024-09-09,2026-05-31,660,4,5,5,14,5,Champions
C01716,13,5,4524.3099999999995,377.0258333333333,27,5,2025-05-26,2026-06-18,401,5,3,3,11,4,Loyal Customers
C01717,36,14,15674.52,356.2390909090909,87,6,2024-12-23,2026-05-26,555,4,5,5,14,5,Champions
C01718,10,5,4756.16,594.52,17,4,2025-07-25,2026-06-21,341,5,3,3,11,4,Loyal Customers
C01719,422,10,5914.5,219.05555555555554,58,6,2024-03-25,2025-05-05,828,1,4,4,9,1,Needs Attention
C01721,6,5,3717.46,371.746,21,4,2025-10-15,2026-06-25,259,5,3,3,11,0,Promising
C01722,17,6,3948.04,329.00333333333333,25,5,2024-05-20,2026-06-14,772,5,3,3,11,6,Potential Loyalists
C01723,98,5,5328.08,355.20533333333333,29,6,2025-10-04,2026-03-25,270,3,3,4,10,0,Promising
C01724,69,3,2464.47,308.05875,11,6,2025-03-28,2026-04-23,460,3,2,2,7,0,Promising
C01725,34,3,1222.02,174.5742857142857,15,4,2024-12-17,2026-05-28,561,4,2,1,7,6,Potential Loyalists
C01726,254,2,701.01,116.835,10,5,2024-07-30,2025-10-20,701,2,1,1,4,2,At Risk
C01727,77,2,732.1899999999999,104.59857142857142,13,4,2026-02-20,2026-04-15,131,3,1,1,5,3,Hibernating
C01728,52,1,465.56,232.78,5,2,2026-05-10,2026-05-10,52,4,1,1,6,0,Promising
C01729,140,3,2313.97,289.24625,14,3,2025-06-28,2026-02-11,368,2,2,2,6,0,Promising
C01731,310,2,368.02,92.005,6,4,2025-05-12,2025-08-25,415,1,1,1,3,3,Hibernating
C01732,400,2,522.3100000000001,130.57750000000001,9,3,2025-01-25,2025-05-27,522,1,1,1,3,2,At Risk
C01733,58,5,5167.18,303.9517647058824,34,5,2025-07-12,2026-05-04,354,4,3,3,10,4,Loyal Customers
C01734,99,4,5354.58,486.78,28,4,2024-07-10,2026-03-24,721,3,3,4,10,6,Potential Loyalists
C01736,412,2,1345.5700000000002,448.52333333333337,6,3,2025-02-23,2025-05-15,493,1,1,2,4,1,Needs Attention
C01737,9,7,7519.35,375.96750000000003,37,6,2025-11-24,2026-06-22,219,5,4,4,13,4,Loyal Customers
C01738,83,10,13288.41,632.7814285714286,44,5,2025-03-13,2026-04-09,475,3,4,5,12,4,Loyal Customers
C01739,443,1,1489.7699999999998,372.44249999999994,9,4,2025-04-14,2025-04-14,443,1,1,2,4,1,Needs Attention
C01740,37,6,8210.98,586.4985714285714,27,4,2025-11-14,2026-05-25,229,4,3,4,11,4,Loyal Customers
C01741,183,11,8688.82,334.1853846153846,50,6,2024-07-29,2025-12-30,702,2,4,4,10,5,Champions
C01742,313,3,3652.6299999999997,456.57874999999996,16,5,2025-05-28,2025-08-22,399,1,2,3,6,1,Needs Attention
C01743,152,2,2880.49,576.098,10,3,2025-09-25,2026-01-30,279,2,1,3,6,0,Promising
C01744,211,1,723.63,180.9075,8,4,2025-12-02,2025-12-02,211,2,1,1,4,0,Promising
C01745,69,7,4333.139999999999,254.89058823529408,31,6,2024-09-26,2026-04-23,643,3,4,3,10,6,Potential Loyalists
C01746,15,5,2541.1800000000003,363.02571428571434,14,4,2024-05-11,2026-06-16,781,5,3,2,10,6,Potential Loyalists
C01747,413,2,916.0000000000001,183.20000000000002,11,5,2025-03-23,2025-05-14,465,1,1,1,3,2,At Risk
C01748,24,8,6068.25,337.125,44,6,2025-03-10,2026-06-07,478,4,4,4,12,4,Loyal Customers
C01749,84,2,2086.96,695.6533333333333,7,3,2025-10-17,2026-04-08,257,3,1,2,6,0,Promising
C01750,26,35,46895.88,521.0653333333333,194,6,2024-03-19,2026-06-05,834,4,5,5,14,5,Champions
C01751,364,2,829.34,165.868,9,4,2025-05-28,2025-07-02,399,1,1,1,3,2,At Risk
C01752,1,19,26495.13,464.82684210526315,114,6,2024-10-30,2026-06-30,609,5,5,5,15,5,Champions
C01753,7,21,22215.68,462.82666666666665,78,6,2024-03-05,2026-06-24,848,5,5,5,15,5,Champions
C01754,23,9,10358.3,398.3961538461538,56,6,2025-10-10,2026-06-08,264,4,4,4,12,4,Loyal Customers
C01755,12,4,2806.0299999999997,215.84846153846152,26,5,2024-06-15,2026-06-19,746,5,3,3,11,6,Potential Loyalists
C01756,9,4,1570.75,157.075,17,6,2025-08-24,2026-06-22,311,5,3,2,10,0,Promising
C01757,67,5,4049.18,337.4316666666667,27,5,2024-10-11,2026-04-25,628,3,3,3,9,6,Potential Loyalists
C01758,61,7,6366.63,289.3922727272727,42,6,2025-03-28,2026-05-01,460,3,4,4,11,4,Loyal Customers
C01759,16,6,2588.75,215.72916666666666,20,6,2025-06-11,2026-06-15,385,5,3,2,10,6,Potential Loyalists
C01760,24,12,9678.05,403.2520833333333,47,6,2024-10-22,2026-06-07,617,4,5,4,13,5,Champions
C01761,55,9,4315.31,165.97346153846155,56,6,2025-03-21,2026-05-07,467,4,4,3,11,6,Potential Loyalists
C01762,407,1,329.84,329.84,3,1,2025-05-20,2025-05-20,407,1,1,1,3,2,At Risk
C01763,455,4,4453.780000000001,404.88909090909095,21,5,2024-10-06,2025-04-02,633,1,3,3,7,1,Needs Attention
C01764,152,2,4939.51,705.6442857142857,15,5,2025-10-03,2026-01-30,271,2,1,3,6,0,Promising
C01766,2,31,53290.88,598.7739325842697,182,6,2024-02-13,2026-06-29,869,5,5,5,15,5,Champions
C01767,45,18,18905.75,402.25,98,6,2024-03-31,2026-05-17,822,4,5,5,14,5,Champions
C01768,33,12,18636.04,548.1188235294118,67,6,2025-04-17,2026-05-29,440,4,5,5,14,4,Loyal Customers
C01770,139,3,512.6700000000001,85.44500000000001,9,4,2025-09-01,2026-02-12,303,2,2,1,5,3,Hibernating
C01771,496,3,1478.18,164.24222222222224,15,5,2024-09-08,2025-02-20,661,1,2,2,5,2,At Risk
C01773,44,8,6298.24,370.48470588235296,41,6,2025-02-22,2026-05-18,494,4,4,4,12,4,Loyal Customers
C01775,72,13,9180.63,340.0233333333333,57,6,2024-10-23,2026-04-20,616,3,5,4,12,5,Champions
C01776,19,5,3020.41,201.36066666666665,31,5,2025-07-01,2026-06-12,365,5,3,3,11,0,Promising
C01777,17,4,6445.96,644.596,22,5,2026-01-21,2026-06-14,161,5,3,4,12,4,Loyal Customers
C01778,30,9,3320.12,174.74315789473684,39,6,2025-02-10,2026-06-01,506,4,4,3,11,6,Potential Loyalists
C01779,4,23,32381.760000000002,505.96500000000003,125,6,2024-07-17,2026-06-27,714,5,5,5,15,5,Champions
C01780,7,2,2762.96,552.592,8,3,2026-05-07,2026-06-24,55,5,1,3,9,0,Promising
C01781,75,4,3402.39,486.05571428571426,16,6,2025-07-04,2026-04-17,362,3,3,3,9,0,Promising
C01782,306,3,2497.52,312.19,17,5,2024-07-27,2025-08-29,704,1,2,2,5,1,Needs Attention
C01783,336,1,478.91999999999996,239.45999999999998,4,2,2025-07-30,2025-07-30,336,1,1,1,3,0,Promising
C01784,76,3,691.48,115.24666666666667,12,3,2024-11-22,2026-04-16,586,3,2,1,6,6,Potential Loyalists
C01785,477,4,5803.47,446.4207692307692,25,5,2024-08-15,2025-03-11,685,1,3,4,8,1,Needs Attention
C01786,29,22,22030.21,361.15098360655736,119,6,2024-07-05,2026-06-02,726,4,5,5,14,5,Champions
C01787,98,5,2502.55,192.50384615384615,21,4,2024-05-19,2026-03-25,773,3,3,2,8,6,Potential Loyalists
C01788,287,2,670.9000000000001,167.72500000000002,8,4,2025-09-16,2025-09-17,288,2,1,1,4,0,Promising
C01789,146,4,3833.52,425.94666666666666,21,5,2024-04-21,2026-02-05,801,2,3,3,8,6,Potential Loyalists
C01790,287,1,1362.49,340.6225,8,4,2025-09-17,2025-09-17,287,2,1,2,5,0,Promising
C01791,2,2,968.13,161.355,9,5,2026-04-07,2026-06-29,85,5,1,1,7,0,Promising
C01792,144,4,2082.17,208.217,22,4,2025-03-29,2026-02-07,459,2,3,2,7,6,Potential Loyalists
C01793,282,9,4133.96,229.66444444444446,31,6,2024-08-01,2025-09-22,699,2,4,3,9,6,Potential Loyalists
C01794,9,4,2216.9300000000003,246.32555555555558,16,5,2025-04-20,2026-06-22,437,5,3,2,10,6,Potential Loyalists
C01796,79,6,1935.19,138.22785714285715,35,6,2024-09-19,2026-04-13,650,3,3,2,8,6,Potential Loyalists
C01798,77,8,4797.7,299.85625,34,6,2025-05-08,2026-04-15,419,3,4,3,10,4,Loyal Customers
C01799,138,4,5361.34,446.77833333333336,24,5,2025-04-23,2026-02-13,434,2,3,4,9,4,Loyal Customers
C01800,34,2,223.49,74.49666666666667,5,3,2025-09-06,2026-05-28,298,4,1,1,6,3,Hibernating
C01801,225,3,2185.85,312.2642857142857,17,5,2024-05-20,2025-11-18,772,2,2,2,6,6,Potential Loyalists
C01802,96,15,10452.92,307.43882352941176,69,6,2024-03-24,2026-03-27,829,3,5,4,12,5,Champions
C01803,3,33,27149.02,357.2239473684211,150,6,2024-04-15,2026-06-28,807,5,5,5,15,5,Champions
C01804,22,19,19533.49,591.9239393939395,64,6,2024-06-05,2026-06-09,756,5,5,5,15,5,Champions
C01805,424,5,4297.75,429.775,18,5,2024-03-02,2025-05-03,851,1,3,3,7,1,Needs Attention
C01806,17,7,2104.75,150.33928571428572,28,6,2025-05-01,2026-06-14,426,5,4,2,11,6,Potential Loyalists
C01807,56,3,2664.25,444.0416666666667,12,4,2025-05-02,2026-05-06,425,4,2,3,9,0,Promising
C01808,64,11,9035.44,475.54947368421057,40,5,2024-11-20,2026-04-28,588,3,4,4,11,4,Loyal Customers
C01810,88,3,2290.45,286.30625,18,5,2025-10-22,2026-04-04,252,3,2,2,7,0,Promising
C01811,111,9,7903.66,359.2572727272727,45,5,2024-05-30,2026-03-12,762,3,4,4,11,5,Champions
C01813,5,16,19522.09,527.6240540540541,81,6,2025-03-06,2026-06-26,482,5,5,5,15,4,Loyal Customers
C01814,46,8,12294.62,534.5486956521739,45,6,2025-04-27,2026-05-16,430,4,4,5,13,4,Loyal Customers
C01815,411,1,3544.21,886.0525,9,2,2025-05-16,2025-05-16,411,1,1,3,5,1,Needs Attention
C01816,38,13,11875.630000000001,282.7530952380953,93,6,2024-06-21,2026-05-24,740,4,5,5,14,5,Champions
C01817,5,3,4509.69,409.97181818181815,24,4,2024-10-12,2026-06-26,627,5,2,3,10,6,Potential Loyalists
C01819,102,3,958.6,191.72,11,4,2025-01-19,2026-03-21,528,3,2,1,6,6,Potential Loyalists
C01820,416,7,6347.379999999999,453.3842857142857,28,5,2024-04-04,2025-05-11,818,1,4,4,9,1,Needs Attention
C01821,9,14,10913.2,294.9513513513514,76,6,2024-07-11,2026-06-22,720,5,5,4,14,5,Champions
C01825,1,7,3883.13,242.695625,31,6,2025-10-29,2026-06-30,245,5,4,3,12,4,Loyal Customers
C01826,78,11,15101.46,539.3378571428572,61,6,2024-11-03,2026-04-14,605,3,4,5,12,5,Champions
C01827,15,41,47334.38,487.98329896907217,178,6,2024-03-10,2026-06-16,843,5,5,5,15,5,Champions
C01828,23,3,3234.34,404.2925,20,4,2025-12-26,2026-06-08,187,4,2,3,9,0,Promising
C01829,5,7,8307.27,437.2247368421053,41,5,2024-06-13,2026-06-26,748,5,4,4,13,5,Champions
C01830,13,20,19926.379999999997,510.93282051282046,87,6,2025-05-08,2026-06-18,419,5,5,5,15,4,Loyal Customers
C01831,12,38,40137.62,456.1093181818182,155,6,2024-04-19,2026-06-19,803,5,5,5,15,5,Champions
C01832,239,8,12841.91,493.9196153846154,55,6,2025-02-23,2025-11-04,493,2,4,5,11,4,Loyal Customers
C01833,468,4,747.74,106.82000000000001,14,5,2024-11-17,2025-03-20,591,1,3,1,5,2,At Risk
C01834,51,3,796.51,199.1275,7,3,2025-08-27,2026-05-11,308,4,2,1,7,0,Promising
C01835,32,16,13334.1,380.9742857142857,70,6,2025-03-22,2026-05-30,466,4,5,5,14,4,Loyal Customers
C01836,70,6,1363.61,136.361,17,6,2024-11-07,2026-04-22,601,3,3,2,8,6,Potential Loyalists
C01838,141,8,6054.03,336.335,34,6,2024-05-26,2026-02-10,766,2,4,4,10,6,Potential Loyalists
C01839,297,5,3841.6099999999997,240.10062499999998,32,5,2025-01-28,2025-09-07,519,1,3,3,7,1,Needs Attention
C01840,27,9,6560.22,345.27473684210526,33,6,2025-08-02,2026-06-04,333,4,4,4,12,4,Loyal Customers
C01841,163,1,863.48,431.74,5,2,2026-01-19,2026-01-19,163,2,1,1,4,0,Promising
C01842,92,7,3498.07,194.33722222222224,36,6,2025-01-13,2026-03-31,534,3,4,3,10,6,Potential Loyalists
C01843,96,4,2656.0299999999997,204.30999999999997,20,4,2025-06-09,2026-03-27,387,3,3,2,8,0,Promising
C01844,63,7,8165.42,480.31882352941176,32,4,2025-08-06,2026-04-29,329,3,4,4,11,4,Loyal Customers
C01845,27,2,2843.8399999999997,473.9733333333333,12,4,2024-08-16,2026-06-04,684,4,1,3,8,6,Potential Loyalists
C01846,401,1,420.85,140.28333333333333,7,2,2025-05-26,2025-05-26,401,1,1,1,3,2,At Risk
C01847,382,1,621.54,207.17999999999998,7,3,2025-06-14,2025-06-14,382,1,1,1,3,2,At Risk
C01848,79,12,8804.58,275.143125,53,6,2024-05-27,2026-04-13,765,3,5,4,12,5,Champions
C01849,17,3,4449.84,556.23,18,5,2025-10-01,2026-06-14,273,5,2,3,10,0,Promising
C01850,162,5,1397.53,116.46083333333333,20,6,2024-03-12,2026-01-20,841,2,3,2,7,6,Potential Loyalists
C01851,2,1,159.13,53.04333333333333,5,2,2026-06-29,2026-06-29,2,5,1,1,7,3,Hibernating
C01852,132,7,3473.08,204.29882352941175,32,6,2024-12-18,2026-02-19,560,2,4,3,9,6,Potential Loyalists
C01853,32,44,76781.65,717.5855140186916,219,6,2024-04-16,2026-05-30,806,4,5,5,14,5,Champions
C01854,143,8,6306.87,300.32714285714286,43,6,2024-12-14,2026-02-08,564,2,4,4,10,6,Potential Loyalists
C01855,94,2,2453.86,490.77200000000005,9,3,2026-03-09,2026-03-29,114,3,1,2,6,0,Promising
C01856,42,10,5656.75,353.546875,27,5,2024-02-24,2026-05-20,858,4,4,4,12,5,Champions
C01857,61,19,18170.32,386.60255319148933,86,6,2024-03-08,2026-05-01,845,3,5,5,13,5,Champions
C01858,74,19,19950.53,399.01059999999995,102,6,2025-02-15,2026-04-18,501,3,5,5,13,5,Champions
C01859,249,2,1732.33,288.72166666666664,10,5,2024-08-29,2025-10-25,671,2,1,2,5,1,Needs Attention
C01860,43,10,8507.49,327.2111538461538,50,6,2024-06-07,2026-05-19,754,4,4,4,12,5,Champions
C01861,212,5,1785.81,119.054,28,6,2025-01-24,2025-12-01,523,2,3,2,7,6,Potential Loyalists
C01862,293,3,1839.1399999999999,262.7342857142857,9,4,2025-03-27,2025-09-11,461,2,2,2,6,1,Needs Attention
C01864,26,9,11617.2,505.0956521739131,49,6,2025-03-26,2026-06-05,462,4,4,5,13,4,Loyal Customers
C01865,70,11,6782.85,251.21666666666667,51,6,2025-07-07,2026-04-22,359,3,4,4,11,4,Loyal Customers
C01866,52,3,936.38,156.06333333333333,12,5,2025-01-14,2026-05-10,533,4,2,1,7,6,Potential Loyalists
C01868,296,3,1699.22,424.805,7,2,2024-11-15,2025-09-08,593,1,2,2,5,1,Needs Attention
C01869,6,28,37285.18,556.495223880597,128,6,2024-03-28,2026-06-25,825,5,5,5,15,5,Champions
C01870,299,3,873.42,97.04666666666667,14,4,2024-06-28,2025-09-05,733,1,2,1,4,2,At Risk
C01872,76,2,2334.21,389.035,10,3,2025-07-21,2026-04-16,345,3,2,2,7,0,Promising
C01873,3,12,10147.15,461.23409090909087,49,5,2024-11-05,2026-06-28,603,5,5,4,14,5,Champions
C01874,240,3,1781.44,296.9066666666667,13,3,2025-02-26,2025-11-03,490,2,2,2,6,0,Promising
C01876,438,1,84.21,84.21,1,1,2025-04-19,2025-04-19,438,1,1,1,3,2,At Risk
C01877,53,12,12603.46,406.5632258064516,61,6,2024-09-24,2026-05-09,645,4,5,5,14,5,Champions
C01878,218,6,4928.0199999999995,246.40099999999998,45,6,2024-12-12,2025-11-25,566,2,3,3,8,6,Potential Loyalists
C01879,214,2,264.56,52.912,8,4,2025-10-11,2025-11-29,263,2,2,1,5,3,Hibernating
C01880,255,2,705.83,117.63833333333334,14,5,2024-10-29,2025-10-19,610,2,2,1,5,2,At Risk
C01883,447,1,1477.63,1477.63,2,1,2025-04-10,2025-04-10,447,1,1,2,4,1,Needs Attention
C01884,10,18,13244.83,378.4237142857143,62,6,2025-01-28,2026-06-21,519,5,5,5,15,4,Loyal Customers
C01885,349,2,534.2,133.55,8,4,2024-12-02,2025-07-17,576,1,2,1,4,2,At Risk
C01886,136,9,9429.44,362.6707692307692,56,6,2024-09-09,2026-02-15,660,2,4,4,10,6,Potential Loyalists
C01887,162,16,14091.29,402.6082857142857,68,6,2024-07-23,2026-01-20,708,2,5,5,12,5,Champions
C01888,253,2,877.35,175.47,9,3,2025-06-16,2025-10-21,380,2,2,1,5,0,Promising
C01889,249,2,1450.1799999999998,362.54499999999996,9,3,2025-10-22,2025-10-25,252,2,2,2,6,0,Promising
C01890,80,13,16037.89,445.4969444444444,72,6,2024-03-30,2026-04-12,823,3,5,5,13,5,Champions
C01892,99,4,2936.85,293.685,22,6,2024-09-17,2026-03-24,652,3,3,3,9,6,Potential Loyalists
C01893,7,6,4101.37,315.49,23,5,2024-09-09,2026-06-24,660,5,3,3,11,6,Potential Loyalists
C01894,250,2,509.72999999999996,169.91,5,2,2025-05-10,2025-10-24,417,2,2,1,5,3,Hibernating
C01895,89,2,1226.02,306.505,7,4,2025-09-13,2026-04-03,291,3,2,2,7,0,Promising
C01897,1,10,10386.11,415.44440000000003,45,6,2025-08-31,2026-06-30,304,5,4,4,13,4,Loyal Customers
C01898,49,9,10170.74,406.82959999999997,45,5,2025-05-31,2026-05-13,396,4,4,4,12,4,Loyal Customers
C01899,441,4,3493.93,436.74125,19,4,2024-07-22,2025-04-16,709,1,3,3,7,1,Needs Attention
C01900,7,35,51815.77,563.2148913043478,171,6,2024-04-03,2026-06-24,819,5,5,5,15,5,Champions
C01901,63,3,2333.2,333.3142857142857,14,3,2025-12-17,2026-04-29,196,3,2,2,7,0,Promising
C01902,43,11,9977.69,399.10760000000005,42,6,2025-05-19,2026-05-19,408,4,4,4,12,4,Loyal Customers
C01903,1,8,9039.82,410.90090909090907,47,6,2024-03-17,2026-06-30,836,5,4,4,13,5,Champions
C01904,35,8,2845.61,189.70733333333334,26,6,2024-09-26,2026-05-27,643,4,4,3,11,6,Potential Loyalists
C01905,67,5,2140.26,142.68400000000003,31,5,2025-02-21,2026-04-25,495,3,3,2,8,6,Potential Loyalists
C01906,351,1,288.67,96.22333333333334,4,2,2025-07-15,2025-07-15,351,1,1,1,3,3,Hibernating
C01907,61,29,47323.25,614.5876623376623,159,6,2024-04-09,2026-05-01,813,3,5,5,13,5,Champions
C01909,93,9,3100.87,182.40411764705883,31,6,2024-04-18,2026-03-30,804,3,4,3,10,6,Potential Loyalists
C01910,98,4,4274.1900000000005,328.7838461538462,25,5,2024-05-03,2026-03-25,789,3,3,3,9,6,Potential Loyalists
C01911,26,12,6541.6900000000005,327.08450000000005,41,5,2024-04-09,2026-06-05,813,4,5,4,13,5,Champions
C01912,3,15,11293.26,322.66457142857143,65,6,2024-08-27,2026-06-28,673,5,5,5,15,5,Champions
C01913,42,10,8645.56,345.82239999999996,44,6,2025-03-24,2026-05-20,464,4,4,4,12,4,Loyal Customers
C01914,299,3,3831.5299999999997,478.94124999999997,15,5,2025-01-01,2025-09-05,546,1,2,3,6,1,Needs Attention
C01915,448,3,2891.7,578.3399999999999,11,4,2024-09-13,2025-04-09,656,1,2,3,6,1,Needs Attention
C01916,70,14,19313.59,482.83975,77,6,2024-05-13,2026-04-22,779,3,5,5,13,5,Champions
C01918,30,2,1336.08,334.02,9,3,2026-01-09,2026-06-01,173,4,2,2,8,0,Promising
C01919,9,3,655.91,109.31833333333333,11,4,2025-08-27,2026-06-22,308,5,2,1,8,3,Hibernating
C01920,178,2,1142.74,285.685,8,2,2025-11-01,2026-01-04,242,2,2,1,5,0,Promising
C01921,261,1,256.2,85.39999999999999,5,3,2025-10-13,2025-10-13,261,2,1,1,4,3,Hibernating
C01922,97,3,4194.09,599.1557142857143,19,3,2024-08-05,2026-03-26,695,3,2,3,8,6,Potential Loyalists
C01923,315,1,57.13,57.13,1,1,2025-08-20,2025-08-20,315,1,1,1,3,3,Hibernating
C01924,367,3,4729.03,472.90299999999996,17,4,2025-02-02,2025-06-29,514,1,2,3,6,1,Needs Attention
C01925,470,2,371.47,74.29400000000001,9,4,2024-12-08,2025-03-18,570,1,2,1,4,2,At Risk
C01926,3,3,2149.57,238.84111111111113,18,5,2024-02-16,2026-06-28,866,5,2,2,9,6,Potential Loyalists
C01927,591,5,1738.61,173.861,24,6,2024-04-08,2024-11-17,814,1,3,2,6,2,At Risk
C01928,21,9,7193.240000000001,359.66200000000003,46,6,2024-06-23,2026-06-10,738,5,4,4,13,5,Champions
C01929,97,2,520.16,130.04,7,4,2026-01-31,2026-03-26,151,3,2,1,6,3,Hibernating
C01931,525,3,1378.6999999999998,229.7833333333333,15,4,2024-03-20,2025-01-22,833,1,2,2,5,1,Needs Attention
C01932,129,5,3347.4700000000003,209.21687500000002,33,6,2024-12-30,2026-02-22,548,3,3,3,9,6,Potential Loyalists
C01933,133,3,2039.06,291.2942857142857,10,4,2024-11-15,2026-02-18,593,2,2,2,6,6,Potential Loyalists
C01934,69,1,131.83,131.83,3,1,2026-04-23,2026-04-23,69,3,1,1,5,3,Hibernating
C01936,5,17,15269.79,331.95195652173913,84,6,2024-05-12,2026-06-26,780,5,5,5,15,5,Champions
C01937,117,2,1288.16,257.632,11,2,2025-12-28,2026-03-06,185,3,2,2,7,0,Promising
C01939,49,9,3660.73,174.3204761904762,41,6,2025-04-23,2026-05-13,434,4,4,3,11,6,Potential Loyalists
C01940,314,4,2589.67,287.74111111111114,18,6,2024-10-09,2025-08-21,630,1,3,2,6,1,Needs Attention
C01941,54,2,319.85,79.9625,8,2,2025-10-27,2026-05-08,247,4,2,1,7,3,Hibernating
C01942,118,4,6546.4,727.3777777777777,18,3,2025-05-03,2026-03-05,424,3,3,4,10,4,Loyal Customers
C01944,19,16,14377.85,326.76931818181816,81,6,2024-09-25,2026-06-12,644,5,5,5,15,5,Champions
C01945,136,8,6339.12,316.956,41,6,2024-11-06,2026-02-15,602,2,4,4,10,6,Potential Loyalists
C01947,311,1,93.66,93.66,1,1,2025-08-24,2025-08-24,311,1,1,1,3,3,Hibernating
C01948,4,24,49054.94,743.2566666666667,146,6,2025-02-24,2026-06-27,492,5,5,5,15,5,Champions
C01949,18,7,4761.16,297.5725,31,6,2025-10-03,2026-06-13,271,5,4,3,12,4,Loyal Customers
C01950,45,2,1365.58,170.6975,18,4,2025-01-11,2026-05-17,536,4,2,2,8,6,Potential Loyalists
C01952,20,4,1833.4000000000003,305.5666666666667,9,4,2024-12-02,2026-06-11,576,5,3,2,10,6,Potential Loyalists
C01953,156,3,2532.68,253.26799999999997,23,5,2024-11-27,2026-01-26,581,2,2,2,6,6,Potential Loyalists
C01954,13,10,13609.7,504.062962962963,54,6,2025-06-21,2026-06-18,375,5,4,5,14,4,Loyal Customers
C01955,41,22,24686.13,433.09000000000003,112,6,2024-09-21,2026-05-21,648,4,5,5,14,5,Champions
C01956,313,7,7142.25,476.15,32,5,2025-02-23,2025-08-22,493,1,4,4,9,1,Needs Attention
C01957,62,2,1389.13,277.826,9,3,2025-12-16,2026-04-30,197,3,2,2,7,0,Promising
C01958,56,11,5186.66,259.33299999999997,37,6,2025-07-15,2026-05-06,351,4,4,3,11,4,Loyal Customers
C01960,17,31,34026.56,507.8591044776119,124,6,2024-02-21,2026-06-14,861,5,5,5,15,5,Champions
C01961,38,4,982.74,196.548,10,3,2025-12-03,2026-05-24,210,4,3,1,8,0,Promising
C01962,214,1,389.5,389.5,2,1,2025-11-29,2025-11-29,214,2,1,1,4,0,Promising
C01963,15,4,5571.25,557.125,22,5,2025-07-01,2026-06-16,365,5,3,4,12,4,Loyal Customers
C01964,35,3,3155.11,350.5677777777778,18,5,2025-07-21,2026-05-27,345,4,2,3,9,0,Promising
C01965,8,12,4778.81,207.77434782608697,39,6,2024-12-01,2026-06-23,577,5,5,3,13,6,Potential Loyalists
C01966,118,14,10502.68,283.85621621621624,69,6,2024-09-12,2026-03-05,657,3,5,4,12,5,Champions
C01967,12,13,9772.75,305.3984375,69,6,2025-04-30,2026-06-19,427,5,5,4,14,4,Loyal Customers
C01968,50,20,20454.16,524.465641025641,82,6,2024-05-19,2026-05-12,773,4,5,5,14,5,Champions
C01969,20,12,13027.09,420.2287096774194,62,6,2024-09-06,2026-06-11,663,5,5,5,15,5,Champions
C01970,399,6,3933.2900000000004,207.01526315789476,34,6,2024-07-05,2025-05-28,726,1,3,3,7,1,Needs Attention
C01971,145,6,5819.650000000001,342.3323529411765,36,6,2024-08-21,2026-02-06,679,2,3,4,9,6,Potential Loyalists
C01972,118,3,2959.58,591.9159999999999,11,4,2025-08-26,2026-03-05,309,3,2,3,8,0,Promising
C01973,122,16,24628.55,535.4032608695652,90,6,2024-09-19,2026-03-01,650,3,5,5,13,5,Champions
C01974,155,5,3199.96,246.15076923076924,18,6,2025-01-07,2026-01-27,540,2,3,3,8,6,Potential Loyalists
C01975,506,3,1325.27,147.25222222222223,18,5,2024-04-22,2025-02-10,800,1,2,2,5,2,At Risk
C01976,342,1,1411.45,705.725,5,2,2025-07-24,2025-07-24,342,1,1,2,4,0,Promising
C01977,69,9,6833.08,325.3847619047619,36,6,2025-01-04,2026-04-23,543,3,4,4,11,4,Loyal Customers
C01978,460,1,156.67000000000002,78.33500000000001,3,1,2025-03-28,2025-03-28,460,1,1,1,3,2,At Risk
C01979,63,4,3928.4300000000003,327.3691666666667,23,6,2025-05-11,2026-04-29,416,3,3,3,9,0,Promising
C01980,16,14,9930.41,320.3358064516129,60,6,2025-02-06,2026-06-15,510,5,5,4,14,4,Loyal Customers
C01981,53,12,7178.25,326.28409090909093,47,6,2024-09-30,2026-05-09,639,4,5,4,13,5,Champions
C01982,72,3,868.8100000000001,108.60125000000001,16,5,2025-08-01,2026-04-20,334,3,2,1,6,3,Hibernating
C01983,4,16,14756.94,434.02764705882356,68,6,2024-04-28,2026-06-27,794,5,5,5,15,5,Champions
C01984,92,3,1865.96,266.5657142857143,16,5,2024-08-19,2026-03-31,681,3,2,2,7,6,Potential Loyalists
C01985,122,4,2739.64,273.964,23,5,2025-03-27,2026-03-01,461,3,3,3,9,6,Potential Loyalists
C01986,195,1,1353.13,451.04333333333335,6,2,2025-12-18,2025-12-18,195,2,1,2,5,0,Promising
C01987,93,8,5393.64,317.2729411764706,36,5,2025-03-04,2026-03-30,484,3,4,4,11,4,Loyal Customers
C01988,479,2,2014.4099999999999,503.60249999999996,6,3,2025-02-13,2025-03-09,503,1,2,2,5,1,Needs Attention
C01991,3,8,12153.95,552.4522727272728,50,6,2025-08-12,2026-06-28,323,5,4,5,14,4,Loyal Customers
C01994,77,8,10597.36,557.7557894736842,37,5,2025-04-10,2026-04-15,447,3,4,4,11,4,Loyal Customers
C01995,17,4,1208.77,109.88818181818182,21,5,2024-10-23,2026-06-14,616,5,3,1,9,6,Potential Loyalists
C01997,59,5,6523.88,465.99142857142857,35,5,2025-03-05,2026-05-03,483,3,3,4,10,4,Loyal Customers
C01998,113,5,1366.83,227.80499999999998,10,4,2025-05-02,2026-03-10,425,3,3,2,8,0,Promising
C01999,255,6,6918.42,461.228,26,6,2025-01-01,2025-10-19,546,2,3,4,9,1,Needs Attention
C02000,116,5,6487.8,499.0615384615385,25,5,2024-11-25,2026-03-07,583,3,3,4,10,4,Loyal Customers
C02001,6,4,3203.47,320.347,22,4,2025-08-25,2026-06-25,310,5,3,3,11,0,Promising
C02002,142,12,6843.37,235.97827586206895,62,6,2024-02-25,2026-02-09,857,2,5,4,11,5,Champions
C02003,18,11,9157.98,305.26599999999996,59,6,2024-11-02,2026-06-13,606,5,4,4,13,5,Champions
C02004,451,1,99.18,99.18,1,1,2025-04-06,2025-04-06,451,1,1,1,3,2,At Risk
C02005,176,5,4481.29,298.75266666666664,26,6,2025-09-10,2026-01-06,294,2,3,3,8,0,Promising
C02007,2,28,32120.64,434.0627027027027,141,6,2024-06-08,2026-06-29,753,5,5,5,15,5,Champions
C02008,75,3,742.31,123.71833333333332,16,3,2024-03-02,2026-04-17,851,3,2,1,6,6,Potential Loyalists
C02009,334,5,2119.26,141.28400000000002,30,6,2024-12-11,2025-08-01,567,1,3,2,6,6,Potential Loyalists
C02010,6,11,12687.24,507.4896,42,5,2025-02-06,2026-06-25,510,5,4,5,14,4,Loyal Customers
C02011,338,1,377.37,94.3425,6,3,2025-07-28,2025-07-28,338,1,1,1,3,3,Hibernating
C02013,400,4,2317.2999999999997,210.66363636363633,24,6,2024-05-28,2025-05-27,764,1,3,2,6,1,Needs Attention
C02014,162,3,1191.32,198.5533333333333,11,5,2024-10-05,2026-01-20,634,2,2,1,5,6,Potential Loyalists
C02015,56,8,5784.83,304.46473684210525,39,6,2025-09-14,2026-05-06,290,4,4,4,12,4,Loyal Customers
C02016,24,13,16605.09,405.0021951219512,84,6,2024-06-27,2026-06-07,734,4,5,5,14,5,Champions
C02017,549,1,1605.8799999999999,401.46999999999997,9,3,2024-12-29,2024-12-29,549,1,1,2,4,1,Needs Attention
C02018,308,5,8629.04,454.16,35,6,2025-01-22,2025-08-27,525,1,3,4,8,1,Needs Attention
C02019,177,1,218.91,109.455,3,2,2026-01-05,2026-01-05,177,2,1,1,4,3,Hibernating
C02020,71,5,4619.67,355.35923076923075,23,5,2025-02-16,2026-04-21,500,3,3,3,9,6,Potential Loyalists
C02021,378,1,342.63,85.6575,6,4,2025-06-18,2025-06-18,378,1,1,1,3,3,Hibernating
C02022,118,5,5061.91,337.46066666666667,31,6,2024-05-16,2026-03-05,776,3,3,3,9,6,Potential Loyalists
C02023,208,5,2180.9,136.30625,31,6,2024-10-29,2025-12-05,610,2,3,2,7,6,Potential Loyalists
C02024,312,2,696.5799999999999,232.1933333333333,5,2,2025-03-01,2025-08-23,487,1,2,1,4,2,At Risk
C02025,33,1,36.54,18.27,2,2,2026-05-29,2026-05-29,33,4,1,1,6,3,Hibernating
C02027,397,4,2131.59,213.15900000000002,18,5,2024-07-24,2025-05-30,707,1,3,2,6,1,Needs Attention
C02028,103,10,7054.37,293.9320833333333,51,6,2025-01-10,2026-03-20,537,3,4,4,11,4,Loyal Customers
C02030,77,1,2053.2799999999997,513.3199999999999,10,3,2026-04-15,2026-04-15,77,3,1,2,6,0,Promising
C02031,57,5,1135.22,141.9025,14,5,2025-03-06,2026-05-05,482,4,3,1,8,6,Potential Loyalists
C02032,21,17,14639.55,365.98875,82,6,2025-01-07,2026-06-10,540,5,5,5,15,5,Champions
C02033,39,12,12539.49,432.3962068965517,57,6,2024-05-22,2026-05-23,770,4,5,5,14,5,Champions
C02034,237,2,2575.66,429.27666666666664,13,5,2025-06-30,2025-11-06,366,2,2,2,6,0,Promising
C02035,77,8,6656.68,302.5763636363636,37,6,2024-09-05,2026-04-15,664,3,4,4,11,6,Potential Loyalists
C02036,25,18,15893.82,317.8764,90,6,2024-10-19,2026-06-06,620,4,5,5,14,5,Champions
C02037,71,3,2498.66,312.3325,17,6,2025-04-09,2026-04-21,448,3,2,2,7,0,Promising
C02038,176,2,2759.66,689.915,9,4,2025-08-27,2026-01-06,308,2,2,3,7,0,Promising
C02039,391,2,375.97999999999996,187.98999999999998,2,2,2025-04-30,2025-06-05,427,1,2,1,4,2,At Risk
C02040,98,11,18941.99,676.4996428571429,62,6,2025-01-18,2026-03-25,529,3,4,5,12,4,Loyal Customers
C02041,85,8,6715.68,268.6272,55,6,2025-10-03,2026-04-07,271,3,4,4,11,4,Loyal Customers
C02042,451,5,2670.5099999999998,222.5425,24,6,2024-06-22,2025-04-06,739,1,3,3,7,1,Needs Attention
C02043,60,2,1313.16,656.58,3,2,2026-02-22,2026-05-02,129,3,2,2,7,0,Promising
C02044,139,1,1337.46,445.82,8,3,2026-02-12,2026-02-12,139,2,1,2,5,0,Promising
C02045,507,1,1139.71,284.9275,7,3,2025-02-09,2025-02-09,507,1,1,1,3,2,At Risk
C02047,292,4,5722.81,440.2161538461539,30,5,2024-12-08,2025-09-12,570,2,3,4,9,1,Needs Attention
C02048,419,1,844.4399999999999,211.10999999999999,11,1,2025-05-08,2025-05-08,419,1,1,1,3,2,At Risk
C02049,65,4,1225.11,175.01571428571427,10,4,2025-06-30,2026-04-27,366,3,3,2,8,0,Promising
C02051,13,22,24152.56,447.26962962962966,101,6,2024-10-15,2026-06-18,624,5,5,5,15,5,Champions
C02052,8,10,5206.21,226.35695652173914,48,6,2024-03-28,2026-06-23,825,5,4,4,13,6,Potential Loyalists
C02053,220,4,2791.39,199.385,27,6,2025-02-19,2025-11-23,497,2,3,3,8,6,Potential Loyalists
C02054,641,3,1878.15,208.68333333333334,19,5,2024-05-18,2024-09-28,774,1,2,2,5,2,At Risk
C02055,380,3,2525.48,315.685,20,5,2025-01-09,2025-06-16,538,1,2,2,5,1,Needs Attention
C02056,57,28,33784.93,544.9182258064516,118,6,2024-06-16,2026-05-05,745,4,5,5,14,5,Champions
C02058,529,1,498.78,498.78,2,1,2025-01-18,2025-01-18,529,1,1,1,3,1,Needs Attention
C02059,158,2,1154.79,230.958,11,3,2025-09-18,2026-01-24,286,2,2,1,5,0,Promising
C02060,155,6,7246.64,426.2729411764706,35,6,2025-03-01,2026-01-27,487,2,3,4,9,4,Loyal Customers
C02061,67,1,1010.41,252.6025,7,3,2026-04-25,2026-04-25,67,3,1,1,5,0,Promising
C02063,26,19,16912.95,412.5109756097561,88,6,2024-01-28,2026-06-05,885,4,5,5,14,5,Champions
C02064,12,29,42364.7,529.5587499999999,166,6,2024-12-01,2026-06-19,577,5,5,5,15,5,Champions
C02065,139,8,7530.3099999999995,376.5155,39,6,2024-06-21,2026-02-12,740,2,4,4,10,6,Potential Loyalists
C02066,92,3,4758.2,528.6888888888889,23,5,2025-05-14,2026-03-31,413,3,2,3,8,0,Promising
C02067,408,3,1300.58,185.79714285714286,13,5,2024-07-12,2025-05-19,719,1,2,2,5,2,At Risk
C02068,2,13,16190.67,376.52720930232556,80,6,2024-09-13,2026-06-29,656,5,5,5,15,5,Champions
C02069,310,3,1687.53,210.94125,16,5,2024-12-16,2025-08-25,562,1,2,2,5,1,Needs Attention
C02070,67,35,41153.479999999996,579.6264788732394,139,6,2024-11-03,2026-04-25,605,3,5,5,13,5,Champions
C02071,111,12,9687.52,322.9173333333334,53,6,2024-06-21,2026-03-12,740,3,5,4,12,5,Champions
C02072,48,8,7233.07,314.4813043478261,40,6,2024-01-23,2026-05-14,890,4,4,4,12,5,Champions
C02073,57,3,1862.3799999999999,310.39666666666665,11,3,2025-12-12,2026-05-05,201,4,2,2,8,0,Promising
C02074,300,1,247.37,247.37,3,1,2025-09-04,2025-09-04,300,1,1,1,3,0,Promising
C02076,69,14,13105.27,374.4362857142857,72,6,2025-01-06,2026-04-23,541,3,5,5,13,4,Loyal Customers
C02077,162,3,5341.02,534.1020000000001,17,5,2025-09-11,2026-01-20,293,2,2,4,8,0,Promising
C02078,110,17,11248.130000000001,312.4480555555556,78,6,2024-03-06,2026-03-13,847,3,5,5,13,5,Champions
C02079,298,2,3303.0,825.75,8,3,2024-08-23,2025-09-06,677,1,2,3,6,1,Needs Attention
C02080,413,1,373.51,373.51,2,1,2025-05-14,2025-05-14,413,1,1,1,3,2,At Risk
C02081,207,4,1381.77,138.177,18,5,2025-01-20,2025-12-06,527,2,3,2,7,6,Potential Loyalists
C02082,319,4,4865.19,374.2453846153846,24,5,2025-04-30,2025-08-16,427,1,3,3,7,1,Needs Attention
C02083,228,3,1744.95,249.27857142857144,18,5,2024-12-20,2025-11-15,558,2,2,2,6,6,Potential Loyalists
C02084,74,14,10467.2,373.8285714285715,58,6,2024-11-13,2026-04-18,595,3,5,4,12,5,Champions
C02085,327,2,3353.4900000000002,670.6980000000001,9,4,2025-07-18,2025-08-08,348,1,2,3,6,1,Needs Attention
C02086,91,2,1430.6599999999999,357.66499999999996,9,3,2026-01-29,2026-04-01,153,3,2,2,7,0,Promising
C02087,55,3,314.66999999999996,78.66749999999999,8,3,2025-07-18,2026-05-07,348,4,2,1,7,3,Hibernating
C02088,250,8,7337.13,386.16473684210524,34,6,2024-12-28,2025-10-24,550,2,4,4,10,6,Potential Loyalists
C02089,321,6,5583.91,507.6281818181818,21,6,2024-06-27,2025-08-14,734,1,3,4,8,1,Needs Attention
C02090,378,1,417.84,208.92,6,2,2025-06-18,2025-06-18,378,1,1,1,3,2,At Risk
C02091,68,8,8121.5599999999995,507.59749999999997,36,5,2025-05-16,2026-04-24,411,3,4,4,11,4,Loyal Customers
C02092,132,3,3047.0299999999997,435.28999999999996,14,5,2025-08-30,2026-02-19,305,2,2,3,7,0,Promising
C02093,388,4,1753.79,292.29833333333335,13,5,2024-10-07,2025-06-08,632,1,3,2,6,1,Needs Attention
C02094,248,2,1368.15,342.0375,11,4,2025-01-15,2025-10-26,532,2,2,2,6,1,Needs Attention
C02096,29,3,355.90000000000003,118.63333333333334,7,3,2025-10-17,2026-06-02,257,4,2,1,7,3,Hibernating
C02098,29,5,7199.63,514.2592857142857,31,4,2025-04-25,2026-06-02,432,4,3,4,11,4,Loyal Customers
C02099,212,2,3210.96,535.16,14,3,2025-03-18,2025-12-01,470,2,2,3,7,0,Promising
C02100,55,15,19311.67,585.2021212121211,70,6,2025-03-25,2026-05-07,463,4,5,5,14,4,Loyal Customers
C02101,131,9,5457.58,248.07181818181817,47,6,2024-08-04,2026-02-20,696,3,4,4,11,6,Potential Loyalists
C02102,42,11,8386.28,381.1945454545455,44,5,2024-04-30,2026-05-20,792,4,4,4,12,5,Champions
C02103,433,3,4878.94,813.1566666666666,14,3,2024-05-16,2025-04-24,776,1,2,3,6,1,Needs Attention
C02104,527,2,4403.72,733.9533333333334,13,3,2024-12-21,2025-01-20,557,1,2,3,6,1,Needs Attention
C02106,96,1,91.49,91.49,2,1,2026-03-27,2026-03-27,96,3,1,1,5,3,Hibernating
C02107,850,1,1819.78,1819.78,3,1,2024-03-03,2024-03-03,850,1,1,2,4,1,Needs Attention
C02108,179,5,5806.56,829.5085714285715,17,4,2025-09-04,2026-01-03,300,2,3,4,9,4,Loyal Customers
C02109,62,9,10806.99,514.6185714285714,43,6,2025-01-26,2026-04-30,521,3,4,4,11,4,Loyal Customers
C02110,39,6,4143.84,243.75529411764705,32,6,2024-09-15,2026-05-23,654,4,3,3,10,6,Potential Loyalists
C02112,71,4,962.28,120.285,16,3,2024-12-15,2026-04-21,563,3,3,1,7,6,Potential Loyalists
C02113,22,9,12275.11,557.9595454545455,49,6,2024-09-26,2026-06-09,643,5,4,5,14,5,Champions
C02114,209,2,3848.51,481.06375,19,6,2025-07-19,2025-12-04,347,2,2,3,7,0,Promising
C02115,38,3,2341.74,260.1933333333333,18,4,2025-04-04,2026-05-24,453,4,2,2,8,0,Promising
C02116,107,2,838.31,209.5775,8,3,2025-04-20,2026-03-16,437,3,2,1,6,0,Promising
C02117,127,3,3640.04,404.44888888888886,20,5,2025-06-03,2026-02-24,393,3,2,3,8,0,Promising
C02118,52,12,13019.869999999999,433.99566666666664,59,6,2025-08-05,2026-05-10,330,4,5,5,14,4,Loyal Customers
C02119,100,18,13227.9,330.6975,83,6,2024-05-01,2026-03-23,791,3,5,5,13,5,Champions
C02121,276,5,6518.549999999999,592.5954545454545,19,5,2025-02-26,2025-09-28,490,2,3,4,9,1,Needs Attention
C02122,164,2,1745.0000000000002,249.2857142857143,13,5,2025-09-17,2026-01-18,287,2,2,2,6,0,Promising
C02124,3,21,17684.52,368.4275,87,6,2024-10-06,2026-06-28,633,5,5,5,15,5,Champions
C02125,26,32,38528.79,475.6640740740741,148,6,2025-01-06,2026-06-05,541,4,5,5,14,5,Champions
C02126,342,5,4833.46,483.346,22,4,2025-03-21,2025-07-24,467,1,3,3,7,1,Needs Attention
C02127,83,10,9495.05,452.1452380952381,42,5,2024-09-16,2026-04-09,653,3,4,4,11,5,Champions
C02128,45,18,41071.48,684.5246666666667,127,6,2025-04-06,2026-05-17,451,4,5,5,14,4,Loyal Customers
C02130,8,10,12609.12,573.1418181818182,41,6,2025-08-29,2026-06-23,306,5,4,5,14,4,Loyal Customers
C02131,624,1,199.06,66.35333333333334,5,3,2024-10-15,2024-10-15,624,1,1,1,3,2,At Risk
C02132,302,2,1627.25,406.8125,6,3,2025-08-28,2025-09-02,307,1,2,2,5,0,Promising
C02133,219,2,1394.1,278.82,8,4,2024-10-26,2025-11-24,613,2,2,2,6,6,Potential Loyalists
C02134,23,3,932.97,186.594,8,3,2025-03-16,2026-06-08,472,4,2,1,7,6,Potential Loyalists
C02135,49,7,7313.22,522.3728571428571,32,6,2025-08-26,2026-05-13,309,4,4,4,12,4,Loyal Customers
C02136,53,4,3233.99,230.9992857142857,24,6,2025-07-19,2026-05-09,347,4,3,3,10,0,Promising
C02137,411,1,532.7099999999999,177.56999999999996,5,3,2025-05-16,2025-05-16,411,1,1,1,3,2,At Risk
C02138,56,7,15618.18,624.7272,56,6,2025-11-02,2026-05-06,241,4,4,5,13,4,Loyal Customers
C02139,464,2,443.62,88.724,11,4,2025-03-18,2025-03-24,470,1,2,1,4,2,At Risk
C02140,66,6,8270.07,459.4483333333333,36,5,2024-09-19,2026-04-26,650,3,3,4,10,6,Potential Loyalists
C02141,121,3,1420.97,355.2425,9,3,2025-03-04,2026-03-02,484,3,2,2,7,0,Promising
C02142,55,2,1824.36,456.09,8,4,2025-11-18,2026-05-07,225,4,2,2,8,0,Promising
C02144,281,1,1494.14,498.0466666666667,6,3,2025-09-23,2025-09-23,281,2,1,2,5,0,Promising
C02145,604,1,1579.35,394.8375,10,3,2024-11-04,2024-11-04,604,1,1,2,4,1,Needs Attention
C02146,37,1,400.68,200.34,6,2,2026-05-25,2026-05-25,37,4,1,1,6,0,Promising
C02147,658,3,1885.53,269.3614285714286,16,5,2024-07-11,2024-09-11,720,1,2,2,5,1,Needs Attention
C02148,36,2,1794.12,897.06,4,2,2024-12-22,2026-05-26,556,4,2,2,8,0,Promising
C02150,90,1,832.43,208.1075,10,4,2026-04-02,2026-04-02,90,3,1,1,5,0,Promising
C02151,35,5,4039.15,367.19545454545454,20,6,2025-03-26,2026-05-27,462,4,3,3,10,4,Loyal Customers
C02152,86,13,4522.2,196.61739130434782,43,6,2024-04-18,2026-04-06,804,3,5,3,11,6,Potential Loyalists
C02153,209,2,1459.06,291.812,11,5,2025-09-25,2025-12-04,279,2,2,2,6,0,Promising
C02154,45,11,7347.28,229.6025,70,6,2025-05-22,2026-05-17,405,4,4,4,12,4,Loyal Customers
C02155,80,2,3038.21,506.36833333333334,8,3,2026-03-04,2026-04-12,119,3,2,3,8,0,Promising
C02156,109,1,1205.8,401.93333333333334,7,2,2026-03-14,2026-03-14,109,3,1,1,5,0,Promising
C02157,2,20,18371.8,437.4238095238095,85,6,2024-04-12,2026-06-29,810,5,5,5,15,5,Champions
C02158,181,4,748.0600000000001,74.80600000000001,20,4,2025-01-27,2026-01-01,520,2,3,1,6,3,Hibernating
C02159,15,14,11211.77,329.7579411764706,68,6,2024-08-13,2026-06-16,687,5,5,4,14,5,Champions
C02160,4,39,61976.86,607.6162745098039,212,6,2024-04-15,2026-06-27,807,5,5,5,15,5,Champions
C02161,71,3,765.69,255.23000000000002,5,3,2025-01-13,2026-04-21,534,3,2,1,6,6,Potential Loyalists
C02162,414,4,4229.46,422.946,22,5,2024-09-20,2025-05-13,649,1,3,3,7,1,Needs Attention
C02163,444,6,1953.47,217.0522222222222,16,5,2024-04-13,2025-04-13,809,1,3,2,6,1,Needs Attention
C02164,69,17,22107.94,502.4531818181818,87,6,2025-07-17,2026-04-23,349,3,5,5,13,4,Loyal Customers
C02165,358,3,3931.5699999999997,561.6528571428571,19,6,2024-10-26,2025-07-08,613,1,2,3,6,1,Needs Attention
C02166,128,2,468.77,234.385,5,2,2025-09-01,2026-02-23,303,3,2,1,6,0,Promising
C02167,92,26,40509.84,664.095737704918,118,6,2024-03-05,2026-03-31,848,3,5,5,13,5,Champions
C02168,161,2,2509.33,358.4757142857143,15,5,2025-04-27,2026-01-21,430,2,2,2,6,0,Promising
C02169,76,9,7192.09,248.00310344827588,64,6,2024-06-28,2026-04-16,733,3,4,4,11,6,Potential Loyalists
C02170,236,1,1997.46,1997.46,3,1,2025-11-07,2025-11-07,236,2,1,2,5,0,Promising
C02171,202,3,1522.1,169.1222222222222,19,6,2024-12-14,2025-12-11,564,2,2,2,6,6,Potential Loyalists
C02172,374,1,535.42,267.71,5,2,2025-06-22,2025-06-22,374,1,1,1,3,2,At Risk
C02173,379,2,1178.58,196.42999999999998,11,5,2025-05-21,2025-06-17,406,1,2,1,4,2,At Risk
C02174,159,3,1781.21,178.121,24,4,2025-05-29,2026-01-23,398,2,2,2,6,0,Promising
C02175,22,2,474.13,94.826,8,4,2025-11-02,2026-06-09,241,5,2,1,8,3,Hibernating
C02176,118,3,1885.5400000000002,314.2566666666667,11,4,2025-09-14,2026-03-05,290,3,2,2,7,0,Promising
C02178,88,3,1543.21,154.321,17,6,2025-10-10,2026-04-04,264,3,2,2,7,0,Promising
C02179,418,3,1333.0500000000002,190.4357142857143,9,5,2024-11-20,2025-05-09,588,1,2,2,5,2,At Risk
C02180,155,5,4349.59,334.58384615384614,23,5,2024-08-24,2026-01-27,676,2,3,3,8,6,Potential Loyalists
C02181,7,20,22458.63,408.3387272727273,116,6,2024-09-08,2026-06-24,661,5,5,5,15,5,Champions
C02182,321,5,5574.74,398.19571428571425,25,4,2025-04-04,2025-08-14,453,1,3,4,8,1,Needs Attention
C02183,106,12,11093.7,346.678125,67,6,2024-04-22,2026-03-17,800,3,5,4,12,5,Champions
C02184,354,2,1813.09,362.618,8,4,2025-01-25,2025-07-12,522,1,2,2,5,1,Needs Attention
C02185,257,1,815.8199999999999,271.94,8,2,2025-10-17,2025-10-17,257,2,1,1,4,0,Promising
C02186,491,6,5788.74,413.4814285714286,30,5,2024-08-10,2025-02-25,690,1,3,4,8,1,Needs Attention
C02187,28,9,5055.68,266.0884210526316,40,6,2024-11-20,2026-06-03,588,4,4,3,11,6,Potential Loyalists
C02188,416,3,3499.85,699.97,11,3,2024-08-20,2025-05-11,680,1,2,3,6,1,Needs Attention
C02189,449,4,2043.28,204.328,18,5,2024-09-04,2025-04-08,665,1,3,2,6,1,Needs Attention
C02190,5,20,20590.44,428.9675,89,6,2025-05-26,2026-06-26,401,5,5,5,15,4,Loyal Customers
C02191,149,6,2701.5299999999997,207.80999999999997,28,6,2025-08-26,2026-02-02,309,2,3,3,8,0,Promising
C02192,409,6,4307.48,430.74799999999993,16,4,2024-06-25,2025-05-18,736,1,3,3,7,1,Needs Attention
C02193,145,5,6732.139999999999,396.00823529411764,35,5,2025-06-19,2026-02-06,377,2,3,4,9,4,Loyal Customers
C02195,502,4,1078.84,98.07636363636362,21,4,2024-07-07,2025-02-14,724,1,3,1,5,2,At Risk
C02196,67,3,4349.87,483.31888888888886,19,5,2025-10-09,2026-04-25,265,3,2,3,8,0,Promising
C02197,41,1,351.08,351.08,3,1,2026-05-21,2026-05-21,41,4,1,1,6,0,Promising
C02198,517,2,865.2,216.3,8,3,2024-12-18,2025-01-30,560,1,2,1,4,2,At Risk
C02199,32,3,2222.44,555.61,10,3,2025-10-18,2026-05-30,256,4,2,2,8,0,Promising
C02201,516,2,2917.55,583.51,11,3,2024-10-03,2025-01-31,636,1,2,3,6,1,Needs Attention
C02202,87,8,4703.75,276.69117647058823,31,5,2025-01-19,2026-04-05,528,3,4,3,10,6,Potential Loyalists
C02204,19,10,16637.7,616.2111111111111,53,6,2025-05-27,2026-06-12,400,5,4,5,14,4,Loyal Customers
C02205,119,14,22247.23,529.6959523809523,81,6,2024-04-30,2026-03-04,792,3,5,5,13,5,Champions
C02206,44,2,2715.2400000000002,678.8100000000001,8,3,2025-03-01,2026-05-18,487,4,2,3,9,0,Promising
C02207,9,18,20410.77,523.353076923077,78,6,2025-03-15,2026-06-22,473,5,5,5,15,4,Loyal Customers
C02208,71,9,10437.0,434.875,53,6,2024-12-12,2026-04-21,566,3,4,4,11,4,Loyal Customers
C02209,345,2,761.04,190.26,6,4,2025-05-27,2025-07-21,400,1,2,1,4,2,At Risk
C02210,223,1,354.13,118.04333333333334,3,2,2025-11-20,2025-11-20,223,2,1,1,4,3,Hibernating
C02211,120,1,336.73,168.365,4,2,2026-03-03,2026-03-03,120,3,1,1,5,3,Hibernating
C02212,18,30,29386.6,397.1162162162162,155,6,2024-03-27,2026-06-13,826,5,5,5,15,5,Champions
C02213,277,3,652.69,130.538,10,3,2024-06-11,2025-09-27,750,2,2,1,5,2,At Risk
C02215,260,1,64.61,32.305,2,2,2025-10-14,2025-10-14,260,2,1,1,4,3,Hibernating
C02216,384,1,17.74,17.74,1,1,2025-06-12,2025-06-12,384,1,1,1,3,3,Hibernating
C02217,151,6,2313.4300000000003,165.24500000000003,27,6,2025-10-20,2026-01-31,254,2,4,2,8,0,Promising
C02218,34,13,17069.02,502.03000000000003,72,6,2024-03-09,2026-05-28,844,4,5,5,14,5,Champions
C02219,11,12,6942.86,277.7144,40,6,2024-07-30,2026-06-20,701,5,5,4,14,5,Champions
C02220,188,5,6534.09,435.606,25,5,2025-07-02,2025-12-25,364,2,3,4,9,4,Loyal Customers
C02221,366,2,1752.5,350.5,12,4,2025-04-27,2025-06-30,430,1,2,2,5,1,Needs Attention
C02223,60,6,4465.360000000001,248.07555555555558,32,6,2024-07-20,2026-05-02,711,3,4,3,10,6,Potential Loyalists
C02224,57,2,774.77,154.954,8,3,2025-07-13,2026-05-05,353,4,2,1,7,0,Promising
C02225,259,2,1173.49,234.698,10,4,2024-03-20,2025-10-15,833,2,2,1,5,1,Needs Attention
C02226,156,1,326.23,108.74333333333334,6,3,2026-01-26,2026-01-26,156,2,1,1,4,3,Hibernating
C02227,439,2,3190.03,1063.3433333333335,6,2,2024-08-22,2025-04-18,678,1,2,3,6,1,Needs Attention
C02228,230,4,2179.45,181.6208333333333,26,6,2025-05-09,2025-11-13,418,2,3,2,7,0,Promising
C02229,18,9,4364.46,218.223,38,6,2025-06-22,2026-06-13,374,5,4,3,12,4,Loyal Customers
C02231,22,27,26535.82,402.0578787878788,130,6,2024-04-30,2026-06-09,792,5,5,5,15,5,Champions
C02233,213,4,2232.62,279.0775,12,5,2024-11-28,2025-11-30,580,2,3,2,7,6,Potential Loyalists
C02234,240,4,2060.83,187.3481818181818,23,5,2025-06-26,2025-11-03,370,2,3,2,7,0,Promising
C02237,12,15,13734.04,403.9423529411765,71,6,2024-04-28,2026-06-19,794,5,5,5,15,5,Champions
C02238,355,1,1936.6299999999999,484.15749999999997,9,3,2025-07-11,2025-07-11,355,1,1,2,4,0,Promising
C02240,452,2,400.8,133.6,8,2,2025-02-04,2025-04-05,512,1,2,1,4,2,At Risk
C02241,46,31,40243.1,496.8283950617284,144,6,2024-03-11,2026-05-16,842,4,5,5,14,5,Champions
C02242,37,2,2423.3199999999997,302.91499999999996,16,5,2025-03-15,2026-05-25,473,4,2,2,8,0,Promising
C02243,328,7,3620.65,201.14722222222224,39,6,2024-08-22,2025-08-07,678,1,4,3,8,6,Potential Loyalists
C02244,80,7,3816.79,200.88368421052633,40,6,2024-07-04,2026-04-12,727,3,4,3,10,6,Potential Loyalists
C02246,113,3,2445.8700000000003,349.41,16,5,2025-12-05,2026-03-10,208,3,2,2,7,0,Promising
C02247,124,6,1781.95,137.07307692307694,23,4,2025-05-20,2026-02-27,407,3,4,2,9,6,Potential Loyalists
C02248,308,1,1001.27,333.75666666666666,8,3,2025-08-27,2025-08-27,308,1,1,1,3,0,Promising
C02249,61,4,4151.13,377.37545454545455,20,6,2025-04-23,2026-05-01,434,3,3,3,9,4,Loyal Customers
C02250,26,2,1185.4,148.175,20,5,2024-08-31,2026-06-05,669,4,2,1,7,6,Potential Loyalists
C02252,31,24,23519.31,443.7605660377359,97,6,2024-12-23,2026-05-31,555,4,5,5,14,5,Champions
C02253,16,5,4540.87,324.34785714285715,25,4,2024-06-12,2026-06-15,749,5,3,3,11,6,Potential Loyalists
C02256,9,9,5659.26,282.963,36,6,2025-02-02,2026-06-22,514,5,4,4,13,4,Loyal Customers
C02257,12,29,57285.82,643.6608988764045,185,6,2024-06-03,2026-06-19,758,5,5,5,15,5,Champions
C02258,3,15,10233.98,262.4097435897436,79,6,2024-07-10,2026-06-28,721,5,5,4,14,5,Champions
C02259,568,1,747.8399999999999,249.27999999999997,3,2,2024-12-10,2024-12-10,568,1,1,1,3,2,At Risk
C02260,66,4,2398.83,239.88299999999998,22,4,2024-10-16,2026-04-26,623,3,3,2,8,6,Potential Loyalists
C02261,399,1,266.95,133.475,2,2,2025-05-28,2025-05-28,399,1,1,1,3,2,At Risk
C02262,125,6,5806.97,362.935625,33,6,2025-01-13,2026-02-26,534,3,4,4,11,6,Potential Loyalists
C02263,144,2,1830.6499999999999,915.3249999999999,4,2,2026-01-19,2026-02-07,163,2,2,2,6,0,Promising
C02264,14,27,41775.34,572.2649315068493,148,6,2024-04-01,2026-06-17,821,5,5,5,15,5,Champions
C02265,17,15,7470.16,240.97290322580645,59,6,2024-03-04,2026-06-14,849,5,5,4,14,5,Champions
C02267,463,2,2013.42,402.684,9,5,2025-02-11,2025-03-25,505,1,2,2,5,1,Needs Attention
C02269,140,6,5779.05,304.16052631578947,42,6,2025-07-13,2026-02-11,353,2,4,4,10,4,Loyal Customers
C02270,32,8,10014.71,500.73549999999994,40,6,2025-07-13,2026-05-30,353,4,4,4,12,4,Loyal Customers
C02271,212,2,835.87,278.62333333333333,6,3,2025-09-27,2025-12-01,277,2,2,1,5,0,Promising
C02272,77,18,17557.23,390.16066666666666,86,6,2024-09-26,2026-04-15,643,3,5,5,13,5,Champions
C02273,39,13,19074.170000000002,596.0678125000001,61,6,2025-08-24,2026-05-23,311,4,5,5,14,4,Loyal Customers
C02275,58,8,6679.79,303.6268181818182,40,6,2024-08-26,2026-05-04,674,4,4,4,12,6,Potential Loyalists
C02276,18,16,17385.39,413.9378571428571,77,6,2024-07-17,2026-06-13,714,5,5,5,15,5,Champions
C02277,863,1,188.31,47.0775,5,3,2024-02-19,2024-02-19,863,1,1,1,3,2,At Risk
C02278,758,1,183.23000000000002,61.076666666666675,5,2,2024-06-03,2024-06-03,758,1,1,1,3,2,At Risk
C02279,7,14,19755.08,581.0317647058824,64,6,2025-03-08,2026-06-24,480,5,5,5,15,4,Loyal Customers
C02280,112,1,325.65000000000003,162.82500000000002,4,2,2026-03-11,2026-03-11,112,3,1,1,5,3,Hibernating
C02281,70,2,305.71000000000004,76.42750000000001,8,3,2025-06-24,2026-04-22,372,3,2,1,6,3,Hibernating
C02282,102,13,11030.25,344.6953125,59,6,2024-07-09,2026-03-21,722,3,5,4,12,5,Champions
C02283,28,12,12363.98,363.6464705882353,77,6,2025-04-28,2026-06-03,429,4,5,5,14,4,Loyal Customers
C02284,103,2,94.76,31.58666666666667,5,3,2026-02-12,2026-03-20,139,3,2,1,6,3,Hibernating
C02285,60,9,7260.24,279.24,51,6,2024-10-18,2026-05-02,621,3,4,4,11,6,Potential Loyalists
C02286,97,7,4781.18,281.2458823529412,29,5,2025-09-03,2026-03-26,301,3,4,3,10,4,Loyal Customers
C02287,79,5,2515.39,193.49153846153845,27,6,2024-07-07,2026-04-13,724,3,3,2,8,6,Potential Loyalists
C02288,156,2,1110.6399999999999,370.2133333333333,6,2,2025-11-20,2026-01-26,223,2,2,1,5,0,Promising
C02290,678,1,65.1,65.1,3,1,2024-08-22,2024-08-22,678,1,1,1,3,2,At Risk
C02291,299,6,6205.88,387.8675,25,6,2025-04-02,2025-09-05,455,1,4,4,9,1,Needs Attention
C02292,72,4,4564.4,507.1555555555555,13,4,2025-07-16,2026-04-20,350,3,3,3,9,4,Loyal Customers
C02293,344,2,407.2,101.8,9,3,2024-12-24,2025-07-22,554,1,2,1,4,2,At Risk
C02294,288,5,3883.8,647.3000000000001,14,3,2025-05-14,2025-09-16,413,2,3,3,8,1,Needs Attention
C02296,19,19,22666.29,462.5773469387755,94,6,2024-06-09,2026-06-12,752,5,5,5,15,5,Champions
C02297,199,1,70.3,70.3,2,1,2025-12-14,2025-12-14,199,2,1,1,4,3,Hibernating
C02298,200,2,2894.6800000000003,723.6700000000001,11,4,2025-10-27,2025-12-13,247,2,2,3,7,0,Promising
C02300,80,3,1594.47,199.30875,17,4,2024-08-26,2026-04-12,674,3,2,2,7,6,Potential Loyalists
C02301,47,25,40288.79,583.8955072463768,141,6,2025-05-04,2026-05-15,423,4,5,5,14,4,Loyal Customers
C02302,7,15,18714.97,492.49921052631584,71,6,2025-05-10,2026-06-24,417,5,5,5,15,4,Loyal Customers
C02303,83,2,760.21,108.60142857142857,13,4,2026-01-29,2026-04-09,153,3,2,1,6,3,Hibernating
C02304,70,4,4235.22,705.87,13,4,2024-12-11,2026-04-22,567,3,3,3,9,4,Loyal Customers
C02305,21,18,22264.420000000002,463.8420833333334,91,6,2024-02-06,2026-06-10,876,5,5,5,15,5,Champions
C02306,2,17,19057.11,433.1161363636364,86,6,2025-01-10,2026-06-29,537,5,5,5,15,5,Champions
C02307,13,27,52145.16,744.9308571428572,143,6,2024-08-28,2026-06-18,672,5,5,5,15,5,Champions
C02308,223,1,3502.03,875.5075,9,2,2025-11-20,2025-11-20,223,2,1,3,6,0,Promising
C02309,206,6,4194.73,220.77526315789473,44,6,2025-01-03,2025-12-07,544,2,4,3,9,6,Potential Loyalists
C02310,365,5,5038.53,419.8775,23,6,2024-07-27,2025-07-01,704,1,3,3,7,1,Needs Attention
C02311,414,1,1458.99,729.495,5,2,2025-05-13,2025-05-13,414,1,1,2,4,1,Needs Attention
C02312,12,11,17170.920000000002,553.9006451612904,70,6,2025-02-16,2026-06-19,500,5,4,5,14,4,Loyal Customers
C02314,50,11,11425.21,408.04321428571427,57,6,2024-06-28,2026-05-12,733,4,4,5,13,5,Champions
C02315,112,2,2526.5899999999997,360.9414285714285,16,5,2025-12-29,2026-03-11,184,3,2,2,7,0,Promising
C02316,9,11,9768.5,348.875,53,6,2024-11-08,2026-06-22,600,5,4,4,13,4,Loyal Customers
C02317,249,3,3135.5,447.92857142857144,14,4,2025-08-15,2025-10-25,320,2,2,3,7,0,Promising
C02318,12,13,9843.6,307.6125,65,6,2024-01-26,2026-06-19,887,5,5,4,14,5,Champions
C02319,237,2,1653.31,275.5516666666667,12,5,2025-09-21,2025-11-06,283,2,2,2,6,0,Promising
C02321,97,2,2520.82,360.1171428571429,16,5,2026-03-08,2026-03-26,115,3,2,2,7,0,Promising
C02323,88,6,4056.3599999999997,289.73999999999995,25,5,2025-05-10,2026-04-04,417,3,4,3,10,4,Loyal Customers
C02325,27,5,5641.39,402.9564285714286,30,5,2025-03-31,2026-06-04,457,4,3,4,11,4,Loyal Customers
C02326,411,3,4134.28,413.428,23,5,2024-08-10,2025-05-16,690,1,2,3,6,1,Needs Attention
C02327,102,1,712.75,356.375,4,2,2026-03-21,2026-03-21,102,3,1,1,5,0,Promising
C02328,14,5,2072.14,172.6783333333333,25,5,2025-08-08,2026-06-17,327,5,3,2,10,0,Promising
C02330,460,5,4633.75,421.25,23,5,2024-04-03,2025-03-28,819,1,3,3,7,1,Needs Attention
C02331,13,17,17355.38,445.0097435897436,81,6,2024-12-29,2026-06-18,549,5,5,5,15,5,Champions
C02333,1,13,21304.1,760.8607142857143,59,6,2025-10-02,2026-06-30,272,5,5,5,15,4,Loyal Customers
C02334,50,17,6842.7699999999995,190.07694444444442,71,6,2024-02-01,2026-05-12,881,4,5,4,13,5,Champions
C02335,14,5,870.95,96.77222222222223,21,4,2025-11-08,2026-06-17,235,5,3,1,9,3,Hibernating
C02336,47,4,4652.72,422.9745454545455,24,5,2025-07-30,2026-05-15,336,4,3,3,10,0,Promising
C02337,19,17,11074.9,276.8725,75,6,2024-01-29,2026-06-12,884,5,5,4,14,5,Champions
C02338,341,4,1289.92,128.99200000000002,21,5,2025-01-03,2025-07-25,544,1,3,2,6,2,At Risk
C02340,303,2,2589.15,369.87857142857143,14,5,2025-08-04,2025-09-01,331,1,2,2,5,0,Promising
C02342,118,10,5801.6,276.2666666666667,37,6,2024-04-13,2026-03-05,809,3,4,4,11,6,Potential Loyalists
C02343,241,4,2297.0499999999997,229.70499999999998,18,6,2024-09-26,2025-11-02,643,2,3,2,7,6,Potential Loyalists
C02344,241,3,96.27,19.253999999999998,6,4,2025-03-30,2025-11-02,458,2,2,1,5,3,Hibernating
C02345,1,19,28337.170000000002,616.0254347826087,91,6,2024-08-17,2026-06-30,683,5,5,5,15,5,Champions
C02346,162,6,8039.04,669.92,23,5,2025-06-16,2026-01-20,380,2,4,4,10,4,Loyal Customers
C02349,23,3,2821.5499999999997,235.12916666666663,22,5,2024-09-29,2026-06-08,640,4,2,3,9,6,Potential Loyalists
C02350,727,1,1088.4099999999999,362.8033333333333,7,3,2024-07-04,2024-07-04,727,1,1,1,3,2,At Risk
C02352,214,11,7272.98,259.7492857142857,48,6,2024-07-21,2025-11-29,710,2,4,4,10,6,Potential Loyalists
C02354,21,24,16262.18,290.3960714285714,109,6,2024-02-01,2026-06-10,881,5,5,5,15,5,Champions
C02355,200,4,3458.57,288.2141666666667,20,5,2025-06-19,2025-12-13,377,2,3,3,8,0,Promising
C02356,87,4,2603.94,325.4925,18,5,2025-09-22,2026-04-05,282,3,3,2,8,0,Promising
C02357,102,3,4071.75,370.15909090909093,22,4,2025-11-03,2026-03-21,240,3,2,3,8,0,Promising
C02358,94,8,6426.85,247.18653846153848,50,6,2025-01-20,2026-03-29,527,3,4,4,11,6,Potential Loyalists
C02359,597,2,1931.9,643.9666666666667,7,3,2024-11-04,2024-11-11,604,1,2,2,5,1,Needs Attention
C02360,1,9,8924.44,405.65636363636366,44,6,2025-06-10,2026-06-30,386,5,4,4,13,4,Loyal Customers
C02361,39,3,3804.17,634.0283333333333,13,3,2024-03-14,2026-05-23,839,4,2,3,9,6,Potential Loyalists
C02362,356,2,3876.4700000000003,646.0783333333334,11,4,2024-11-16,2025-07-10,592,1,2,3,6,1,Needs Attention
C02364,91,5,4086.53,291.89500000000004,30,6,2024-06-09,2026-04-01,752,3,3,3,9,6,Potential Loyalists
C02366,38,9,2436.53,152.283125,27,6,2025-03-01,2026-05-24,487,4,4,2,10,6,Potential Loyalists
C02367,96,8,13549.23,589.0969565217391,46,6,2025-08-27,2026-03-27,308,3,4,5,12,4,Loyal Customers
C02368,10,16,12166.56,311.9630769230769,68,6,2024-06-28,2026-06-21,733,5,5,5,15,5,Champions
C02369,141,3,2554.34,364.9057142857143,13,4,2024-04-24,2026-02-10,798,2,2,2,6,6,Potential Loyalists
C02370,14,10,6971.57,303.1117391304348,45,6,2024-12-22,2026-06-17,556,5,4,4,13,4,Loyal Customers
C02371,31,10,5400.35,216.014,41,6,2024-06-11,2026-05-31,750,4,4,4,12,6,Potential Loyalists
C02372,19,4,1566.78,195.8475,15,4,2024-07-02,2026-06-12,729,5,3,2,10,6,Potential Loyalists
C02373,100,2,1475.0,368.75,7,3,2025-11-03,2026-03-23,240,3,2,2,7,0,Promising
C02374,43,2,227.31,56.8275,7,3,2025-12-07,2026-05-19,206,4,2,1,7,3,Hibernating
C02375,351,1,573.1999999999999,286.59999999999997,5,2,2025-07-15,2025-07-15,351,1,1,1,3,0,Promising
C02376,363,4,6804.0199999999995,567.0016666666667,30,5,2025-03-13,2025-07-03,475,1,3,4,8,1,Needs Attention
C02377,367,3,1319.44,219.90666666666667,13,4,2024-10-02,2025-06-29,637,1,2,2,5,1,Needs Attention
C02378,26,15,11269.02,288.9492307692308,76,6,2024-05-15,2026-06-05,777,4,5,5,14,5,Champions
C02379,222,2,886.7199999999999,147.78666666666666,12,4,2025-10-18,2025-11-21,256,2,2,1,5,0,Promising
C02380,555,1,623.87,155.9675,6,3,2024-12-23,2024-12-23,555,1,1,1,3,2,At Risk
C02382,25,5,1477.67,164.18555555555557,19,5,2025-01-01,2026-06-06,546,4,3,2,9,6,Potential Loyalists
C02384,119,2,347.90999999999997,69.582,11,4,2026-02-25,2026-03-04,126,3,2,1,6,3,Hibernating
C02385,164,9,4354.61,155.5217857142857,55,6,2024-02-07,2026-01-18,875,2,4,3,9,6,Potential Loyalists
C02387,48,14,11396.81,292.2258974358974,74,6,2024-05-08,2026-05-14,784,4,5,5,14,5,Champions
C02388,41,2,2337.21,389.535,13,4,2026-05-01,2026-05-21,61,4,2,2,8,0,Promising
C02389,315,5,2044.98,157.30615384615385,26,4,2024-10-16,2025-08-20,623,1,3,2,6,6,Potential Loyalists
C02390,334,3,1325.3400000000001,165.66750000000002,19,5,2024-08-19,2025-08-01,681,1,2,2,5,2,At Risk
C02391,13,26,34488.24,605.0568421052632,116,6,2024-06-18,2026-06-18,743,5,5,5,15,5,Champions
C02392,14,3,3039.8199999999997,337.75777777777773,13,6,2025-09-18,2026-06-17,286,5,2,3,10,0,Promising
C02393,260,16,9943.52,284.1005714285714,68,6,2024-01-30,2025-10-14,883,2,5,4,11,5,Champions
C02394,106,13,14210.279999999999,394.72999999999996,77,6,2024-09-23,2026-03-17,646,3,5,5,13,5,Champions
C02395,1,35,42925.39,511.0165476190476,165,6,2024-02-10,2026-06-30,872,5,5,5,15,5,Champions
C02396,237,4,4421.67,552.70875,18,4,2024-08-26,2025-11-06,674,2,3,3,8,1,Needs Attention
C02397,6,6,7116.38,374.5463157894737,40,6,2024-11-30,2026-06-25,578,5,4,4,13,4,Loyal Customers
C02402,599,5,4389.2699999999995,258.19235294117647,38,5,2024-02-10,2024-11-09,872,1,3,3,7,1,Needs Attention
C02403,524,4,2721.05,272.105,16,5,2024-10-09,2025-01-23,630,1,3,3,7,1,Needs Attention
C02405,111,1,318.91,318.91,2,1,2026-03-12,2026-03-12,111,3,1,1,5,0,Promising
C02407,29,9,6391.33,245.82038461538463,42,6,2025-02-20,2026-06-02,496,4,4,4,12,4,Loyal Customers
C02408,425,5,3943.17,328.5975,30,5,2024-07-24,2025-05-02,707,1,3,3,7,1,Needs Attention
C02409,364,1,48.51,48.51,2,1,2025-07-02,2025-07-02,364,1,1,1,3,3,Hibernating
C02410,12,7,2881.72,180.1075,29,5,2025-09-29,2026-06-19,275,5,4,3,12,0,Promising
C02411,379,2,548.54,274.27,4,2,2025-05-06,2025-06-17,421,1,2,1,4,2,At Risk
C02412,186,6,2427.2200000000003,173.37285714285716,30,6,2024-08-23,2025-12-27,677,2,4,2,8,6,Potential Loyalists
C02413,90,11,7136.1,246.07241379310346,55,6,2024-08-20,2026-04-02,680,3,4,4,11,6,Potential Loyalists
C02414,3,19,17588.17,418.76595238095234,87,6,2024-07-07,2026-06-28,724,5,5,5,15,5,Champions
C02415,105,4,6479.57,589.0518181818181,27,4,2024-01-08,2026-03-18,905,3,3,4,10,6,Potential Loyalists
C02416,22,18,16436.28,432.5336842105263,77,6,2024-11-28,2026-06-09,580,5,5,5,15,5,Champions
C02418,12,7,7086.73,472.4486666666666,30,5,2025-04-21,2026-06-19,436,5,4,4,13,4,Loyal Customers
C02419,39,10,9088.76,378.6983333333333,41,6,2025-01-10,2026-05-23,537,4,4,4,12,4,Loyal Customers
C02421,830,1,24.62,24.62,1,1,2024-03-23,2024-03-23,830,1,1,1,3,2,At Risk
C02422,393,5,4763.6,476.36,18,5,2024-06-28,2025-06-03,733,1,3,3,7,1,Needs Attention
C02423,303,2,406.84999999999997,135.61666666666665,7,3,2025-08-23,2025-09-01,312,1,2,1,4,3,Hibernating
C02424,80,20,19670.17,393.4034,103,6,2024-01-19,2026-04-12,894,3,5,5,13,5,Champions
C02425,420,3,3426.03,489.4328571428572,14,5,2024-10-22,2025-05-07,617,1,2,3,6,1,Needs Attention
C02426,232,3,1951.6,325.26666666666665,9,4,2025-07-24,2025-11-11,342,2,2,2,6,0,Promising
C02427,79,5,5051.86,315.74125,34,6,2024-12-01,2026-04-13,577,3,3,3,9,6,Potential Loyalists
C02428,143,4,2481.4300000000003,275.7144444444445,20,4,2025-11-29,2026-02-08,214,2,3,2,7,0,Promising
C02429,44,13,10758.15,275.84999999999997,75,6,2024-09-29,2026-05-18,640,4,5,4,13,5,Champions
C02432,24,3,449.08,89.816,11,3,2024-12-29,2026-06-07,549,4,2,1,7,3,Hibernating
C02433,594,1,198.97,198.97,3,1,2024-11-14,2024-11-14,594,1,1,1,3,2,At Risk
C02434,59,3,2158.15,308.3071428571429,13,3,2025-10-19,2026-05-03,255,3,2,2,7,0,Promising
C02435,10,16,17814.54,434.5009756097561,76,6,2024-01-19,2026-06-21,894,5,5,5,15,5,Champions
C02436,50,6,3525.13,251.79500000000002,30,6,2025-09-04,2026-05-12,300,4,4,3,11,0,Promising
C02437,97,4,2437.37,270.81888888888886,19,6,2024-08-10,2026-03-26,690,3,3,2,8,6,Potential Loyalists
C02438,628,4,7990.63,614.6638461538462,34,5,2024-07-12,2024-10-11,719,1,3,4,8,1,Needs Attention
C02439,249,2,688.56,172.14,6,4,2024-12-27,2025-10-25,551,2,2,1,5,2,At Risk
C02440,50,23,20119.32,379.6098113207547,93,6,2025-01-05,2026-05-12,542,4,5,5,14,5,Champions
C02441,1,20,22303.52,484.8591304347826,96,6,2025-04-26,2026-06-30,431,5,5,5,15,4,Loyal Customers
C02443,313,2,2214.37,553.5925,7,2,2025-04-21,2025-08-22,436,1,2,2,5,1,Needs Attention
C02445,64,11,9633.64,321.1213333333333,64,6,2025-02-24,2026-04-28,492,3,4,4,11,4,Loyal Customers
C02446,319,3,4217.21,468.5788888888889,23,5,2025-06-06,2025-08-16,390,1,2,3,6,1,Needs Attention
C02447,12,11,19857.93,661.931,63,6,2025-09-19,2026-06-19,285,5,4,5,14,4,Loyal Customers
C02448,3,14,20641.99,589.7711428571429,74,6,2024-01-12,2026-06-28,901,5,5,5,15,5,Champions
C02449,576,1,9.89,9.89,1,1,2024-12-02,2024-12-02,576,1,1,1,3,3,Hibernating
C02450,8,5,3794.54,379.454,21,5,2025-06-05,2026-06-23,391,5,3,3,11,4,Loyal Customers
C02451,151,5,1391.77,139.177,21,4,2024-07-02,2026-01-31,729,2,3,2,7,6,Potential Loyalists
C02452,218,3,3119.86,519.9766666666667,14,3,2025-08-22,2025-11-25,313,2,2,3,7,0,Promising
C02453,464,2,985.4300000000001,246.35750000000002,10,4,2024-12-06,2025-03-24,572,1,2,1,4,2,At Risk
C02454,74,10,17478.63,602.7113793103449,62,6,2025-06-04,2026-04-18,392,3,4,5,12,4,Loyal Customers
C02455,17,15,11412.89,335.6732352941176,66,6,2025-07-02,2026-06-14,364,5,5,5,15,4,Loyal Customers
C02456,442,1,1095.8,273.95,8,3,2025-04-15,2025-04-15,442,1,1,1,3,2,At Risk
C02457,6,14,14557.48,441.13575757575757,63,6,2025-04-29,2026-06-25,428,5,5,5,15,4,Loyal Customers
C02458,22,13,17223.42,555.594193548387,64,6,2025-05-29,2026-06-09,398,5,5,5,15,4,Loyal Customers
C02459,418,1,149.34,149.34,1,1,2025-05-09,2025-05-09,418,1,1,1,3,2,At Risk
C02460,105,5,6687.74,417.98375,30,5,2025-09-14,2026-03-18,290,3,3,4,10,4,Loyal Customers
C02461,29,12,20098.21,773.0080769230769,54,6,2025-07-26,2026-06-02,340,4,5,5,14,4,Loyal Customers
C02462,36,4,3858.3,275.59285714285716,28,6,2025-03-05,2026-05-26,483,4,3,3,10,6,Potential Loyalists
C02463,377,3,2043.92,408.784,12,4,2024-11-18,2025-06-19,590,1,2,2,5,1,Needs Attention
C02464,219,4,3998.84,363.5309090909091,18,4,2024-10-30,2025-11-24,609,2,3,3,8,6,Potential Loyalists
C02465,292,3,1041.69,148.81285714285715,14,5,2025-05-18,2025-09-12,409,2,2,1,5,2,At Risk
C02466,4,3,3263.42,407.9275,19,5,2025-09-28,2026-06-27,276,5,2,3,10,0,Promising
C02467,72,18,14387.57,319.7237777777778,77,6,2024-08-10,2026-04-20,690,3,5,5,13,5,Champions
C02468,66,10,10717.59,324.7754545454545,68,6,2024-10-06,2026-04-26,633,3,4,4,11,5,Champions
C02469,9,20,23839.85,581.4597560975609,73,6,2025-03-17,2026-06-22,471,5,5,5,15,4,Loyal Customers
C02470,153,2,351.23,70.24600000000001,9,3,2025-07-12,2026-01-29,354,2,2,1,5,3,Hibernating
C02471,394,4,3047.8599999999997,234.4507692307692,30,5,2024-10-02,2025-06-02,637,1,3,3,7,1,Needs Attention
C02472,5,7,11012.9,611.8277777777778,40,6,2025-04-01,2026-06-26,456,5,4,4,13,4,Loyal Customers
C02474,291,5,2351.28,213.7527272727273,24,4,2024-12-08,2025-09-13,570,2,3,2,7,6,Potential Loyalists
C02475,3,5,3281.02,328.102,18,4,2026-02-01,2026-06-28,150,5,3,3,11,0,Promising
C02476,149,1,314.15999999999997,157.07999999999998,6,2,2026-02-02,2026-02-02,149,2,1,1,4,3,Hibernating
C02477,71,3,1222.4099999999999,203.73499999999999,12,5,2025-04-18,2026-04-21,439,3,2,1,6,0,Promising
C02478,8,6,4654.13,273.77235294117645,37,6,2025-09-10,2026-06-23,294,5,4,3,12,4,Loyal Customers
C02479,146,3,1840.21,306.70166666666665,11,4,2025-03-06,2026-02-05,482,2,2,2,6,0,Promising
C02480,17,6,2672.0099999999998,222.6675,25,4,2025-04-08,2026-06-14,449,5,4,3,12,6,Potential Loyalists
C02481,329,4,3785.4900000000002,473.18625000000003,15,6,2025-02-19,2025-08-06,497,1,3,3,7,1,Needs Attention
C02482,379,1,1900.0300000000002,633.3433333333334,7,3,2025-06-17,2025-06-17,379,1,1,2,4,1,Needs Attention
C02483,243,2,2095.1,523.775,8,2,2024-05-08,2025-10-31,784,2,2,2,6,1,Needs Attention
C02484,18,17,15520.24,337.39652173913043,90,6,2024-06-30,2026-06-13,731,5,5,5,15,5,Champions
C02485,139,2,2153.4900000000002,430.69800000000004,12,4,2026-01-02,2026-02-12,180,2,2,2,6,0,Promising
C02486,197,3,2726.2,302.9111111111111,19,4,2025-11-14,2025-12-16,229,2,2,3,7,0,Promising
C02488,70,3,2812.28,312.47555555555556,20,4,2025-01-05,2026-04-22,542,3,2,3,8,6,Potential Loyalists
C02489,452,7,3774.0299999999997,198.63315789473683,36,6,2024-03-25,2025-04-05,828,1,4,3,8,1,Needs Attention
C02490,59,6,2303.42,255.93555555555557,12,5,2025-07-22,2026-05-03,344,3,4,2,9,0,Promising
C02491,5,7,8328.62,489.91882352941184,34,6,2025-02-14,2026-06-26,502,5,4,4,13,4,Loyal Customers
C02492,464,4,3192.53,319.25300000000004,21,6,2024-09-04,2025-03-24,665,1,3,3,7,1,Needs Attention
C02493,126,2,2174.25,434.85,12,4,2025-08-25,2026-02-25,310,3,2,2,7,0,Promising
C02494,113,8,4847.2699999999995,220.33045454545453,42,6,2024-12-28,2026-03-10,550,3,4,3,10,6,Potential Loyalists
C02495,334,4,2417.31,201.4425,21,5,2024-01-28,2025-08-01,885,1,3,2,6,1,Needs Attention
C02496,23,15,21563.13,695.5848387096775,62,6,2025-07-25,2026-06-08,341,4,5,5,14,4,Loyal Customers
C02497,257,4,1656.25,150.5681818181818,20,6,2025-01-28,2025-10-17,519,2,3,2,7,6,Potential Loyalists
C02498,5,23,37224.0,590.8571428571429,119,6,2024-07-28,2026-06-26,703,5,5,5,15,5,Champions
C02499,7,7,9174.77,417.035,41,6,2025-07-26,2026-06-24,340,5,4,4,13,4,Loyal Customers
C02500,193,4,7097.83,473.1886666666667,29,5,2025-10-17,2025-12-20,257,2,3,4,9,0,Promising
C02501,81,12,17134.1,552.7129032258064,66,6,2024-11-12,2026-04-11,596,3,5,5,13,5,Champions
C02502,22,28,36601.19,508.3498611111111,144,6,2024-03-20,2026-06-09,833,5,5,5,15,5,Champions
C02503,518,2,641.26,213.75333333333333,8,2,2024-08-04,2025-01-29,696,1,2,1,4,2,At Risk
C02504,811,1,141.45,35.3625,8,2,2024-04-11,2024-04-11,811,1,1,1,3,2,At Risk
C02505,195,3,2221.5,201.95454545454547,22,4,2025-01-30,2025-12-18,517,2,2,2,6,6,Potential Loyalists
C02507,11,4,1802.44,225.305,16,6,2025-08-02,2026-06-20,333,5,3,2,10,0,Promising
C02509,6,5,6806.71,486.19357142857143,30,5,2025-11-26,2026-06-25,217,5,3,4,12,4,Loyal Customers
C02510,209,11,10280.63,446.98391304347825,49,6,2024-10-04,2025-12-04,635,2,4,4,10,5,Champions
C02512,93,3,3407.9,425.9875,14,3,2025-09-04,2026-03-30,300,3,2,3,8,0,Promising
C02513,421,3,2135.3,533.825,7,3,2024-10-05,2025-05-06,634,1,2,2,5,1,Needs Attention
C02515,247,2,406.55,81.31,8,3,2025-03-03,2025-10-27,485,2,2,1,5,3,Hibernating
C02517,8,10,2272.7200000000003,119.61684210526317,38,6,2025-02-18,2026-06-23,498,5,4,2,11,6,Potential Loyalists
C02518,26,22,31154.98,599.1342307692307,106,6,2024-07-24,2026-06-05,707,4,5,5,14,5,Champions
C02519,157,2,1331.26,266.252,12,4,2025-07-16,2026-01-25,350,2,2,2,6,0,Promising
C02522,42,2,746.25,186.5625,9,3,2026-03-19,2026-05-20,104,4,2,1,7,0,Promising
C02523,6,11,6379.05,236.26111111111112,56,6,2025-01-04,2026-06-25,543,5,4,4,13,6,Potential Loyalists
C02524,33,4,2287.6800000000003,228.76800000000003,20,6,2025-05-12,2026-05-29,415,4,3,2,9,0,Promising
C02525,5,9,3570.17,155.22478260869565,44,6,2024-08-19,2026-06-26,681,5,4,3,12,6,Potential Loyalists
C02528,129,9,12285.36,491.4144,52,5,2024-10-13,2026-02-22,626,3,4,5,12,5,Champions
C02529,18,16,14450.66,321.1257777777778,86,6,2024-07-20,2026-06-13,711,5,5,5,15,5,Champions
C02530,139,1,2471.12,823.7066666666666,6,3,2026-02-12,2026-02-12,139,2,1,2,5,0,Promising
C02531,397,2,678.72,169.68,6,3,2024-11-18,2025-05-30,590,1,2,1,4,2,At Risk
C02533,419,7,7774.97,370.2366666666667,41,6,2024-05-18,2025-05-08,774,1,4,4,9,1,Needs Attention
C02535,2,8,3325.97,144.60739130434783,43,6,2024-10-02,2026-06-29,637,5,4,3,12,6,Potential Loyalists
C02536,97,4,2765.71,345.71375,16,3,2024-03-28,2026-03-26,825,3,3,3,9,6,Potential Loyalists
C02537,8,4,4295.12,357.9266666666667,26,6,2025-10-10,2026-06-23,264,5,3,3,11,0,Promising
C02539,102,2,1586.95,793.475,5,2,2025-12-15,2026-03-21,198,3,2,2,7,0,Promising
C02543,17,19,23393.94,556.9985714285714,85,6,2025-03-04,2026-06-14,484,5,5,5,15,4,Loyal Customers
C02545,34,5,5697.54,569.754,19,4,2025-01-04,2026-05-28,543,4,3,4,11,4,Loyal Customers
C02546,154,5,4836.96,372.07384615384615,27,4,2025-02-14,2026-01-28,502,2,3,3,8,6,Potential Loyalists
C02547,4,20,31559.7,751.4214285714286,85,6,2025-03-19,2026-06-27,469,5,5,5,15,4,Loyal Customers
C02549,34,3,1686.37,210.79625,17,5,2025-04-23,2026-05-28,434,4,2,2,8,0,Promising
C02551,67,7,9212.65,575.790625,33,6,2024-03-28,2026-04-25,825,3,4,4,11,5,Champions
C02552,74,10,8117.09,386.52809523809526,49,6,2025-02-22,2026-04-18,494,3,4,4,11,4,Loyal Customers
C02553,160,3,4390.62,399.1472727272727,22,5,2025-06-12,2026-01-22,384,2,2,3,7,0,Promising
C02554,119,12,12444.15,366.0044117647059,61,6,2024-10-16,2026-03-04,623,3,5,5,13,5,Champions
C02555,4,17,22410.28,487.17999999999995,87,6,2025-05-23,2026-06-27,404,5,5,5,15,4,Loyal Customers
C02557,1,5,7559.2,503.94666666666666,27,5,2024-09-09,2026-06-30,660,5,3,4,12,6,Potential Loyalists
C02558,5,9,8590.98,390.4990909090909,44,6,2025-03-29,2026-06-26,459,5,4,4,13,4,Loyal Customers
C02559,454,4,3830.94,383.094,22,4,2024-10-28,2025-04-03,611,1,3,3,7,1,Needs Attention
C02560,516,4,5552.75,427.13461538461536,31,6,2024-09-10,2025-01-31,659,1,3,4,8,1,Needs Attention
C02561,43,3,202.51,40.501999999999995,10,4,2026-03-05,2026-05-19,118,4,2,1,7,3,Hibernating
C02562,6,15,11492.91,294.69,77,6,2024-08-04,2026-06-25,696,5,5,5,15,5,Champions
C02563,353,1,188.16,94.08,4,2,2025-07-13,2025-07-13,353,1,1,1,3,3,Hibernating
C02564,34,9,5520.37,290.5457894736842,38,5,2025-05-28,2026-05-28,399,4,4,4,12,4,Loyal Customers
C02565,45,7,8027.83,573.4164285714286,31,5,2025-02-09,2026-05-17,507,4,4,4,12,4,Loyal Customers
C02566,92,7,5691.5199999999995,316.19555555555553,38,6,2024-09-20,2026-03-31,649,3,4,4,11,6,Potential Loyalists
C02567,26,1,118.72999999999999,59.364999999999995,3,1,2026-06-05,2026-06-05,26,4,1,1,6,3,Hibernating
C02568,40,9,11771.4,560.5428571428571,45,6,2024-10-27,2026-05-22,612,4,4,5,13,4,Loyal Customers
C02569,99,5,4156.94,230.9411111111111,31,6,2024-02-12,2026-03-24,870,3,3,3,9,6,Potential Loyalists
C02570,15,7,3276.19,192.7170588235294,36,6,2025-06-05,2026-06-16,391,5,4,3,12,6,Potential Loyalists
C02571,116,3,2265.2000000000003,377.53333333333336,13,3,2025-01-20,2026-03-07,527,3,2,2,7,6,Potential Loyalists
C02572,115,3,787.1,196.775,7,4,2024-12-27,2026-03-08,551,3,2,1,6,6,Potential Loyalists
C02573,482,2,1683.63,420.9075,8,3,2025-03-05,2025-03-06,483,1,2,2,5,1,Needs Attention
C02574,35,9,6100.58,381.28625,35,6,2025-06-25,2026-05-27,371,4,4,4,12,4,Loyal Customers
C02575,36,5,3586.83,326.07545454545453,17,6,2025-07-26,2026-05-26,340,4,3,3,10,0,Promising
C02576,32,6,5815.15,415.36785714285713,29,6,2025-11-01,2026-05-30,242,4,4,4,12,4,Loyal Customers
C02577,48,1,698.4,174.6,5,3,2026-05-14,2026-05-14,48,4,1,1,6,0,Promising
C02578,248,2,1523.4399999999998,380.85999999999996,8,4,2025-07-25,2025-10-26,341,2,2,2,6,0,Promising
C02579,275,1,1835.9299999999998,458.98249999999996,6,2,2025-09-29,2025-09-29,275,2,1,2,5,0,Promising
C02581,595,2,1066.3899999999999,355.4633333333333,5,3,2024-07-15,2024-11-13,716,1,2,1,4,1,Needs Attention
C02583,128,7,5864.4400000000005,366.52750000000003,31,6,2025-04-25,2026-02-23,432,3,4,4,11,4,Loyal Customers
C02585,22,15,23081.28,699.4327272727272,71,6,2025-05-07,2026-06-09,420,5,5,5,15,4,Loyal Customers
C02586,135,3,1514.29,252.38166666666666,11,5,2025-09-06,2026-02-16,298,2,2,2,6,0,Promising
C02587,159,12,18255.08,651.9671428571429,64,6,2025-02-15,2026-01-23,501,2,5,5,12,4,Loyal Customers
C02588,3,7,4746.16,249.7978947368421,37,6,2025-10-30,2026-06-28,244,5,4,3,12,4,Loyal Customers
C02589,13,9,3828.2400000000002,191.412,41,6,2024-04-13,2026-06-18,809,5,4,3,12,6,Potential Loyalists
C02590,84,13,12826.02,413.7425806451613,59,6,2024-05-23,2026-04-08,769,3,5,5,13,5,Champions
C02591,41,31,31415.71,430.3521917808219,134,6,2024-04-22,2026-05-21,800,4,5,5,14,5,Champions
C02593,37,10,10582.2,407.0076923076923,53,6,2025-01-03,2026-05-25,544,4,4,4,12,4,Loyal Customers
C02594,75,2,1214.3,202.38333333333333,8,4,2026-02-20,2026-04-17,131,3,2,1,6,0,Promising
C02595,31,1,2133.0099999999998,533.2524999999999,8,3,2026-05-31,2026-05-31,31,4,1,2,7,0,Promising
C02597,9,4,5866.4400000000005,488.87000000000006,20,6,2024-11-06,2026-06-22,602,5,3,4,12,6,Potential Loyalists
C02599,29,16,15673.869999999999,401.8941025641025,81,6,2025-02-15,2026-06-02,501,4,5,5,14,4,Loyal Customers
C02600,304,1,71.32,23.77333333333333,6,2,2025-08-31,2025-08-31,304,1,1,1,3,3,Hibernating
C02601,6,7,9194.87,540.8747058823529,36,4,2025-09-09,2026-06-25,295,5,4,4,13,4,Loyal Customers
C02604,689,2,2913.48,485.58,14,3,2024-07-26,2024-08-11,705,1,2,3,6,1,Needs Attention
C02605,442,4,3246.02,231.85857142857142,26,6,2024-02-05,2025-04-15,877,1,3,3,7,1,Needs Attention
C02606,405,1,147.25,49.083333333333336,5,2,2025-05-22,2025-05-22,405,1,1,1,3,3,Hibernating
C02607,22,20,15947.88,354.39733333333334,94,6,2024-07-04,2026-06-09,727,5,5,5,15,5,Champions
C02608,35,12,9202.68,317.3337931034483,62,6,2024-06-16,2026-05-27,745,4,5,4,13,5,Champions
C02610,361,3,1344.3999999999999,224.06666666666663,13,4,2025-03-28,2025-07-05,460,1,2,2,5,1,Needs Attention
C02611,288,3,1705.97,189.5522222222222,18,5,2025-05-21,2025-09-16,406,2,2,2,6,0,Promising
C02612,107,4,1334.05,166.75625,12,4,2025-11-20,2026-03-16,223,3,3,2,8,0,Promising
C02613,270,3,537.6899999999999,67.21124999999999,18,4,2025-04-07,2025-10-04,450,2,2,1,5,3,Hibernating
C02615,41,10,8146.46,387.9266666666667,46,5,2024-04-29,2026-05-21,793,4,4,4,12,5,Champions
C02616,136,2,739.29,123.21499999999999,10,4,2025-12-13,2026-02-15,200,2,2,1,5,3,Hibernating
C02618,241,1,142.85999999999999,71.42999999999999,4,2,2025-11-02,2025-11-02,241,2,1,1,4,3,Hibernating
C02619,93,2,330.69,55.115,11,4,2026-01-16,2026-03-30,166,3,2,1,6,3,Hibernating
C02620,240,3,6190.290000000001,687.8100000000001,20,4,2025-05-06,2025-11-03,421,2,2,4,8,1,Needs Attention
C02621,152,10,8483.04,424.15200000000004,43,5,2025-02-14,2026-01-30,502,2,4,4,10,4,Loyal Customers
C02622,7,12,6967.66,258.06148148148145,69,6,2024-11-28,2026-06-24,580,5,5,4,14,6,Potential Loyalists
C02623,51,4,3544.7000000000003,354.47,20,5,2024-12-05,2026-05-11,573,4,3,3,10,6,Potential Loyalists
C02625,43,9,8569.17,342.7668,46,6,2024-06-15,2026-05-19,746,4,4,4,12,5,Champions
C02626,605,1,424.24,141.41333333333333,6,2,2024-11-03,2024-11-03,605,1,1,1,3,2,At Risk
C02627,479,2,83.92,41.96,2,2,2024-07-11,2025-03-09,720,1,2,1,4,2,At Risk
C02628,312,4,2496.91,249.69099999999997,18,5,2025-03-29,2025-08-23,459,1,3,2,6,1,Needs Attention
C02629,38,5,11140.59,1114.059,21,4,2024-12-30,2026-05-24,548,4,3,4,11,4,Loyal Customers
C02630,348,3,6226.38,622.638,21,5,2025-04-22,2025-07-18,435,1,2,4,7,1,Needs Attention
C02631,66,5,1670.06,139.17166666666665,22,6,2024-12-20,2026-04-26,558,3,3,2,8,6,Potential Loyalists
C02632,118,5,1546.02,171.78,15,4,2025-06-25,2026-03-05,371,3,3,2,8,0,Promising
C02633,37,13,12601.6,331.62105263157895,82,6,2024-12-06,2026-05-25,572,4,5,5,14,5,Champions
C02634,4,9,6746.67,396.8629411764706,34,6,2025-03-28,2026-06-27,460,5,4,4,13,4,Loyal Customers
C02635,108,9,11705.86,450.22538461538466,50,6,2024-03-21,2026-03-15,832,3,4,5,12,5,Champions
C02636,271,2,1019.73,254.9325,9,3,2024-11-13,2025-10-03,595,2,2,1,5,1,Needs Attention
C02639,44,4,3533.7799999999997,294.4816666666666,29,5,2025-04-20,2026-05-18,437,4,3,3,10,6,Potential Loyalists
C02641,181,3,1273.1299999999999,181.87571428571428,12,4,2025-09-19,2026-01-01,285,2,2,2,6,0,Promising
C02643,289,3,423.0,141.0,5,2,2025-05-19,2025-09-15,408,2,2,1,5,3,Hibernating
C02644,66,1,486.57,243.285,5,2,2026-04-26,2026-04-26,66,3,1,1,5,0,Promising
C02645,41,4,4594.19,382.84916666666663,24,5,2024-03-21,2026-05-21,832,4,3,3,10,6,Potential Loyalists
C02646,44,3,1772.45,221.55625,19,4,2026-03-03,2026-05-18,120,4,2,2,8,0,Promising
C02647,134,6,5818.8,387.92,26,6,2025-08-09,2026-02-17,326,2,4,4,10,4,Loyal Customers
C02648,25,7,3176.93,186.87823529411764,28,6,2025-08-15,2026-06-06,320,4,4,3,11,0,Promising
C02649,20,9,8996.25,529.1911764705883,41,6,2025-08-19,2026-06-11,316,5,4,4,13,4,Loyal Customers
C02650,6,8,5115.0,284.1666666666667,34,6,2024-12-19,2026-06-25,559,5,4,3,12,6,Potential Loyalists
C02651,537,1,315.5,157.75,4,2,2025-01-10,2025-01-10,537,1,1,1,3,2,At Risk
C02653,115,5,9045.17,1005.0188888888889,19,5,2025-07-01,2026-03-08,365,3,3,4,10,4,Loyal Customers
C02655,98,2,1078.3200000000002,215.66400000000004,12,3,2025-01-08,2026-03-25,539,3,2,1,6,6,Potential Loyalists
C02656,83,6,3597.95,224.871875,30,6,2024-11-20,2026-04-09,588,3,4,3,10,6,Potential Loyalists
C02657,6,3,3250.84,541.8066666666667,9,4,2026-05-07,2026-06-25,55,5,2,3,10,0,Promising
C02658,80,12,8006.46,296.53555555555556,59,6,2024-09-28,2026-04-12,641,3,5,4,12,5,Champions
C02659,344,1,1441.49,480.49666666666667,7,3,2025-07-22,2025-07-22,344,1,1,2,4,0,Promising
C02660,343,5,3025.2599999999998,275.02363636363634,20,4,2024-03-14,2025-07-23,839,1,3,3,7,1,Needs Attention
C02661,164,6,3133.38,261.115,23,6,2025-07-28,2026-01-18,338,2,4,3,9,0,Promising
C02662,262,2,2691.8199999999997,897.2733333333332,8,2,2025-06-30,2025-10-12,366,2,2,3,7,0,Promising
C02663,377,2,1185.7199999999998,237.14399999999995,10,2,2025-05-24,2025-06-19,403,1,2,1,4,1,Needs Attention
C02664,250,3,5431.83,603.5366666666666,20,5,2025-09-23,2025-10-24,281,2,2,4,8,0,Promising
C02665,9,38,46109.88,452.0576470588235,207,6,2024-04-21,2026-06-22,801,5,5,5,15,5,Champions
C02666,42,12,11158.81,338.14575757575756,70,6,2024-06-22,2026-05-20,739,4,5,4,13,5,Champions
C02667,310,1,1504.17,752.085,5,2,2025-08-25,2025-08-25,310,1,1,2,4,0,Promising
C02668,351,11,6858.73,221.24935483870965,62,6,2024-04-02,2025-07-15,820,1,4,4,9,6,Potential Loyalists
C02669,185,1,206.36,103.18,3,2,2025-12-28,2025-12-28,185,2,1,1,4,3,Hibernating
C02670,12,8,5590.46,279.523,36,6,2024-12-25,2026-06-19,553,5,4,4,13,6,Potential Loyalists
C02671,18,15,20621.61,557.3408108108108,82,6,2024-04-17,2026-06-13,805,5,5,5,15,5,Champions
C02672,13,4,3678.5699999999997,408.72999999999996,19,6,2025-10-04,2026-06-18,270,5,3,3,11,0,Promising
C02673,282,7,5344.33,254.49190476190475,40,6,2025-01-12,2025-09-22,535,2,4,4,10,6,Potential Loyalists
C02674,2,15,13656.55,379.3486111111111,73,6,2025-09-14,2026-06-29,290,5,5,5,15,4,Loyal Customers
C02675,476,1,991.3100000000001,330.43666666666667,4,3,2025-03-12,2025-03-12,476,1,1,1,3,1,Needs Attention
C02676,97,7,8480.85,385.4931818181818,46,6,2024-05-31,2026-03-26,761,3,4,4,11,6,Potential Loyalists
C02679,84,7,3151.66,225.1185714285714,25,6,2025-03-28,2026-04-08,460,3,4,3,10,6,Potential Loyalists
C02680,487,7,3938.03,218.77944444444447,33,6,2024-02-01,2025-03-01,881,1,4,3,8,1,Needs Attention
C02681,3,14,15990.77,410.0197435897436,79,6,2025-08-04,2026-06-28,331,5,5,5,15,4,Loyal Customers
C02682,127,6,4568.460000000001,285.52875000000006,37,6,2025-02-10,2026-02-24,506,3,4,3,10,6,Potential Loyalists
C02683,90,10,8676.8,279.89677419354837,54,6,2024-07-14,2026-04-02,717,3,4,4,11,6,Potential Loyalists
C02684,49,28,48938.119999999995,689.2692957746478,149,6,2024-10-25,2026-05-13,614,4,5,5,14,5,Champions
C02685,258,2,3256.8100000000004,814.2025000000001,8,2,2025-03-04,2025-10-16,484,2,2,3,7,1,Needs Attention
C02686,163,2,149.19,49.73,5,2,2025-11-01,2026-01-19,242,2,2,1,5,3,Hibernating
C02688,39,10,6527.26,296.69363636363636,41,6,2024-12-10,2026-05-23,568,4,4,4,12,6,Potential Loyalists
C02689,211,3,362.19,60.365,11,4,2025-03-17,2025-12-02,471,2,2,1,5,3,Hibernating
C02690,76,5,9191.52,765.96,29,4,2025-09-03,2026-04-16,301,3,3,4,10,4,Loyal Customers
C02691,5,12,11788.96,453.42153846153843,54,6,2024-05-31,2026-06-26,761,5,5,5,15,5,Champions
C02692,5,14,14794.32,435.1270588235294,73,6,2025-05-11,2026-06-26,416,5,5,5,15,4,Loyal Customers
C02694,53,17,13442.45,384.07,67,6,2024-07-02,2026-05-09,729,4,5,5,14,5,Champions
C02697,287,1,31.72,15.86,2,2,2025-09-17,2025-09-17,287,2,1,1,4,3,Hibernating
C02698,151,16,17984.06,449.60150000000004,79,6,2024-04-08,2026-01-31,814,2,5,5,12,5,Champions
C02699,100,2,374.78,124.92666666666666,5,2,2026-01-05,2026-03-23,177,3,2,1,6,3,Hibernating
C02700,44,4,3549.93,394.43666666666667,21,4,2025-05-19,2026-05-18,408,4,3,3,10,0,Promising
C02701,21,13,18993.9,499.8394736842106,78,6,2024-11-04,2026-06-10,604,5,5,5,15,5,Champions
C02703,179,5,1705.68,142.14000000000001,25,6,2024-10-31,2026-01-03,608,2,3,2,7,6,Potential Loyalists
C02704,63,5,1660.12,138.34333333333333,20,5,2025-10-09,2026-04-29,265,3,3,2,8,0,Promising
C02705,8,22,15441.19,308.8238,96,6,2024-04-14,2026-06-23,808,5,5,5,15,5,Champions
C02706,91,10,7801.27,312.05080000000004,41,6,2024-04-11,2026-04-01,811,3,4,4,11,5,Champions
C02709,108,2,651.69,108.61500000000001,8,5,2025-08-09,2026-03-15,326,3,2,1,6,3,Hibernating
C02710,80,7,2449.6299999999997,222.69363636363633,23,4,2025-03-15,2026-04-12,473,3,4,2,9,6,Potential Loyalists
C02712,71,4,3731.54,310.96166666666664,25,6,2025-02-24,2026-04-21,492,3,3,3,9,6,Potential Loyalists
C02713,14,14,20140.4,559.4555555555556,78,6,2025-02-01,2026-06-17,515,5,5,5,15,4,Loyal Customers
C02715,64,7,7060.69,353.0345,40,6,2025-06-16,2026-04-28,380,3,4,4,11,4,Loyal Customers
C02717,286,1,143.11,143.11,3,1,2025-09-18,2025-09-18,286,2,1,1,4,3,Hibernating
C02718,14,7,4813.81,253.3584210526316,40,5,2025-08-21,2026-06-17,314,5,4,3,12,4,Loyal Customers
C02719,81,3,2762.51,306.9455555555556,22,5,2025-06-26,2026-04-11,370,3,2,3,8,0,Promising
C02720,125,4,4742.17,526.9077777777778,16,3,2024-04-19,2026-02-26,803,3,3,3,9,6,Potential Loyalists
C02721,46,28,52340.58,697.8744,147,6,2024-05-02,2026-05-16,790,4,5,5,14,5,Champions
C02723,255,2,1883.53,376.706,11,4,2025-06-09,2025-10-19,387,2,2,2,6,0,Promising
C02725,270,1,285.21,95.07,7,1,2025-10-04,2025-10-04,270,2,1,1,4,3,Hibernating
C02726,60,4,1400.77,233.46166666666667,12,5,2025-06-25,2026-05-02,371,3,3,2,8,0,Promising
C02728,171,2,3435.21,490.7442857142857,16,4,2025-12-04,2026-01-11,209,2,2,3,7,0,Promising
C02729,163,6,6093.5,380.84375,32,6,2025-03-17,2026-01-19,471,2,4,4,10,4,Loyal Customers
C02731,10,12,17180.6,687.2239999999999,54,6,2024-11-16,2026-06-21,592,5,5,5,15,5,Champions
C02732,45,9,11520.470000000001,480.0195833333334,50,5,2025-04-07,2026-05-17,450,4,4,5,13,4,Loyal Customers
C02733,458,2,408.3,68.05,12,4,2025-01-05,2025-03-30,542,1,2,1,4,2,At Risk
C02734,40,14,10144.68,327.2477419354839,62,6,2024-05-09,2026-05-22,783,4,5,4,13,5,Champions
C02737,117,5,4187.94,246.34941176470585,32,5,2025-04-04,2026-03-06,453,3,3,3,9,6,Potential Loyalists
C02738,24,21,45016.82,900.3364,105,6,2024-10-05,2026-06-07,634,4,5,5,14,5,Champions
C02739,771,1,653.19,163.2975,5,4,2024-05-21,2024-05-21,771,1,1,1,3,2,At Risk
C02740,156,4,1890.24,189.024,22,5,2024-09-01,2026-01-26,668,2,3,2,7,6,Potential Loyalists
C02741,359,3,2442.25,488.45,10,3,2025-03-22,2025-07-07,466,1,2,2,5,1,Needs Attention
C02742,14,22,30105.44,493.5318032786885,113,6,2025-07-14,2026-06-17,352,5,5,5,15,4,Loyal Customers
C02743,250,3,2119.46,302.78000000000003,13,5,2025-04-24,2025-10-24,433,2,2,2,6,0,Promising
C02744,459,2,2334.11,333.44428571428574,17,4,2025-02-03,2025-03-29,513,1,2,2,5,1,Needs Attention
C02746,423,5,6287.42,392.96375,33,6,2024-05-03,2025-05-04,789,1,3,4,8,1,Needs Attention
C02747,546,2,742.4200000000001,106.06000000000002,11,3,2024-08-18,2025-01-01,682,1,2,1,4,2,At Risk
C02748,5,6,4170.7699999999995,245.33941176470586,30,6,2025-12-26,2026-06-26,187,5,4,3,12,0,Promising
C02749,61,2,2112.61,528.1525,8,3,2025-09-24,2026-05-01,280,3,2,2,7,0,Promising
C02751,88,14,13267.289999999999,368.5358333333333,65,6,2024-08-23,2026-04-04,677,3,5,5,13,5,Champions
C02752,498,1,329.8,82.45,7,3,2025-02-18,2025-02-18,498,1,1,1,3,2,At Risk
C02753,454,4,1412.02,156.89111111111112,19,4,2024-07-28,2025-04-03,703,1,3,2,6,2,At Risk
C02754,28,7,6689.33,371.62944444444446,40,6,2025-09-04,2026-06-03,300,4,4,4,12,4,Loyal Customers
C02755,14,20,19575.44,407.82166666666666,90,6,2024-07-22,2026-06-17,709,5,5,5,15,5,Champions
C02756,453,6,2415.45,172.53214285714284,25,6,2024-07-19,2025-04-04,712,1,4,2,7,1,Needs Attention
C02757,222,6,5432.9,417.9153846153846,27,6,2024-04-26,2025-11-21,796,2,4,4,10,6,Potential Loyalists
C02760,74,3,1023.95,204.79000000000002,13,5,2024-07-23,2026-04-18,708,3,2,1,6,6,Potential Loyalists
C02761,86,6,3917.41,391.741,20,5,2025-06-28,2026-04-06,368,3,4,3,10,4,Loyal Customers
C02762,385,1,1055.49,263.8725,8,3,2025-06-11,2025-06-11,385,1,1,1,3,2,At Risk
C02763,41,5,4531.44,302.09599999999995,27,6,2025-08-07,2026-05-21,328,4,3,3,10,4,Loyal Customers
C02764,378,6,5878.58,419.8985714285714,32,6,2024-09-21,2025-06-18,648,1,4,4,9,1,Needs Attention
C02765,253,3,263.87,52.774,8,3,2024-08-24,2025-10-21,676,2,2,1,5,3,Hibernating
C02766,70,8,5260.2699999999995,309.4276470588235,32,5,2024-09-06,2026-04-22,663,3,4,4,11,6,Potential Loyalists
C02767,327,3,2129.09,212.90900000000002,24,5,2025-01-08,2025-08-08,539,1,2,2,5,1,Needs Attention
C02768,875,1,475.30999999999995,237.65499999999997,4,2,2024-02-07,2024-02-07,875,1,1,1,3,2,At Risk
C02769,125,7,4977.34,261.96526315789475,37,6,2024-08-16,2026-02-26,684,3,4,3,10,6,Potential Loyalists
C02770,525,3,213.45,42.69,8,3,2024-05-29,2025-01-22,763,1,2,1,4,2,At Risk
C02771,36,4,1817.58,165.23454545454544,24,6,2024-03-23,2026-05-26,830,4,3,2,9,6,Potential Loyalists
C02772,9,6,4764.06,264.67,35,6,2025-03-10,2026-06-22,478,5,4,3,12,6,Potential Loyalists
C02773,154,3,731.48,146.296,12,4,2025-05-20,2026-01-28,407,2,2,1,5,0,Promising
C02774,58,4,3203.48,246.42153846153846,27,6,2025-09-23,2026-05-04,281,3,3,3,9,0,Promising
C02775,100,4,1617.38,134.78166666666667,16,5,2025-11-15,2026-03-23,228,3,3,2,8,0,Promising
C02776,78,2,1539.29,384.8225,8,3,2026-03-23,2026-04-14,100,3,2,2,7,0,Promising
C02777,223,1,137.64,68.82,6,2,2025-11-20,2025-11-20,223,2,1,1,4,3,Hibernating
C02779,102,13,14064.18,453.6832258064516,67,6,2024-05-21,2026-03-21,771,3,5,5,13,5,Champions
C02780,433,1,440.34,146.78,5,3,2025-04-24,2025-04-24,433,1,1,1,3,2,At Risk
C02781,85,4,1878.1699999999998,268.31,13,5,2024-09-12,2026-04-07,657,3,3,2,8,6,Potential Loyalists
C02782,281,4,7534.91,684.9918181818182,25,6,2025-01-12,2025-09-23,535,2,3,4,9,1,Needs Attention
C02784,229,4,2782.83,252.98454545454544,21,6,2025-07-24,2025-11-14,342,2,3,3,8,0,Promising
C02786,55,7,9955.98,452.5445454545454,45,4,2025-06-29,2026-05-07,367,4,4,4,12,4,Loyal Customers
C02787,91,12,18879.24,674.2585714285715,55,6,2024-05-18,2026-04-01,774,3,5,5,13,5,Champions
C02789,239,2,686.44,171.61,8,3,2025-10-26,2025-11-04,248,2,2,1,5,0,Promising
C02790,48,8,9266.8,402.9043478260869,43,6,2025-08-07,2026-05-14,328,4,4,4,12,4,Loyal Customers
C02791,105,3,2298.41,287.30125,15,5,2024-08-12,2026-03-18,688,3,2,2,7,6,Potential Loyalists
C02792,24,4,1457.8,132.52727272727273,20,5,2025-06-04,2026-06-07,392,4,3,2,9,0,Promising
C02793,413,1,370.81,185.405,3,2,2025-05-14,2025-05-14,413,1,1,1,3,2,At Risk
C02794,5,11,10448.56,386.98370370370367,56,6,2025-02-15,2026-06-26,501,5,4,4,13,4,Loyal Customers
C02795,31,5,6988.32,499.1657142857143,29,5,2025-05-31,2026-05-31,396,4,3,4,11,4,Loyal Customers
C02798,616,2,359.28000000000003,71.85600000000001,7,3,2024-10-11,2024-10-23,628,1,2,1,4,2,At Risk
C02799,34,1,1043.36,521.68,4,2,2026-05-28,2026-05-28,34,4,1,1,6,0,Promising
C02801,11,13,11468.13,424.74555555555554,64,6,2024-05-29,2026-06-20,763,5,5,5,15,5,Champions
C02802,464,5,2839.16,258.1054545454545,24,5,2024-02-20,2025-03-24,862,1,3,3,7,1,Needs Attention
C02803,6,17,17465.61,447.8361538461539,73,6,2025-03-17,2026-06-25,471,5,5,5,15,4,Loyal Customers
C02804,61,5,1479.09,147.909,18,5,2025-08-16,2026-05-01,319,3,3,2,8,0,Promising
C02805,60,2,2558.51,511.70200000000006,11,3,2025-12-19,2026-05-02,194,3,2,2,7,0,Promising
C02806,12,9,9531.279999999999,414.4034782608695,52,6,2025-02-20,2026-06-19,496,5,4,4,13,4,Loyal Customers
C02807,126,3,1437.31,143.731,14,6,2024-07-24,2026-02-25,707,3,2,2,7,6,Potential Loyalists
C02812,63,12,13167.42,399.01272727272726,69,6,2024-11-13,2026-04-29,595,3,5,5,13,5,Champions
C02813,48,32,43979.119999999995,556.6977215189872,146,6,2024-07-29,2026-05-14,702,4,5,5,14,5,Champions
C02814,192,3,1320.81,264.162,11,3,2025-05-24,2025-12-21,403,2,2,2,6,0,Promising
C02816,490,1,802.93,200.7325,7,3,2025-02-26,2025-02-26,490,1,1,1,3,2,At Risk
C02817,70,7,7944.55,441.3638888888889,38,6,2025-02-20,2026-04-22,496,3,4,4,11,4,Loyal Customers
C02818,56,26,46801.21,821.0738596491228,120,6,2024-03-11,2026-05-06,842,4,5,5,14,5,Champions
C02819,124,8,15346.84,613.8736,50,6,2024-04-25,2026-02-27,797,3,4,5,12,5,Champions
C02821,1,30,37474.79,499.6638666666667,155,6,2024-10-03,2026-06-30,636,5,5,5,15,5,Champions
C02823,37,3,5318.74,664.8425,18,4,2025-04-26,2026-05-25,431,4,2,4,10,4,Loyal Customers
C02824,53,21,9739.52,202.90666666666667,88,6,2024-02-21,2026-05-09,861,4,5,4,13,5,Champions
C02825,11,14,14548.43,363.71075,81,6,2024-12-30,2026-06-20,548,5,5,5,15,4,Loyal Customers
C02826,6,31,39811.08,552.9316666666667,153,6,2024-03-30,2026-06-25,823,5,5,5,15,5,Champions
C02828,62,2,1204.33,301.0825,6,2,2025-08-05,2026-04-30,330,3,2,1,6,0,Promising
C02829,277,3,2076.1400000000003,692.0466666666667,9,2,2025-04-14,2025-09-27,443,2,2,2,6,1,Needs Attention
C02830,208,2,1956.3,391.26,11,5,2025-12-03,2025-12-05,210,2,2,2,6,0,Promising
C02831,155,1,247.55,82.51666666666667,6,1,2026-01-27,2026-01-27,155,2,1,1,4,3,Hibernating
C02832,102,4,11851.210000000001,1077.3827272727274,25,5,2025-09-12,2026-03-21,292,3,3,5,11,4,Loyal Customers
C02833,120,6,7642.51,424.5838888888889,35,6,2024-07-28,2026-03-03,703,3,4,4,11,6,Potential Loyalists
C02834,201,9,7887.9800000000005,415.1568421052632,40,5,2024-10-10,2025-12-12,629,2,4,4,10,6,Potential Loyalists
C02836,7,26,32781.26,575.1098245614036,115,6,2024-11-10,2026-06-24,598,5,5,5,15,5,Champions
C02838,282,6,3390.9700000000003,169.54850000000002,42,5,2024-03-28,2025-09-22,825,2,4,3,9,6,Potential Loyalists
C02839,83,2,540.22,180.07333333333335,5,3,2025-10-06,2026-04-09,268,3,2,1,6,0,Promising
C02840,106,16,23391.26,599.7758974358974,81,6,2024-04-12,2026-03-17,810,3,5,5,13,5,Champions
C02841,50,3,1074.0,179.0,16,4,2025-07-19,2026-05-12,347,4,2,1,7,0,Promising
C02842,212,1,392.28999999999996,98.07249999999999,6,2,2025-12-01,2025-12-01,212,2,1,1,4,3,Hibernating
C02843,15,15,34058.27,792.0527906976744,83,6,2025-07-07,2026-06-16,359,5,5,5,15,4,Loyal Customers
C02844,63,30,37826.33,525.3656944444444,159,6,2024-02-16,2026-04-29,866,3,5,5,13,5,Champions
C02845,10,10,8522.43,355.10125,48,6,2024-06-13,2026-06-21,748,5,4,4,13,5,Champions
C02846,87,8,4587.51,254.86166666666668,38,6,2024-12-24,2026-04-05,554,3,4,3,10,6,Potential Loyalists
C02847,15,6,4062.83,290.20214285714286,26,5,2025-06-16,2026-06-16,380,5,4,3,12,4,Loyal Customers
C02848,134,11,8596.51,390.75045454545455,51,5,2024-09-01,2026-02-17,668,2,4,4,10,5,Champions
C02849,71,2,2282.09,456.418,11,3,2025-08-04,2026-04-21,331,3,2,2,7,0,Promising
C02852,155,3,2358.75,196.5625,25,6,2024-03-14,2026-01-27,839,2,2,2,6,6,Potential Loyalists
C02853,25,20,25971.84,552.5923404255319,99,6,2024-11-14,2026-06-06,594,4,5,5,14,5,Champions
C02854,63,5,4618.5,513.1666666666666,17,4,2025-04-09,2026-04-29,448,3,3,3,9,4,Loyal Customers
C02855,11,12,14059.43,453.53000000000003,60,6,2025-04-20,2026-06-20,437,5,5,5,15,4,Loyal Customers
C02856,479,4,937.83,85.25727272727273,21,5,2024-03-15,2025-03-09,838,1,3,1,5,2,At Risk
C02857,312,2,1942.94,277.5628571428571,12,4,2025-06-02,2025-08-23,394,1,2,2,5,0,Promising
C02858,246,6,5468.58,287.82,36,6,2024-06-02,2025-10-28,759,2,4,4,10,6,Potential Loyalists
C02859,628,2,613.9100000000001,122.78200000000001,11,4,2024-07-01,2024-10-11,730,1,2,1,4,2,At Risk
C02860,111,10,8912.18,424.38952380952384,44,6,2024-11-25,2026-03-12,583,3,4,4,11,4,Loyal Customers
C02861,82,2,588.7,147.175,8,4,2025-07-28,2026-04-10,338,3,2,1,6,3,Hibernating
C02862,247,4,3391.8199999999997,484.54571428571427,14,4,2025-05-20,2025-10-27,407,2,3,3,8,0,Promising
C02863,78,14,15110.13,351.3983720930232,84,6,2025-02-10,2026-04-14,506,3,5,5,13,4,Loyal Customers
C02865,196,1,290.90999999999997,72.72749999999999,7,3,2025-12-17,2025-12-17,196,2,1,1,4,3,Hibernating
C02866,48,9,7087.85,272.6096153846154,58,6,2024-09-11,2026-05-14,658,4,4,4,12,6,Potential Loyalists
C02867,39,14,17410.78,458.17842105263156,72,6,2025-02-04,2026-05-23,512,4,5,5,14,4,Loyal Customers
C02868,14,10,8737.99,312.07107142857143,61,6,2024-02-15,2026-06-17,867,5,4,4,13,5,Champions
C02869,87,9,4387.92,190.77913043478262,39,6,2025-01-20,2026-04-05,527,3,4,3,10,6,Potential Loyalists
C02870,21,14,15186.98,421.86055555555555,69,6,2024-09-23,2026-06-10,646,5,5,5,15,5,Champions
C02871,223,3,844.24,211.06,4,3,2024-07-09,2025-11-20,722,2,2,1,5,6,Potential Loyalists
C02872,152,2,2843.29,473.88166666666666,10,4,2025-06-30,2026-01-30,366,2,2,3,7,0,Promising
C02873,4,6,5592.36,310.68666666666667,38,5,2025-06-23,2026-06-27,373,5,4,4,13,4,Loyal Customers
C02874,12,3,1183.08,169.01142857142855,13,5,2025-08-08,2026-06-19,327,5,2,1,8,0,Promising
C02875,430,4,1611.74,146.5218181818182,18,6,2024-10-10,2025-04-27,629,1,3,2,6,2,At Risk
C02876,1,5,6005.2,600.52,23,5,2025-08-19,2026-06-30,316,5,3,4,12,4,Loyal Customers
C02877,619,3,363.61,60.60166666666667,10,3,2024-06-07,2024-10-20,754,1,2,1,4,2,At Risk
C02878,5,4,2022.6499999999999,288.95,12,5,2025-08-31,2026-06-26,304,5,3,2,10,0,Promising
C02879,16,36,46337.049999999996,594.0647435897436,160,6,2024-04-20,2026-06-15,802,5,5,5,15,5,Champions
C02880,134,4,1915.19,174.10818181818183,20,5,2025-08-12,2026-02-17,323,2,3,2,7,0,Promising
C02881,103,16,16759.75,408.7743902439024,91,6,2024-04-21,2026-03-20,801,3,5,5,13,5,Champions
C02882,63,9,10716.97,428.67879999999997,60,6,2025-02-15,2026-04-29,501,3,4,4,11,4,Loyal Customers
C02883,326,2,1436.9199999999998,359.22999999999996,8,3,2024-10-13,2025-08-09,626,1,2,2,5,1,Needs Attention
C02885,83,2,2831.2900000000004,707.8225000000001,10,4,2025-07-26,2026-04-09,340,3,2,3,8,0,Promising
C02889,453,1,480.44000000000005,160.14666666666668,4,3,2025-04-04,2025-04-04,453,1,1,1,3,2,At Risk
C02890,1,9,11087.2,461.9666666666667,47,6,2025-08-06,2026-06-30,329,5,4,4,13,4,Loyal Customers
C02891,141,2,1301.23,162.65375,13,6,2025-08-07,2026-02-10,328,2,2,2,6,0,Promising
C02893,28,7,4602.49,242.23631578947368,36,6,2025-05-09,2026-06-03,418,4,4,3,11,4,Loyal Customers
C02895,242,4,3897.87,556.8385714285714,15,4,2025-06-03,2025-11-01,393,2,3,3,8,0,Promising
C02896,616,1,63.22,63.22,3,1,2024-10-23,2024-10-23,616,1,1,1,3,2,At Risk
C02897,256,1,457.72,228.86,3,2,2025-10-18,2025-10-18,256,2,1,1,4,0,Promising
C02898,47,1,105.13,105.13,3,1,2026-05-15,2026-05-15,47,4,1,1,6,3,Hibernating
C02899,52,14,13927.57,376.4208108108108,74,6,2025-01-07,2026-05-10,540,4,5,5,14,4,Loyal Customers
C02900,14,9,10349.79,431.24125000000004,52,6,2025-01-31,2026-06-17,516,5,4,4,13,4,Loyal Customers
C02901,281,3,3380.91,375.65666666666664,20,5,2025-03-27,2025-09-23,461,2,2,3,7,1,Needs Attention
C02902,63,7,4187.83,220.41210526315788,33,6,2024-09-26,2026-04-29,643,3,4,3,10,6,Potential Loyalists
C02903,250,2,1450.68,362.67,8,3,2025-07-21,2025-10-24,345,2,2,2,6,0,Promising
C02904,566,1,238.84,238.84,1,1,2024-12-12,2024-12-12,566,1,1,1,3,2,At Risk
C02905,334,3,2692.26,448.71000000000004,14,3,2025-04-29,2025-08-01,428,1,2,3,6,1,Needs Attention
C02906,399,4,4471.74,447.174,21,6,2024-07-29,2025-05-28,702,1,3,3,7,1,Needs Attention
C02907,60,3,3297.9700000000003,412.24625000000003,15,5,2025-10-22,2026-05-02,252,3,2,3,8,0,Promising
C02908,402,4,2618.97,201.45923076923074,22,6,2024-06-29,2025-05-25,732,1,3,2,6,1,Needs Attention
C02909,10,22,19143.75,330.0646551724138,116,6,2024-03-06,2026-06-21,847,5,5,5,15,5,Champions
C02911,40,12,13735.67,429.2396875,66,6,2024-08-20,2026-05-22,680,4,5,5,14,5,Champions
C02912,147,1,1137.75,284.4375,7,3,2026-02-04,2026-02-04,147,2,1,1,4,0,Promising
C02913,77,8,4501.29,250.07166666666666,31,6,2024-02-21,2026-04-15,861,3,4,3,10,6,Potential Loyalists
C02914,272,4,930.06,103.33999999999999,14,6,2025-04-20,2025-10-02,437,2,3,1,6,3,Hibernating
C02915,37,5,4911.15,258.4815789473684,35,6,2025-02-02,2026-05-25,514,4,3,3,10,6,Potential Loyalists
C02916,14,10,3415.0699999999997,142.29458333333332,43,6,2024-09-09,2026-06-17,660,5,4,3,12,6,Potential Loyalists
C02918,87,10,5584.63,279.2315,43,6,2024-08-02,2026-04-05,698,3,4,4,11,6,Potential Loyalists
C02919,2,17,21818.6,545.4649999999999,85,6,2025-05-03,2026-06-29,424,5,5,5,15,4,Loyal Customers
C02920,212,2,3708.7999999999997,741.76,12,3,2024-07-02,2025-12-01,729,2,2,3,7,1,Needs Attention
C02921,468,3,2980.1,496.68333333333334,14,3,2025-01-11,2025-03-20,536,1,2,3,6,1,Needs Attention
C02922,73,10,11192.119999999999,399.7185714285714,55,6,2024-11-27,2026-04-19,581,3,4,4,11,4,Loyal Customers
C02924,805,1,305.15,101.71666666666665,7,3,2024-04-17,2024-04-17,805,1,1,1,3,2,At Risk
C02926,122,1,187.32999999999998,62.44333333333333,4,3,2026-03-01,2026-03-01,122,3,1,1,5,3,Hibernating
C02927,152,6,4670.56,311.3706666666667,31,6,2025-07-04,2026-01-30,362,2,4,3,9,4,Loyal Customers
C02928,15,7,4869.88,324.65866666666665,29,6,2025-06-13,2026-06-16,383,5,4,3,12,4,Loyal Customers
C02929,395,3,2794.71,349.33875,20,4,2024-10-26,2025-06-01,613,1,2,3,6,1,Needs Attention
C02930,10,17,35565.98,827.1158139534884,91,6,2025-05-21,2026-06-21,406,5,5,5,15,4,Loyal Customers
C02931,246,3,1468.61,146.861,17,4,2025-02-25,2025-10-28,491,2,2,2,6,6,Potential Loyalists
C02932,323,2,2314.0,771.3333333333334,5,2,2025-07-10,2025-08-12,356,1,2,2,5,1,Needs Attention
C02933,189,1,29.45,29.45,2,1,2025-12-24,2025-12-24,189,2,1,1,4,3,Hibernating
C02934,670,3,1507.03,150.703,21,6,2024-04-03,2024-08-30,819,1,2,2,5,2,At Risk
C02938,30,8,3046.33,190.395625,31,6,2025-03-11,2026-06-01,477,4,4,3,11,6,Potential Loyalists
C02939,50,29,31438.9,449.12714285714287,139,6,2024-01-13,2026-05-12,900,4,5,5,14,5,Champions
C02940,15,10,9787.89,349.5675,60,6,2024-09-14,2026-06-16,655,5,4,4,13,5,Champions
C02941,31,30,38278.35,539.1316901408451,135,6,2024-08-15,2026-05-31,685,4,5,5,14,5,Champions
C02942,30,2,2063.87,257.98375,15,5,2025-11-01,2026-06-01,242,4,2,2,8,0,Promising
C02943,44,4,2478.98,225.3618181818182,23,6,2025-10-02,2026-05-18,272,4,3,2,9,0,Promising
C02944,197,4,3261.79,296.5263636363636,23,5,2024-12-05,2025-12-16,573,2,3,3,8,6,Potential Loyalists
C02945,306,4,1229.0,111.72727272727273,21,6,2024-10-04,2025-08-29,635,1,3,2,6,2,At Risk
C02946,4,13,7469.93,248.99766666666667,59,6,2024-07-21,2026-06-27,710,5,5,4,14,5,Champions
C02947,520,1,40.269999999999996,20.134999999999998,2,2,2025-01-27,2025-01-27,520,1,1,1,3,3,Hibernating
C02950,154,3,2822.64,282.264,19,6,2025-03-22,2026-01-28,466,2,2,3,7,0,Promising
C02951,425,1,287.49,287.49,1,1,2025-05-02,2025-05-02,425,1,1,1,3,2,At Risk
C02953,53,5,1594.6399999999999,122.66461538461537,23,6,2025-06-18,2026-05-09,378,4,3,2,9,6,Potential Loyalists
C02954,13,21,32189.8,585.2690909090909,116,6,2025-01-17,2026-06-18,530,5,5,5,15,5,Champions
C02956,299,3,279.26,55.852,10,4,2025-03-27,2025-09-05,461,1,2,1,4,3,Hibernating
C02957,6,28,44188.63,605.323698630137,139,6,2024-07-19,2026-06-25,712,5,5,5,15,5,Champions
C02959,87,9,4766.49,226.97571428571428,38,6,2024-04-04,2026-04-05,818,3,4,3,10,6,Potential Loyalists
C02960,41,4,1839.4999999999998,167.22727272727272,15,5,2026-02-05,2026-05-21,146,4,3,2,9,0,Promising
C02961,52,4,4787.31,531.9233333333334,15,5,2025-06-15,2026-05-10,381,4,3,3,10,4,Loyal Customers
C02962,17,11,8928.46,388.19391304347823,46,6,2025-02-16,2026-06-14,500,5,4,4,13,4,Loyal Customers
C02964,196,15,16137.24,461.064,73,6,2024-11-28,2025-12-17,580,2,5,5,12,5,Champions
C02966,7,9,8349.21,363.00913043478255,45,5,2024-05-27,2026-06-24,765,5,4,4,13,5,Champions
C02967,126,10,10989.44,499.52000000000004,51,6,2024-08-13,2026-02-25,687,3,4,4,11,5,Champions
C02968,11,13,9306.86,251.53675675675677,72,6,2025-01-26,2026-06-20,521,5,5,4,14,4,Loyal Customers
C02969,104,10,4105.75,141.57758620689654,65,6,2024-12-23,2026-03-19,555,3,4,3,10,6,Potential Loyalists
C02970,120,12,15723.82,449.252,71,6,2024-09-05,2026-03-03,664,3,5,5,13,5,Champions
C02972,39,3,1927.3899999999999,240.92374999999998,15,4,2025-11-04,2026-05-23,239,4,2,2,8,0,Promising
C02973,51,7,4743.32,395.27666666666664,24,5,2025-03-08,2026-05-11,480,4,4,3,11,4,Loyal Customers
C02974,85,3,1475.97,184.49625,16,4,2025-09-23,2026-04-07,281,3,2,2,7,0,Promising
C02975,444,5,2416.0299999999997,241.60299999999998,18,6,2025-02-01,2025-04-13,515,1,3,2,6,1,Needs Attention
C02976,131,5,2412.32,201.02666666666667,22,6,2025-09-17,2026-02-20,287,3,3,2,8,0,Promising
C02977,87,12,9484.66,316.1553333333333,58,6,2025-04-14,2026-04-05,443,3,5,4,12,4,Loyal Customers
C02978,582,3,758.97,108.42428571428572,11,4,2024-08-20,2024-11-26,680,1,2,1,4,2,At Risk
C02980,30,2,1953.78,976.89,4,2,2026-04-13,2026-06-01,79,4,2,2,8,0,Promising
C02981,419,3,2450.2799999999997,350.03999999999996,14,3,2025-03-13,2025-05-08,475,1,2,2,5,1,Needs Attention
C02982,102,2,121.1,60.55,3,2,2025-01-25,2026-03-21,522,3,2,1,6,3,Hibernating
C02983,278,1,23.93,23.93,2,1,2025-09-26,2025-09-26,278,2,1,1,4,3,Hibernating
C02984,79,6,7341.1900000000005,489.4126666666667,29,6,2025-09-28,2026-04-13,276,3,4,4,11,4,Loyal Customers
C02985,85,21,21761.37,453.361875,92,6,2024-02-19,2026-04-07,863,3,5,5,13,5,Champions
C02986,113,1,487.34000000000003,243.67000000000002,3,2,2026-03-10,2026-03-10,113,3,1,1,5,0,Promising
C02987,486,3,2253.23,250.35888888888888,18,5,2024-07-18,2025-03-02,713,1,2,2,5,1,Needs Attention
C02989,219,3,2234.2000000000003,279.27500000000003,13,4,2025-08-24,2025-11-24,311,2,2,2,6,0,Promising
C02991,443,5,7329.24,488.616,30,5,2024-03-27,2025-04-14,826,1,3,4,8,1,Needs Attention
C02992,434,2,1016.4399999999999,508.21999999999997,5,2,2024-09-29,2025-04-23,640,1,2,1,4,1,Needs Attention
C02994,45,8,11505.44,547.8780952380953,52,6,2025-05-14,2026-05-17,413,4,4,5,13,4,Loyal Customers
C02996,26,7,4811.07,320.738,28,6,2025-08-04,2026-06-05,331,4,4,3,11,4,Loyal Customers
C02997,13,7,4235.74,302.55285714285714,29,6,2024-07-26,2026-06-18,705,5,4,3,12,6,Potential Loyalists
C02998,16,7,5855.03,278.81095238095236,46,6,2025-09-10,2026-06-15,294,5,4,4,13,4,Loyal Customers
C02999,20,13,13706.31,415.34272727272725,63,6,2025-07-21,2026-06-11,345,5,5,5,15,4,Loyal Customers
C03000,488,4,2197.89,244.20999999999998,18,5,2024-08-03,2025-02-28,697,1,3,2,6,1,Needs Attention
