customer_id,signup_date,age,city_tier,acquisition_channel
C00001,2025-06-26,47,Tier1,Referral
C00002,2025-06-21,48,Tier2,Social
C00003,2025-09-27,37,Tier3,Social
C00004,2024-01-04,47,Tier1,Referral
C00005,2025-06-07,28,Tier2,Referral
C00006,2025-06-18,43,Tier1,Referral
C00007,2024-05-07,29,Tier1,Paid Ads
C00008,2025-05-04,28,Tier3,Organic
C00009,2024-12-05,67,Tier2,Organic
C00010,2024-02-10,30,Tier2,Social
C00011,2024-06-11,34,Tier1,Referral
C00012,2024-10-27,47,Tier1,Organic
C00013,2025-06-13,31,Tier3,Referral
C00014,2025-08-21,52,Tier3,Social
C00015,2025-01-01,25,Tier3,Organic
C00016,2024-05-08,38,Tier1,Referral
C00017,2025-02-28,21,Tier1,Paid Ads
C00018,2024-09-07,56,Tier2,Social
C00019,2024-10-22,40,Tier2,Organic
C00020,2024-05-28,19,Tier2,Social
C00021,2024-05-26,23,Tier3,Referral
C00022,2025-04-10,69,Tier3,Organic
C00023,2024-11-11,44,Tier3,Paid Ads
C00024,2025-04-24,44,Tier2,Paid Ads
C00025,2024-05-10,22,Tier3,Organic
C00026,2024-03-06,64,Tier3,Social
C00027,2025-01-20,25,Tier1,Referral
C00028,2024-09-17,44,Tier2,Referral
C00029,2024-12-26,44,Tier1,Referral
C00030,2025-09-03,23,Tier2,Referral
C00031,2024-07-02,43,Tier2,Paid Ads
C00032,2024-03-05,57,Tier3,Social
C00033,2024-03-06,22,Tier3,Social
C00034,2025-02-19,48,Tier2,Paid Ads
C00035,2024-02-19,58,Tier3,Referral
C00036,2024-03-19,43,Tier3,Paid Ads
C00037,2025-06-18,68,Tier2,Organic
C00038,2024-08-29,27,Tier3,Organic
C00039,2025-01-19,69,Tier2,Referral
C00040,2025-08-11,44,Tier2,Organic
C00041,2025-01-09,68,Tier1,Organic
C00042,2024-11-13,41,Tier1,Organic
C00043,2025-01-05,45,Tier1,Organic
C00044,2024-04-23,66,Tier2,Paid Ads
C00045,2024-02-24,66,Tier1,Social
C00046,2024-02-12,36,Tier1,Paid Ads
C00047,2024-05-01,47,Tier3,Referral
C00048,2024-02-11,64,Tier2,Paid Ads
C00049,2024-10-08,55,Tier3,Social
C00050,2024-04-26,56,Tier3,Paid Ads
C00051,2024-06-21,50,Tier1,Social
C00052,2025-06-19,25,Tier1,Referral
C00053,2024-06-10,25,Tier1,Referral
C00054,2024-12-29,45,Tier1,Paid Ads
C00055,2025-05-28,49,Tier3,Referral
C00056,2025-09-05,38,Tier2,Referral
C00057,2025-07-25,24,Tier2,Organic
C00058,2024-01-17,53,Tier2,Paid Ads
C00059,2025-07-23,37,Tier1,Referral
C00060,2024-08-30,29,Tier3,Organic
C00061,2024-09-18,51,Tier3,Referral
C00062,2025-08-27,41,Tier1,Paid Ads
C00063,2024-11-06,49,Tier2,Referral
C00064,2024-11-22,19,Tier2,Referral
C00065,2024-05-19,63,Tier3,Paid Ads
C00066,2025-07-28,54,Tier1,Paid Ads
C00067,2024-12-03,58,Tier1,Organic
C00068,2024-09-15,29,Tier1,Paid Ads
C00069,2024-03-30,48,Tier3,Social
C00070,2024-06-08,24,Tier2,Organic
C00071,2024-09-24,63,Tier1,Social
C00072,2025-09-03,53,Tier3,Organic
C00073,2024-09-05,53,Tier2,Referral
C00074,2025-01-24,64,Tier3,Paid Ads
C00075,2025-04-12,53,Tier2,Referral
C00076,2025-01-14,62,Tier1,Organic
C00077,2025-05-06,26,Tier1,Organic
C00078,2024-11-11,59,Tier2,Referral
C00079,2025-06-06,61,Tier3,Paid Ads
C00080,2025-01-11,61,Tier3,Organic
C00081,2024-03-28,66,Tier1,Paid Ads
C00082,2025-09-03,48,Tier3,Referral
C00083,2025-04-06,25,Tier1,Organic
C00084,2025-02-16,58,Tier3,Referral
C00085,2024-01-29,34,Tier1,Organic
C00086,2024-10-28,32,Tier2,Organic
C00087,2024-05-02,40,Tier3,Referral
C00088,2025-07-03,35,Tier2,Referral
C00089,2024-01-24,52,Tier2,Organic
C00090,2024-02-19,57,Tier2,Referral
C00091,2024-02-11,66,Tier2,Paid Ads
C00092,2024-07-22,33,Tier2,Social
C00093,2024-05-28,59,Tier3,Referral
C00094,2025-07-11,49,Tier3,Referral
C00095,2025-09-28,66,Tier2,Organic
C00096,2024-11-01,61,Tier3,Paid Ads
C00097,2024-02-28,37,Tier2,Paid Ads
C00098,2024-01-03,47,Tier3,Paid Ads
C00099,2024-05-28,18,Tier3,Referral
C00100,2024-09-29,41,Tier1,Referral
C00101,2025-08-28,60,Tier2,Referral
C00102,2025-07-14,28,Tier3,Paid Ads
C00103,2024-04-16,25,Tier3,Referral
C00104,2024-05-27,63,Tier1,Paid Ads
C00105,2024-09-01,20,Tier3,Organic
C00106,2024-02-06,66,Tier2,Social
C00107,2025-09-26,59,Tier2,Paid Ads
C00108,2025-03-19,49,Tier2,Organic
C00109,2024-05-22,26,Tier3,Organic
C00110,2024-02-28,20,Tier1,Organic
C00111,2025-07-20,29,Tier1,Referral
C00112,2025-02-21,51,Tier2,Referral
C00113,2024-01-04,65,Tier2,Paid Ads
C00114,2025-09-05,45,Tier1,Organic
C00115,2024-02-09,46,Tier3,Referral
C00116,2024-08-09,44,Tier3,Organic
C00117,2025-07-14,57,Tier1,Referral
C00118,2025-07-07,60,Tier1,Organic
C00119,2025-03-09,55,Tier1,Organic
C00120,2025-07-15,68,Tier3,Paid Ads
C00121,2024-03-23,47,Tier3,Paid Ads
C00122,2025-06-05,46,Tier1,Paid Ads
C00123,2024-07-02,66,Tier2,Social
C00124,2024-06-14,41,Tier3,Social
C00125,2024-03-09,27,Tier2,Paid Ads
C00126,2024-08-06,47,Tier3,Paid Ads
C00127,2025-08-20,67,Tier3,Social
C00128,2025-03-27,27,Tier2,Paid Ads
C00129,2025-01-30,67,Tier3,Referral
C00130,2025-09-09,52,Tier2,Social
C00131,2024-01-16,23,Tier1,Social
C00132,2025-05-06,43,Tier1,Paid Ads
C00133,2025-09-27,30,Tier3,Referral
C00134,2025-05-21,69,Tier3,Referral
C00135,2025-03-09,44,Tier3,Paid Ads
C00136,2024-04-06,38,Tier3,Organic
C00137,2025-02-11,22,Tier3,Organic
C00138,2024-07-23,51,Tier1,Social
C00139,2025-07-07,35,Tier3,Social
C00140,2024-12-12,42,Tier3,Organic
C00141,2024-04-07,67,Tier3,Referral
C00142,2025-05-23,41,Tier3,Referral
C00143,2024-04-28,47,Tier1,Organic
C00144,2025-01-22,26,Tier1,Organic
C00145,2024-04-12,19,Tier3,Referral
C00146,2025-09-19,38,Tier1,Social
C00147,2024-09-09,55,Tier1,Organic
C00148,2025-04-27,58,Tier1,Paid Ads
C00149,2025-04-22,29,Tier3,Social
C00150,2024-01-12,45,Tier2,Paid Ads
C00151,2025-05-09,50,Tier2,Organic
C00152,2025-07-16,30,Tier1,Paid Ads
C00153,2024-07-24,43,Tier2,Paid Ads
C00154,2025-06-07,61,Tier1,Referral
C00155,2024-03-20,26,Tier3,Referral
C00156,2025-01-25,29,Tier3,Paid Ads
C00157,2025-02-02,64,Tier3,Referral
C00158,2025-02-25,23,Tier3,Paid Ads
C00159,2024-11-02,59,Tier2,Paid Ads
C00160,2024-02-08,30,Tier2,Referral
C00161,2024-05-19,53,Tier2,Organic
C00162,2025-05-18,68,Tier1,Paid Ads
C00163,2025-04-03,49,Tier2,Referral
C00164,2025-02-18,52,Tier1,Paid Ads
C00165,2024-01-20,29,Tier1,Organic
C00166,2025-04-08,37,Tier2,Social
C00167,2024-08-24,41,Tier2,Referral
C00168,2025-01-04,51,Tier2,Paid Ads
C00169,2025-01-16,56,Tier1,Referral
C00170,2024-06-30,20,Tier2,Social
C00171,2025-06-17,43,Tier2,Social
C00172,2025-01-18,31,Tier3,Referral
C00173,2024-09-20,58,Tier1,Social
C00174,2024-09-15,56,Tier1,Paid Ads
C00175,2024-03-01,42,Tier3,Paid Ads
C00176,2025-07-01,18,Tier3,Social
C00177,2024-09-09,48,Tier1,Referral
C00178,2024-10-08,46,Tier1,Paid Ads
C00179,2024-04-02,25,Tier2,Organic
C00180,2024-06-10,45,Tier1,Organic
C00181,2024-08-15,66,Tier3,Social
C00182,2024-10-11,23,Tier1,Organic
C00183,2024-01-22,26,Tier2,Social
C00184,2024-02-02,52,Tier2,Organic
C00185,2024-02-26,68,Tier1,Paid Ads
C00186,2024-09-10,60,Tier1,Organic
C00187,2025-02-11,48,Tier1,Referral
C00188,2024-11-07,37,Tier1,Paid Ads
C00189,2024-07-15,59,Tier2,Social
C00190,2025-09-10,25,Tier1,Paid Ads
C00191,2025-07-07,51,Tier2,Referral
C00192,2025-08-25,67,Tier1,Paid Ads
C00193,2025-07-08,29,Tier1,Organic
C00194,2025-03-15,36,Tier3,Paid Ads
C00195,2024-09-08,43,Tier1,Paid Ads
C00196,2025-09-29,26,Tier3,Organic
C00197,2025-07-09,30,Tier1,Referral
C00198,2025-07-14,63,Tier3,Referral
C00199,2025-05-30,58,Tier1,Organic
C00200,2025-06-05,24,Tier1,Referral
C00201,2025-02-05,32,Tier2,Social
C00202,2024-12-15,49,Tier1,Social
C00203,2024-01-10,25,Tier2,Paid Ads
C00204,2025-04-29,38,Tier3,Social
C00205,2025-06-24,46,Tier1,Social
C00206,2024-04-05,32,Tier2,Referral
C00207,2024-09-08,63,Tier2,Referral
C00208,2024-11-28,60,Tier1,Referral
C00209,2024-02-15,53,Tier3,Referral
C00210,2024-05-05,36,Tier1,Organic
C00211,2025-01-28,63,Tier1,Referral
C00212,2024-12-05,59,Tier2,Paid Ads
C00213,2024-09-12,43,Tier1,Referral
C00214,2024-03-19,56,Tier2,Referral
C00215,2024-07-07,59,Tier3,Social
C00216,2024-11-04,18,Tier1,Organic
C00217,2025-02-07,39,Tier3,Paid Ads
C00218,2025-01-13,32,Tier2,Paid Ads
C00219,2024-08-18,41,Tier1,Paid Ads
C00220,2024-06-12,41,Tier3,Social
C00221,2025-03-04,36,Tier2,Organic
C00222,2024-09-27,66,Tier2,Paid Ads
C00223,2024-10-28,39,Tier1,Referral
C00224,2024-05-26,28,Tier1,Paid Ads
C00225,2025-02-07,42,Tier3,Referral
C00226,2025-01-15,59,Tier2,Referral
C00227,2025-04-07,41,Tier1,Referral
C00228,2025-01-19,49,Tier1,Paid Ads
C00229,2024-06-17,53,Tier1,Social
C00230,2024-08-22,56,Tier1,Organic
C00231,2025-06-14,61,Tier1,Organic
C00232,2024-06-21,20,Tier2,Organic
C00233,2024-10-18,19,Tier3,Paid Ads
C00234,2024-08-19,40,Tier2,Social
C00235,2025-01-05,22,Tier1,Referral
C00236,2025-04-26,59,Tier1,Organic
C00237,2025-06-08,33,Tier2,Social
C00238,2024-10-29,40,Tier1,Social
C00239,2024-01-13,61,Tier1,Paid Ads
C00240,2024-11-28,35,Tier3,Social
C00241,2024-03-22,55,Tier1,Organic
C00242,2024-01-24,67,Tier1,Organic
C00243,2024-02-25,26,Tier2,Referral
C00244,2024-09-10,21,Tier3,Paid Ads
C00245,2025-08-09,39,Tier2,Social
C00246,2024-05-12,59,Tier2,Organic
C00247,2024-08-30,47,Tier2,Referral
C00248,2025-05-18,26,Tier1,Referral
C00249,2024-04-20,35,Tier3,Paid Ads
C00250,2025-02-12,42,Tier2,Organic
C00251,2025-08-11,63,Tier3,Paid Ads
C00252,2024-04-21,58,Tier3,Organic
C00253,2024-08-22,51,Tier2,Referral
C00254,2025-09-06,49,Tier1,Social
C00255,2024-07-17,35,Tier1,Referral
C00256,2025-02-12,19,Tier2,Referral
C00257,2024-09-03,51,Tier2,Paid Ads
C00258,2024-11-05,48,Tier2,Organic
C00259,2024-10-01,38,Tier1,Paid Ads
C00260,2024-06-18,33,Tier1,Social
C00261,2025-02-07,54,Tier2,Social
C00262,2024-04-20,55,Tier2,Referral
C00263,2025-05-20,52,Tier1,Social
C00264,2024-11-03,39,Tier3,Referral
C00265,2024-09-22,55,Tier1,Paid Ads
C00266,2025-03-10,22,Tier1,Organic
C00267,2025-06-16,35,Tier1,Social
C00268,2024-11-07,28,Tier2,Social
C00269,2024-06-18,21,Tier3,Social
C00270,2025-04-15,58,Tier2,Organic
C00271,2024-10-19,30,Tier1,Social
C00272,2025-05-16,18,Tier3,Social
C00273,2024-06-11,57,Tier2,Referral
C00274,2024-11-11,39,Tier2,Referral
C00275,2025-07-21,62,Tier1,Social
C00276,2025-09-22,25,Tier1,Organic
C00277,2025-04-20,68,Tier1,Social
C00278,2024-01-23,57,Tier1,Paid Ads
C00279,2025-09-24,36,Tier2,Social
C00280,2024-08-14,22,Tier2,Social
C00281,2024-02-13,64,Tier1,Social
C00282,2025-07-27,57,Tier2,Paid Ads
C00283,2025-03-01,53,Tier2,Paid Ads
C00284,2024-02-14,67,Tier1,Social
C00285,2024-07-05,30,Tier2,Referral
C00286,2024-11-28,51,Tier1,Referral
C00287,2024-03-11,26,Tier1,Referral
C00288,2024-12-16,67,Tier3,Paid Ads
C00289,2025-08-14,68,Tier3,Social
C00290,2025-09-24,47,Tier3,Organic
C00291,2024-06-13,38,Tier3,Organic
C00292,2025-09-15,63,Tier3,Social
C00293,2024-02-04,39,Tier3,Paid Ads
C00294,2024-12-10,19,Tier1,Referral
C00295,2024-02-28,32,Tier2,Social
C00296,2024-08-06,54,Tier2,Social
C00297,2025-01-25,40,Tier2,Referral
C00298,2025-01-03,54,Tier1,Paid Ads
C00299,2024-12-21,61,Tier2,Organic
C00300,2024-06-26,59,Tier2,Organic
C00301,2024-12-19,56,Tier2,Paid Ads
C00302,2024-08-14,69,Tier2,Paid Ads
C00303,2025-04-30,34,Tier1,Organic
C00304,2025-09-02,28,Tier3,Referral
C00305,2024-07-13,54,Tier1,Referral
C00306,2024-10-13,41,Tier1,Paid Ads
C00307,2024-09-06,57,Tier1,Paid Ads
C00308,2025-01-30,62,Tier1,Referral
C00309,2025-07-11,20,Tier1,Social
C00310,2024-05-23,41,Tier2,Paid Ads
C00311,2025-01-18,36,Tier2,Paid Ads
C00312,2024-04-05,29,Tier3,Paid Ads
C00313,2024-05-13,36,Tier2,Social
C00314,2024-03-19,50,Tier1,Social
C00315,2024-02-09,64,Tier3,Social
C00316,2024-07-09,23,Tier2,Social
C00317,2024-04-23,64,Tier3,Referral
C00318,2025-04-16,22,Tier1,Organic
C00319,2025-09-16,60,Tier1,Paid Ads
C00320,2025-01-08,62,Tier3,Referral
C00321,2024-06-14,68,Tier1,Social
C00322,2024-04-28,27,Tier3,Social
C00323,2024-03-26,56,Tier3,Referral
C00324,2024-10-05,23,Tier1,Paid Ads
C00325,2025-01-24,48,Tier3,Organic
C00326,2025-09-02,61,Tier1,Paid Ads
C00327,2024-06-15,45,Tier3,Paid Ads
C00328,2024-06-22,59,Tier3,Paid Ads
C00329,2024-02-11,60,Tier1,Paid Ads
C00330,2024-12-24,67,Tier2,Referral
C00331,2024-02-25,49,Tier2,Social
C00332,2024-03-22,38,Tier1,Social
C00333,2025-05-17,54,Tier3,Paid Ads
C00334,2024-04-02,54,Tier2,Referral
C00335,2024-07-15,29,Tier1,Organic
C00336,2024-01-15,59,Tier1,Paid Ads
C00337,2024-12-23,51,Tier2,Referral
C00338,2024-02-13,34,Tier2,Paid Ads
C00339,2024-10-19,38,Tier1,Paid Ads
C00340,2025-06-26,51,Tier3,Referral
C00341,2025-02-19,41,Tier3,Paid Ads
C00342,2025-05-29,68,Tier3,Social
C00343,2024-08-04,43,Tier1,Paid Ads
C00344,2025-04-25,57,Tier3,Paid Ads
C00345,2024-04-13,58,Tier2,Social
C00346,2025-05-07,42,Tier1,Referral
C00347,2025-08-02,69,Tier3,Referral
C00348,2025-02-22,67,Tier1,Organic
C00349,2025-09-07,27,Tier1,Social
C00350,2025-05-20,38,Tier1,Organic
C00351,2024-09-09,57,Tier2,Social
C00352,2025-03-19,24,Tier2,Organic
C00353,2025-07-31,57,Tier2,Social
C00354,2024-05-08,54,Tier2,Social
C00355,2024-04-06,23,Tier3,Referral
C00356,2025-07-16,63,Tier1,Organic
C00357,2024-09-23,38,Tier2,Paid Ads
C00358,2024-04-15,48,Tier2,Social
C00359,2024-01-09,50,Tier1,Social
C00360,2025-07-21,22,Tier3,Social
C00361,2025-07-01,67,Tier1,Social
C00362,2024-07-19,64,Tier2,Organic
C00363,2024-08-16,20,Tier3,Paid Ads
C00364,2024-04-20,43,Tier1,Organic
C00365,2024-09-24,68,Tier2,Paid Ads
C00366,2025-01-26,39,Tier2,Social
C00367,2024-10-27,52,Tier1,Organic
C00368,2025-03-07,57,Tier1,Referral
C00369,2024-04-21,18,Tier3,Referral
C00370,2024-02-19,42,Tier1,Referral
C00371,2024-05-15,63,Tier3,Social
C00372,2025-07-09,52,Tier1,Referral
C00373,2024-06-14,44,Tier2,Referral
C00374,2024-09-05,31,Tier3,Social
C00375,2024-03-23,31,Tier2,Organic
C00376,2024-01-27,43,Tier3,Paid Ads
C00377,2025-07-01,68,Tier3,Referral
C00378,2025-05-28,24,Tier2,Organic
C00379,2024-07-13,36,Tier3,Paid Ads
C00380,2024-05-19,53,Tier1,Paid Ads
C00381,2024-01-30,69,Tier1,Referral
C00382,2024-02-17,31,Tier2,Social
C00383,2024-02-11,19,Tier2,Paid Ads
C00384,2024-08-05,33,Tier1,Organic
C00385,2024-06-30,28,Tier3,Paid Ads
C00386,2024-12-31,65,Tier3,Referral
C00387,2024-11-07,26,Tier3,Social
C00388,2025-07-07,49,Tier2,Organic
C00389,2025-03-18,29,Tier2,Referral
C00390,2025-01-18,46,Tier1,Organic
C00391,2025-02-06,46,Tier2,Referral
C00392,2024-11-22,39,Tier3,Referral
C00393,2025-02-19,51,Tier2,Organic
C00394,2024-11-18,23,Tier3,Paid Ads
C00395,2024-08-18,43,Tier3,Referral
C00396,2024-06-25,46,Tier2,Referral
C00397,2024-05-05,62,Tier2,Organic
C00398,2024-11-25,63,Tier1,Social
C00399,2024-01-24,43,Tier2,Organic
C00400,2024-12-30,60,Tier1,Organic
C00401,2024-09-10,58,Tier3,Organic
C00402,2024-08-08,58,Tier1,Social
C00403,2025-03-23,30,Tier3,Organic
C00404,2024-09-08,29,Tier3,Organic
C00405,2025-03-31,65,Tier1,Paid Ads
C00406,2025-09-01,25,Tier3,Paid Ads
C00407,2024-02-02,40,Tier1,Social
C00408,2025-03-13,47,Tier3,Social
C00409,2024-08-23,45,Tier2,Organic
C00410,2024-02-15,32,Tier2,Paid Ads
C00411,2025-03-02,19,Tier3,Organic
C00412,2024-01-07,26,Tier2,Social
C00413,2024-04-19,19,Tier2,Referral
C00414,2024-12-06,34,Tier2,Social
C00415,2024-07-07,62,Tier1,Organic
C00416,2024-03-19,48,Tier2,Social
C00417,2025-02-19,60,Tier2,Referral
C00418,2024-02-19,55,Tier3,Social
C00419,2024-05-24,20,Tier3,Referral
C00420,2025-04-29,28,Tier2,Paid Ads
C00421,2024-08-23,50,Tier2,Paid Ads
C00422,2024-04-16,21,Tier1,Organic
C00423,2024-08-08,46,Tier2,Paid Ads
C00424,2025-02-10,48,Tier3,Referral
C00425,2024-07-17,22,Tier2,Social
C00426,2024-05-18,18,Tier1,Organic
C00427,2024-03-30,41,Tier2,Referral
C00428,2024-03-27,63,Tier1,Social
C00429,2024-09-21,23,Tier3,Referral
C00430,2024-11-07,54,Tier3,Organic
C00431,2024-10-29,35,Tier3,Organic
C00432,2024-02-26,69,Tier1,Social
C00433,2024-08-05,54,Tier2,Organic
C00434,2024-12-11,40,Tier2,Paid Ads
C00435,2025-06-11,66,Tier2,Referral
C00436,2024-06-21,56,Tier2,Organic
C00437,2025-01-05,52,Tier1,Paid Ads
C00438,2024-11-07,34,Tier2,Paid Ads
C00439,2025-02-01,36,Tier1,Organic
C00440,2024-04-04,54,Tier2,Referral
C00441,2024-03-25,51,Tier2,Organic
C00442,2024-10-19,28,Tier2,Organic
C00443,2025-05-21,63,Tier1,Paid Ads
C00444,2024-04-04,65,Tier1,Social
C00445,2025-07-04,53,Tier1,Organic
C00446,2024-12-24,44,Tier2,Organic
C00447,2024-08-19,31,Tier2,Social
C00448,2025-06-11,21,Tier3,Referral
C00449,2024-05-07,69,Tier1,Organic
C00450,2025-06-24,36,Tier1,Referral
C00451,2024-10-12,63,Tier1,Referral
C00452,2024-01-13,46,Tier1,Referral
C00453,2025-03-17,38,Tier1,Paid Ads
C00454,2024-07-31,47,Tier3,Referral
C00455,2025-09-23,43,Tier3,Referral
C00456,2024-01-02,53,Tier3,Organic
C00457,2024-02-14,25,Tier3,Social
C00458,2025-05-31,52,Tier2,Social
C00459,2024-09-11,31,Tier2,Paid Ads
C00460,2024-01-16,25,Tier1,Social
C00461,2025-01-02,62,Tier3,Referral
C00462,2025-07-08,34,Tier2,Paid Ads
C00463,2024-06-03,19,Tier1,Organic
C00464,2025-03-01,51,Tier1,Social
C00465,2024-07-05,44,Tier1,Referral
C00466,2024-10-30,58,Tier1,Organic
C00467,2025-01-19,42,Tier1,Organic
C00468,2025-04-04,27,Tier2,Social
C00469,2024-12-19,67,Tier1,Social
C00470,2024-05-29,32,Tier2,Referral
C00471,2024-03-17,25,Tier1,Referral
C00472,2024-04-11,51,Tier2,Organic
C00473,2025-04-22,48,Tier1,Organic
C00474,2024-01-30,55,Tier3,Social
C00475,2025-06-19,22,Tier3,Social
C00476,2024-07-20,18,Tier1,Organic
C00477,2025-06-21,53,Tier3,Referral
C00478,2024-10-03,65,Tier3,Referral
C00479,2024-02-26,43,Tier2,Social
C00480,2025-02-07,27,Tier1,Organic
C00481,2025-03-30,50,Tier1,Referral
C00482,2025-08-29,47,Tier1,Social
C00483,2025-05-13,59,Tier1,Paid Ads
C00484,2025-09-02,58,Tier2,Social
C00485,2024-05-13,61,Tier1,Referral
C00486,2025-05-04,30,Tier2,Paid Ads
C00487,2024-05-15,28,Tier2,Paid Ads
C00488,2024-05-17,62,Tier1,Organic
C00489,2024-03-28,35,Tier2,Paid Ads
C00490,2025-02-15,57,Tier2,Organic
C00491,2025-07-21,52,Tier2,Organic
C00492,2024-03-12,61,Tier1,Paid Ads
C00493,2024-01-10,41,Tier3,Organic
C00494,2024-03-20,42,Tier2,Paid Ads
C00495,2024-12-04,41,Tier2,Organic
C00496,2025-09-06,55,Tier3,Referral
C00497,2025-05-08,57,Tier1,Social
C00498,2024-03-21,64,Tier3,Paid Ads
C00499,2024-04-25,49,Tier1,Organic
C00500,2025-04-16,29,Tier1,Referral
C00501,2025-02-26,53,Tier3,Organic
C00502,2024-12-14,40,Tier3,Social
C00503,2024-05-12,57,Tier1,Organic
C00504,2025-08-20,30,Tier2,Referral
C00505,2025-03-04,57,Tier3,Organic
C00506,2024-12-04,28,Tier3,Social
C00507,2025-05-10,43,Tier1,Paid Ads
C00508,2025-07-25,62,Tier1,Organic
C00509,2025-06-01,64,Tier1,Referral
C00510,2024-06-14,69,Tier1,Paid Ads
C00511,2024-10-26,58,Tier2,Paid Ads
C00512,2024-04-03,69,Tier1,Social
C00513,2024-03-26,44,Tier3,Social
C00514,2024-11-15,22,Tier2,Paid Ads
C00515,2025-05-29,27,Tier1,Referral
C00516,2024-01-28,46,Tier2,Organic
C00517,2024-02-01,65,Tier3,Paid Ads
C00518,2025-06-28,23,Tier1,Social
C00519,2025-08-29,43,Tier2,Social
C00520,2024-06-14,36,Tier1,Paid Ads
C00521,2025-01-31,21,Tier3,Organic
C00522,2025-08-01,60,Tier1,Social
C00523,2025-09-15,30,Tier3,Paid Ads
C00524,2025-04-03,18,Tier2,Organic
C00525,2024-04-13,39,Tier3,Social
C00526,2024-01-08,54,Tier1,Social
C00527,2024-05-25,41,Tier3,Social
C00528,2025-06-24,44,Tier1,Referral
C00529,2024-01-19,30,Tier1,Social
C00530,2024-07-03,44,Tier3,Organic
C00531,2024-01-29,66,Tier2,Social
C00532,2025-04-25,66,Tier2,Paid Ads
C00533,2024-08-15,69,Tier1,Organic
C00534,2024-08-16,67,Tier3,Paid Ads
C00535,2025-08-08,27,Tier3,Organic
C00536,2024-01-25,34,Tier1,Social
C00537,2024-06-29,22,Tier2,Social
C00538,2025-01-04,43,Tier3,Organic
C00539,2024-08-13,24,Tier3,Organic
C00540,2024-09-24,59,Tier3,Paid Ads
C00541,2024-05-10,58,Tier1,Social
C00542,2025-06-29,44,Tier1,Referral
C00543,2025-07-14,64,Tier3,Social
C00544,2024-01-31,46,Tier3,Paid Ads
C00545,2025-06-09,66,Tier2,Social
C00546,2024-07-03,48,Tier1,Paid Ads
C00547,2024-12-05,23,Tier1,Paid Ads
C00548,2024-05-07,38,Tier1,Referral
C00549,2025-07-16,21,Tier3,Paid Ads
C00550,2025-04-11,58,Tier3,Referral
C00551,2025-01-23,54,Tier2,Referral
C00552,2024-06-22,65,Tier3,Paid Ads
C00553,2024-09-15,39,Tier1,Organic
C00554,2024-04-05,48,Tier3,Social
C00555,2024-04-16,26,Tier1,Social
C00556,2024-01-28,21,Tier3,Referral
C00557,2025-03-31,55,Tier3,Referral
C00558,2024-11-20,58,Tier2,Paid Ads
C00559,2025-03-20,23,Tier3,Referral
C00560,2024-03-20,34,Tier1,Organic
C00561,2024-05-04,23,Tier2,Organic
C00562,2025-06-30,29,Tier2,Organic
C00563,2025-08-26,20,Tier2,Social
C00564,2025-05-16,35,Tier1,Referral
C00565,2025-06-19,50,Tier3,Organic
C00566,2024-03-03,46,Tier3,Organic
C00567,2024-12-06,18,Tier1,Social
C00568,2025-07-04,52,Tier3,Social
C00569,2024-03-24,37,Tier2,Social
C00570,2024-07-03,68,Tier2,Social
C00571,2024-06-08,20,Tier3,Referral
C00572,2025-07-31,33,Tier1,Organic
C00573,2024-12-16,28,Tier1,Social
C00574,2025-01-31,45,Tier2,Paid Ads
C00575,2024-06-06,67,Tier2,Referral
C00576,2025-03-08,47,Tier1,Social
C00577,2025-09-18,24,Tier2,Paid Ads
C00578,2025-05-13,46,Tier1,Organic
C00579,2024-07-26,58,Tier3,Paid Ads
C00580,2024-10-14,19,Tier3,Organic
C00581,2025-09-16,35,Tier2,Organic
C00582,2024-05-10,24,Tier1,Paid Ads
C00583,2024-11-25,19,Tier1,Paid Ads
C00584,2025-03-15,56,Tier1,Referral
C00585,2025-08-29,37,Tier2,Social
C00586,2024-02-28,51,Tier2,Paid Ads
C00587,2024-06-08,50,Tier2,Paid Ads
C00588,2024-07-18,19,Tier3,Organic
C00589,2024-03-15,32,Tier1,Referral
C00590,2025-07-17,39,Tier2,Paid Ads
C00591,2025-03-09,66,Tier1,Referral
C00592,2024-06-10,18,Tier1,Organic
C00593,2025-06-19,49,Tier1,Paid Ads
C00594,2024-03-05,67,Tier1,Referral
C00595,2024-02-23,64,Tier1,Organic
C00596,2024-11-22,36,Tier2,Organic
C00597,2024-12-14,67,Tier2,Social
C00598,2025-02-21,64,Tier2,Referral
C00599,2024-01-19,63,Tier1,Social
C00600,2025-08-04,67,Tier2,Paid Ads
C00601,2025-01-15,47,Tier3,Paid Ads
C00602,2025-07-18,53,Tier3,Organic
C00603,2025-05-16,55,Tier2,Social
C00604,2025-09-21,63,Tier1,Organic
C00605,2024-05-11,56,Tier1,Social
C00606,2025-08-06,35,Tier3,Organic
C00607,2024-09-19,55,Tier2,Social
C00608,2024-12-07,32,Tier1,Paid Ads
C00609,2024-11-14,30,Tier1,Social
C00610,2024-09-16,41,Tier3,Referral
C00611,2024-06-28,55,Tier2,Organic
C00612,2025-08-12,46,Tier1,Paid Ads
C00613,2025-08-24,20,Tier3,Social
C00614,2024-10-11,18,Tier1,Social
C00615,2024-10-09,42,Tier1,Referral
C00616,2024-02-18,62,Tier1,Social
C00617,2025-05-31,63,Tier1,Paid Ads
C00618,2024-06-22,66,Tier1,Organic
C00619,2024-02-19,56,Tier1,Paid Ads
C00620,2025-05-21,29,Tier3,Referral
C00621,2024-09-21,26,Tier1,Organic
C00622,2024-09-19,69,Tier1,Referral
C00623,2024-09-30,38,Tier2,Paid Ads
C00624,2025-05-18,50,Tier1,Paid Ads
C00625,2024-04-15,31,Tier1,Referral
C00626,2024-03-08,26,Tier1,Referral
C00627,2024-06-05,36,Tier1,Paid Ads
C00628,2025-09-04,26,Tier2,Paid Ads
C00629,2025-07-09,57,Tier2,Organic
C00630,2024-05-09,30,Tier3,Paid Ads
C00631,2024-01-15,65,Tier2,Social
C00632,2025-08-18,41,Tier2,Referral
C00633,2024-03-13,20,Tier1,Organic
C00634,2025-08-29,34,Tier3,Referral
C00635,2024-10-29,60,Tier2,Social
C00636,2025-07-16,26,Tier2,Organic
C00637,2024-10-23,58,Tier2,Referral
C00638,2024-07-01,46,Tier1,Paid Ads
C00639,2024-09-14,28,Tier1,Paid Ads
C00640,2025-02-17,65,Tier1,Social
C00641,2025-07-13,57,Tier3,Social
C00642,2024-12-13,35,Tier1,Organic
C00643,2025-09-22,46,Tier2,Organic
C00644,2024-10-11,31,Tier1,Referral
C00645,2025-03-26,69,Tier1,Referral
C00646,2025-03-27,60,Tier3,Social
C00647,2024-11-04,51,Tier3,Referral
C00648,2024-02-01,26,Tier2,Organic
C00649,2024-11-28,49,Tier2,Organic
C00650,2024-01-10,61,Tier2,Referral
C00651,2025-02-26,23,Tier2,Organic
C00652,2024-06-13,38,Tier2,Social
C00653,2025-06-27,59,Tier1,Organic
C00654,2025-04-01,25,Tier2,Organic
C00655,2024-06-03,47,Tier3,Paid Ads
C00656,2024-11-19,34,Tier2,Paid Ads
C00657,2024-09-01,35,Tier3,Organic
C00658,2024-06-22,64,Tier2,Referral
C00659,2025-02-09,62,Tier3,Organic
C00660,2025-03-18,53,Tier3,Paid Ads
C00661,2025-02-26,21,Tier2,Referral
C00662,2024-04-29,54,Tier2,Organic
C00663,2024-10-02,39,Tier1,Organic
C00664,2025-07-20,63,Tier2,Paid Ads
C00665,2024-09-30,57,Tier2,Referral
C00666,2025-09-27,19,Tier2,Organic
C00667,2025-01-02,65,Tier3,Social
C00668,2024-07-27,49,Tier2,Referral
C00669,2025-09-28,32,Tier1,Organic
C00670,2024-03-23,38,Tier3,Referral
C00671,2024-01-09,52,Tier1,Referral
C00672,2025-05-02,49,Tier1,Referral
C00673,2025-06-17,52,Tier3,Organic
C00674,2025-07-05,42,Tier1,Organic
C00675,2025-04-27,27,Tier1,Organic
C00676,2024-05-25,41,Tier1,Paid Ads
C00677,2024-08-06,22,Tier3,Social
C00678,2024-11-11,59,Tier2,Organic
C00679,2024-11-17,35,Tier1,Paid Ads
C00680,2024-08-25,38,Tier2,Referral
C00681,2025-03-16,58,Tier1,Paid Ads
C00682,2024-04-09,21,Tier2,Social
C00683,2025-03-25,64,Tier2,Paid Ads
C00684,2024-04-18,65,Tier1,Referral
C00685,2025-03-22,37,Tier3,Referral
C00686,2025-02-11,30,Tier1,Organic
C00687,2025-06-15,43,Tier2,Social
C00688,2024-08-14,25,Tier1,Paid Ads
C00689,2024-02-23,69,Tier1,Paid Ads
C00690,2025-02-24,62,Tier3,Social
C00691,2024-05-05,41,Tier3,Organic
C00692,2025-09-27,59,Tier2,Referral
C00693,2025-09-12,48,Tier3,Paid Ads
C00694,2024-08-01,29,Tier3,Social
C00695,2025-07-22,63,Tier1,Paid Ads
C00696,2024-09-22,37,Tier1,Social
C00697,2024-03-05,54,Tier2,Organic
C00698,2025-04-29,57,Tier1,Referral
C00699,2025-05-24,25,Tier1,Social
C00700,2024-03-23,66,Tier1,Organic
C00701,2024-02-09,39,Tier3,Paid Ads
C00702,2024-08-06,40,Tier1,Referral
C00703,2024-07-11,49,Tier1,Social
C00704,2025-01-05,63,Tier1,Social
C00705,2024-06-23,34,Tier2,Referral
C00706,2024-07-14,59,Tier1,Paid Ads
C00707,2024-10-19,65,Tier2,Social
C00708,2025-05-10,32,Tier1,Referral
C00709,2025-06-19,26,Tier3,Paid Ads
C00710,2024-05-04,33,Tier2,Social
C00711,2024-11-04,24,Tier1,Social
C00712,2024-09-16,21,Tier2,Social
C00713,2024-03-21,34,Tier3,Paid Ads
C00714,2024-12-28,43,Tier3,Paid Ads
C00715,2024-05-26,42,Tier2,Referral
C00716,2024-03-31,45,Tier1,Referral
C00717,2024-05-19,51,Tier3,Social
C00718,2025-08-14,25,Tier1,Paid Ads
C00719,2024-08-26,20,Tier3,Social
C00720,2024-12-21,22,Tier1,Organic
C00721,2024-01-17,38,Tier3,Referral
C00722,2025-01-10,62,Tier3,Paid Ads
C00723,2024-02-04,34,Tier1,Organic
C00724,2024-12-19,41,Tier2,Paid Ads
C00725,2025-08-27,25,Tier1,Paid Ads
C00726,2025-05-16,54,Tier2,Organic
C00727,2025-03-23,35,Tier2,Paid Ads
C00728,2025-09-29,46,Tier2,Paid Ads
C00729,2024-04-18,38,Tier1,Organic
C00730,2024-11-21,26,Tier2,Social
C00731,2024-11-15,69,Tier1,Organic
C00732,2024-10-06,18,Tier3,Referral
C00733,2024-10-13,32,Tier2,Organic
C00734,2024-03-12,25,Tier3,Social
C00735,2024-08-30,68,Tier3,Referral
C00736,2025-02-19,46,Tier3,Social
C00737,2025-08-15,67,Tier1,Organic
C00738,2025-06-11,58,Tier1,Referral
C00739,2024-08-08,68,Tier1,Social
C00740,2025-08-18,34,Tier2,Social
C00741,2024-07-21,54,Tier3,Social
C00742,2024-08-11,53,Tier3,Social
C00743,2025-03-08,53,Tier2,Paid Ads
C00744,2025-05-21,63,Tier1,Referral
C00745,2025-06-25,65,Tier3,Referral
C00746,2025-09-20,67,Tier3,Social
C00747,2024-04-15,29,Tier1,Referral
C00748,2025-09-09,51,Tier1,Social
C00749,2024-10-27,43,Tier2,Social
C00750,2025-01-03,22,Tier1,Referral
C00751,2024-02-05,29,Tier3,Social
C00752,2024-09-19,48,Tier1,Social
C00753,2025-08-02,65,Tier1,Organic
C00754,2025-04-10,38,Tier2,Organic
C00755,2025-06-08,50,Tier1,Organic
C00756,2024-11-10,69,Tier2,Organic
C00757,2024-04-14,22,Tier1,Referral
C00758,2024-08-07,21,Tier2,Organic
C00759,2025-06-07,40,Tier2,Social
C00760,2024-09-11,66,Tier1,Referral
C00761,2025-05-25,62,Tier1,Organic
C00762,2024-03-16,46,Tier1,Referral
C00763,2025-01-14,68,Tier2,Social
C00764,2024-05-22,30,Tier2,Referral
C00765,2024-12-23,45,Tier3,Organic
C00766,2024-01-21,64,Tier1,Referral
C00767,2024-02-03,39,Tier1,Referral
C00768,2025-01-01,59,Tier1,Organic
C00769,2025-04-20,52,Tier1,Social
C00770,2024-04-10,43,Tier1,Paid Ads
C00771,2024-10-24,23,Tier2,Paid Ads
C00772,2024-08-30,44,Tier3,Referral
C00773,2024-07-12,23,Tier2,Paid Ads
C00774,2025-03-12,43,Tier3,Paid Ads
C00775,2024-09-17,67,Tier3,Organic
C00776,2025-08-14,24,Tier2,Referral
C00777,2024-11-22,64,Tier2,Organic
C00778,2025-02-17,52,Tier2,Social
C00779,2024-01-30,34,Tier3,Paid Ads
C00780,2024-03-08,30,Tier2,Social
C00781,2025-02-23,64,Tier1,Social
C00782,2024-04-09,21,Tier2,Social
C00783,2024-11-26,20,Tier1,Social
C00784,2025-09-09,56,Tier1,Social
C00785,2024-02-02,56,Tier2,Organic
C00786,2024-07-01,55,Tier2,Organic
C00787,2025-05-13,51,Tier3,Organic
C00788,2025-02-23,63,Tier1,Organic
C00789,2025-08-06,35,Tier1,Paid Ads
C00790,2024-11-23,37,Tier1,Social
C00791,2024-01-26,28,Tier2,Social
C00792,2025-09-07,58,Tier1,Social
C00793,2025-03-03,39,Tier1,Paid Ads
C00794,2025-05-14,59,Tier1,Social
C00795,2024-05-01,35,Tier1,Organic
C00796,2024-05-06,64,Tier2,Social
C00797,2024-12-14,45,Tier1,Social
C00798,2024-09-23,31,Tier2,Paid Ads
C00799,2024-09-07,58,Tier1,Referral
C00800,2025-01-19,52,Tier1,Organic
C00801,2025-06-16,34,Tier1,Social
C00802,2024-06-26,35,Tier1,Referral
C00803,2024-09-24,52,Tier1,Paid Ads
C00804,2025-08-26,60,Tier1,Social
C00805,2025-03-20,21,Tier3,Paid Ads
C00806,2024-02-09,32,Tier1,Referral
C00807,2024-03-25,57,Tier1,Organic
C00808,2025-06-14,34,Tier1,Organic
C00809,2024-02-25,53,Tier2,Organic
C00810,2025-02-03,40,Tier1,Paid Ads
C00811,2025-02-26,54,Tier2,Referral
C00812,2024-09-08,36,Tier1,Organic
C00813,2025-05-28,69,Tier2,Organic
C00814,2024-06-20,39,Tier1,Paid Ads
C00815,2024-02-06,62,Tier1,Paid Ads
C00816,2024-05-03,46,Tier1,Social
C00817,2025-07-25,56,Tier1,Paid Ads
C00818,2024-06-02,37,Tier2,Social
C00819,2024-03-08,40,Tier2,Organic
C00820,2024-02-22,61,Tier1,Paid Ads
C00821,2024-10-10,21,Tier3,Paid Ads
C00822,2024-08-12,38,Tier3,Referral
C00823,2025-09-20,69,Tier2,Paid Ads
C00824,2024-07-29,33,Tier2,Referral
C00825,2025-08-18,18,Tier1,Organic
C00826,2025-05-12,67,Tier1,Organic
C00827,2025-07-21,18,Tier2,Organic
C00828,2025-05-03,41,Tier2,Referral
C00829,2024-03-21,60,Tier3,Referral
C00830,2024-07-25,66,Tier3,Organic
C00831,2025-03-11,47,Tier1,Social
C00832,2025-05-05,59,Tier1,Organic
C00833,2025-02-25,64,Tier1,Social
C00834,2024-05-15,67,Tier1,Organic
C00835,2025-09-27,42,Tier3,Social
C00836,2024-03-21,27,Tier1,Paid Ads
C00837,2025-06-20,19,Tier2,Social
C00838,2025-04-06,19,Tier2,Paid Ads
C00839,2024-09-10,54,Tier2,Organic
C00840,2024-01-16,63,Tier1,Paid Ads
C00841,2024-03-22,29,Tier1,Paid Ads
C00842,2025-03-31,31,Tier3,Organic
C00843,2025-07-28,50,Tier3,Social
C00844,2025-08-26,49,Tier3,Social
C00845,2024-05-18,57,Tier1,Referral
C00846,2024-01-11,33,Tier3,Referral
C00847,2024-12-20,49,Tier3,Organic
C00848,2025-06-14,51,Tier1,Referral
C00849,2024-09-13,31,Tier1,Organic
C00850,2024-01-09,45,Tier1,Paid Ads
C00851,2024-02-28,30,Tier3,Referral
C00852,2025-07-27,42,Tier1,Paid Ads
C00853,2025-01-22,42,Tier1,Organic
C00854,2024-07-19,28,Tier3,Paid Ads
C00855,2024-10-10,43,Tier1,Social
C00856,2025-01-06,64,Tier1,Paid Ads
C00857,2025-03-04,46,Tier2,Organic
C00858,2025-02-07,44,Tier1,Social
C00859,2025-03-22,21,Tier2,Referral
C00860,2025-04-10,30,Tier2,Organic
C00861,2024-06-30,62,Tier3,Referral
C00862,2024-05-24,43,Tier1,Paid Ads
C00863,2024-07-09,26,Tier1,Referral
C00864,2025-06-14,32,Tier2,Paid Ads
C00865,2024-01-31,28,Tier1,Referral
C00866,2024-06-22,69,Tier1,Paid Ads
C00867,2024-04-08,25,Tier2,Paid Ads
C00868,2025-07-23,56,Tier2,Organic
C00869,2025-03-22,29,Tier1,Organic
C00870,2024-12-03,33,Tier1,Organic
C00871,2025-06-15,69,Tier2,Referral
C00872,2025-08-16,28,Tier1,Organic
C00873,2024-06-08,45,Tier2,Organic
C00874,2024-08-28,36,Tier1,Paid Ads
C00875,2024-04-13,34,Tier1,Paid Ads
C00876,2024-08-14,32,Tier2,Organic
C00877,2024-09-21,64,Tier2,Paid Ads
C00878,2025-02-17,40,Tier2,Referral
C00879,2025-02-17,58,Tier1,Organic
C00880,2025-01-18,55,Tier3,Organic
C00881,2024-03-21,51,Tier1,Social
C00882,2024-05-13,18,Tier1,Paid Ads
C00883,2025-07-10,41,Tier3,Paid Ads
C00884,2024-12-03,49,Tier3,Paid Ads
C00885,2024-04-19,52,Tier1,Referral
C00886,2024-08-24,56,Tier3,Paid Ads
C00887,2024-10-26,47,Tier1,Referral
C00888,2025-05-19,53,Tier3,Organic
C00889,2024-05-04,43,Tier3,Organic
C00890,2024-09-08,41,Tier2,Organic
C00891,2024-09-26,47,Tier2,Organic
C00892,2024-04-05,47,Tier1,Organic
C00893,2025-07-11,46,Tier1,Paid Ads
C00894,2024-08-12,56,Tier1,Paid Ads
C00895,2024-03-22,35,Tier1,Organic
C00896,2025-07-31,48,Tier3,Social
C00897,2024-05-07,51,Tier3,Paid Ads
C00898,2024-05-19,59,Tier3,Organic
C00899,2024-01-10,48,Tier2,Social
C00900,2024-09-21,66,Tier2,Organic
C00901,2025-06-06,22,Tier3,Social
C00902,2025-06-17,32,Tier2,Referral
C00903,2024-04-14,45,Tier1,Referral
C00904,2024-02-02,30,Tier3,Referral
C00905,2024-09-01,37,Tier2,Referral
C00906,2024-02-09,40,Tier2,Referral
C00907,2025-07-13,30,Tier1,Referral
C00908,2024-03-03,58,Tier3,Organic
C00909,2025-02-15,60,Tier2,Social
C00910,2024-07-08,29,Tier3,Social
C00911,2024-03-19,58,Tier1,Referral
C00912,2025-09-23,60,Tier1,Paid Ads
C00913,2024-08-31,35,Tier2,Referral
C00914,2025-03-03,44,Tier3,Organic
C00915,2024-09-21,50,Tier1,Organic
C00916,2024-03-03,25,Tier2,Social
C00917,2024-07-20,30,Tier1,Social
C00918,2024-04-24,19,Tier2,Organic
C00919,2024-10-29,64,Tier2,Referral
C00920,2024-08-11,52,Tier1,Paid Ads
C00921,2025-07-11,61,Tier2,Organic
C00922,2024-09-18,40,Tier1,Referral
C00923,2024-08-01,45,Tier2,Organic
C00924,2025-06-14,66,Tier3,Referral
C00925,2024-03-30,33,Tier2,Paid Ads
C00926,2024-11-27,33,Tier2,Referral
C00927,2024-09-09,61,Tier2,Paid Ads
C00928,2025-07-14,42,Tier2,Paid Ads
C00929,2024-08-14,60,Tier2,Social
C00930,2024-08-16,40,Tier1,Organic
C00931,2024-10-27,62,Tier1,Social
C00932,2025-04-18,59,Tier2,Social
C00933,2024-12-25,26,Tier2,Organic
C00934,2025-05-22,65,Tier1,Organic
C00935,2024-03-25,45,Tier2,Organic
C00936,2024-04-26,58,Tier2,Organic
C00937,2024-06-03,28,Tier2,Social
C00938,2024-03-23,50,Tier1,Paid Ads
C00939,2025-03-31,41,Tier2,Paid Ads
C00940,2025-02-13,66,Tier3,Referral
C00941,2025-01-10,46,Tier3,Referral
C00942,2025-01-25,26,Tier2,Referral
C00943,2024-04-14,57,Tier1,Paid Ads
C00944,2024-10-05,38,Tier2,Social
C00945,2025-06-14,48,Tier1,Paid Ads
C00946,2025-03-31,41,Tier2,Organic
C00947,2025-01-20,57,Tier2,Organic
C00948,2024-07-06,32,Tier1,Social
C00949,2025-03-26,32,Tier2,Paid Ads
C00950,2025-06-04,62,Tier2,Referral
C00951,2024-03-25,63,Tier1,Paid Ads
C00952,2024-06-12,59,Tier3,Social
C00953,2024-09-22,26,Tier3,Paid Ads
C00954,2025-03-09,56,Tier3,Referral
C00955,2024-02-23,43,Tier3,Referral
C00956,2024-04-06,37,Tier1,Organic
C00957,2024-04-26,56,Tier2,Referral
C00958,2024-11-17,35,Tier1,Social
C00959,2025-04-20,36,Tier2,Paid Ads
C00960,2025-05-14,21,Tier3,Social
C00961,2025-07-26,66,Tier2,Social
C00962,2024-08-28,42,Tier3,Paid Ads
C00963,2024-03-10,45,Tier2,Referral
C00964,2025-07-12,30,Tier3,Paid Ads
C00965,2025-05-02,41,Tier1,Paid Ads
C00966,2025-03-11,34,Tier2,Referral
C00967,2024-11-21,51,Tier1,Referral
C00968,2025-07-03,43,Tier1,Paid Ads
C00969,2025-02-26,25,Tier3,Social
C00970,2024-07-18,26,Tier3,Organic
C00971,2025-04-18,21,Tier2,Referral
C00972,2024-04-17,44,Tier3,Social
C00973,2025-06-25,58,Tier3,Paid Ads
C00974,2024-12-16,53,Tier2,Referral
C00975,2025-01-20,22,Tier3,Referral
C00976,2025-03-28,69,Tier2,Social
C00977,2025-03-20,34,Tier1,Social
C00978,2024-03-12,31,Tier1,Referral
C00979,2025-09-05,53,Tier1,Referral
C00980,2024-06-07,58,Tier1,Social
C00981,2024-09-07,47,Tier3,Organic
C00982,2025-09-14,61,Tier2,Organic
C00983,2024-11-27,46,Tier1,Social
C00984,2024-11-19,25,Tier1,Paid Ads
C00985,2024-02-16,47,Tier2,Organic
C00986,2024-09-18,54,Tier3,Paid Ads
C00987,2025-03-05,33,Tier1,Paid Ads
C00988,2025-08-16,47,Tier2,Referral
C00989,2025-06-23,33,Tier1,Organic
C00990,2024-05-10,19,Tier1,Social
C00991,2024-11-23,51,Tier1,Paid Ads
C00992,2025-04-12,24,Tier3,Organic
C00993,2025-03-25,35,Tier1,Referral
C00994,2025-01-31,58,Tier2,Social
C00995,2025-09-26,40,Tier3,Social
C00996,2024-01-25,35,Tier2,Organic
C00997,2024-10-10,59,Tier3,Paid Ads
C00998,2025-07-06,51,Tier2,Referral
C00999,2025-05-30,24,Tier3,Paid Ads
C01000,2025-05-14,66,Tier3,Referral
C01001,2024-06-19,26,Tier1,Social
C01002,2025-08-31,23,Tier1,Social
C01003,2024-02-13,66,Tier1,Social
C01004,2024-02-13,52,Tier1,Organic
C01005,2025-07-12,46,Tier2,Paid Ads
C01006,2024-03-09,65,Tier2,Paid Ads
C01007,2024-07-09,42,Tier3,Social
C01008,2024-03-19,36,Tier1,Paid Ads
C01009,2025-08-02,69,Tier3,Paid Ads
C01010,2024-02-19,44,Tier2,Social
C01011,2024-04-17,57,Tier1,Social
C01012,2025-05-05,60,Tier1,Referral
C01013,2025-07-20,24,Tier2,Paid Ads
C01014,2024-08-28,31,Tier2,Social
C01015,2025-03-16,34,Tier2,Paid Ads
C01016,2025-02-21,18,Tier1,Organic
C01017,2024-09-13,23,Tier2,Referral
C01018,2025-08-29,32,Tier3,Paid Ads
C01019,2025-04-13,44,Tier3,Organic
C01020,2024-11-17,33,Tier3,Referral
C01021,2024-10-31,52,Tier2,Referral
C01022,2025-02-07,58,Tier3,Referral
C01023,2025-06-10,60,Tier1,Organic
C01024,2024-12-24,23,Tier1,Referral
C01025,2025-06-09,38,Tier1,Organic
C01026,2024-09-28,64,Tier1,Social
C01027,2025-08-17,49,Tier1,Referral
C01028,2025-03-30,67,Tier2,Referral
C01029,2024-03-11,32,Tier1,Social
C01030,2024-01-17,50,Tier3,Organic
C01031,2025-01-23,55,Tier1,Social
C01032,2024-04-03,34,Tier1,Organic
C01033,2024-01-04,41,Tier1,Organic
C01034,2024-03-12,47,Tier1,Referral
C01035,2024-06-02,46,Tier2,Organic
C01036,2025-07-13,37,Tier3,Paid Ads
C01037,2024-05-08,46,Tier1,Paid Ads
C01038,2024-11-16,64,Tier3,Organic
C01039,2024-07-19,45,Tier1,Referral
C01040,2024-02-25,43,Tier1,Social
C01041,2025-02-02,20,Tier1,Paid Ads
C01042,2024-12-19,29,Tier3,Referral
C01043,2025-04-07,43,Tier1,Social
C01044,2025-05-19,63,Tier2,Social
C01045,2024-01-27,18,Tier1,Paid Ads
C01046,2024-02-09,25,Tier2,Social
C01047,2025-01-29,24,Tier2,Referral
C01048,2024-03-12,50,Tier2,Organic
C01049,2024-08-30,21,Tier2,Referral
C01050,2025-01-26,66,Tier3,Social
C01051,2024-12-07,51,Tier2,Organic
C01052,2024-05-11,19,Tier1,Referral
C01053,2024-06-03,65,Tier2,Social
C01054,2025-06-30,29,Tier2,Social
C01055,2025-09-14,51,Tier3,Paid Ads
C01056,2024-02-13,39,Tier1,Social
C01057,2025-06-04,68,Tier1,Social
C01058,2025-06-28,44,Tier3,Organic
C01059,2025-05-10,28,Tier1,Referral
C01060,2024-04-15,54,Tier1,Referral
C01061,2024-05-05,38,Tier2,Organic
C01062,2024-12-22,41,Tier2,Referral
C01063,2025-08-30,29,Tier1,Referral
C01064,2024-06-14,34,Tier1,Paid Ads
C01065,2025-06-01,56,Tier2,Organic
C01066,2025-03-27,21,Tier2,Referral
C01067,2025-08-11,51,Tier1,Organic
C01068,2025-03-01,29,Tier2,Social
C01069,2024-06-27,53,Tier1,Social
C01070,2024-06-13,59,Tier2,Paid Ads
C01071,2025-06-29,39,Tier2,Paid Ads
C01072,2024-02-14,40,Tier2,Organic
C01073,2025-04-07,61,Tier1,Paid Ads
C01074,2025-08-10,34,Tier2,Paid Ads
C01075,2024-11-05,25,Tier1,Paid Ads
C01076,2025-01-26,41,Tier2,Paid Ads
C01077,2024-02-17,49,Tier3,Paid Ads
C01078,2024-05-04,69,Tier1,Paid Ads
C01079,2025-01-02,51,Tier2,Social
C01080,2025-06-15,24,Tier2,Organic
C01081,2024-06-08,54,Tier1,Referral
C01082,2025-07-02,35,Tier1,Social
C01083,2025-01-28,27,Tier2,Organic
C01084,2025-09-08,53,Tier2,Organic
C01085,2025-03-22,36,Tier2,Paid Ads
C01086,2024-11-03,33,Tier1,Social
C01087,2024-09-24,35,Tier3,Organic
C01088,2024-04-14,36,Tier1,Paid Ads
C01089,2024-11-24,29,Tier3,Social
C01090,2025-09-06,39,Tier2,Referral
C01091,2025-03-11,41,Tier1,Referral
C01092,2025-01-05,49,Tier1,Organic
C01093,2025-02-17,30,Tier1,Paid Ads
C01094,2024-07-16,24,Tier3,Social
C01095,2024-07-09,53,Tier3,Organic
C01096,2024-05-13,54,Tier3,Organic
C01097,2024-10-25,44,Tier3,Organic
C01098,2024-03-24,21,Tier3,Referral
C01099,2024-01-14,29,Tier1,Social
C01100,2025-07-18,29,Tier2,Social
C01101,2024-09-04,22,Tier3,Paid Ads
C01102,2025-04-24,65,Tier3,Referral
C01103,2025-08-21,50,Tier1,Organic
C01104,2025-05-03,27,Tier1,Referral
C01105,2025-04-15,36,Tier1,Paid Ads
C01106,2024-07-13,35,Tier1,Social
C01107,2025-09-14,53,Tier2,Organic
C01108,2025-07-08,52,Tier2,Organic
C01109,2024-07-27,21,Tier2,Referral
C01110,2024-10-10,59,Tier3,Social
C01111,2024-07-10,56,Tier2,Organic
C01112,2024-09-12,52,Tier2,Paid Ads
C01113,2024-04-06,55,Tier3,Social
C01114,2025-03-23,24,Tier1,Organic
C01115,2025-03-17,48,Tier2,Referral
C01116,2025-09-16,51,Tier3,Organic
C01117,2025-04-02,64,Tier2,Referral
C01118,2024-10-18,61,Tier2,Referral
C01119,2025-03-20,67,Tier2,Organic
C01120,2024-03-11,21,Tier3,Referral
C01121,2024-05-20,37,Tier1,Social
C01122,2024-07-17,34,Tier2,Organic
C01123,2025-02-19,31,Tier1,Social
C01124,2025-04-01,61,Tier1,Social
C01125,2024-02-18,19,Tier1,Paid Ads
C01126,2024-10-18,56,Tier3,Paid Ads
C01127,2024-06-11,68,Tier2,Organic
C01128,2025-04-04,38,Tier3,Organic
C01129,2024-01-14,48,Tier2,Social
C01130,2024-09-30,53,Tier2,Organic
C01131,2025-04-30,46,Tier3,Social
C01132,2024-10-31,23,Tier3,Referral
C01133,2024-08-02,33,Tier3,Referral
C01134,2024-02-02,42,Tier3,Social
C01135,2024-10-28,46,Tier3,Organic
C01136,2025-09-28,38,Tier1,Social
C01137,2024-04-08,55,Tier1,Social
C01138,2024-07-20,38,Tier2,Social
C01139,2025-08-25,30,Tier1,Organic
C01140,2024-01-04,36,Tier2,Paid Ads
C01141,2024-04-12,37,Tier3,Referral
C01142,2024-06-13,53,Tier2,Organic
C01143,2025-09-26,24,Tier2,Social
C01144,2024-03-02,42,Tier3,Social
C01145,2025-06-22,21,Tier2,Paid Ads
C01146,2024-07-07,36,Tier2,Organic
C01147,2025-06-27,40,Tier1,Referral
C01148,2024-01-19,45,Tier2,Organic
C01149,2024-11-23,62,Tier3,Organic
C01150,2024-04-29,27,Tier1,Referral
C01151,2024-04-28,39,Tier2,Paid Ads
C01152,2024-02-20,56,Tier3,Paid Ads
C01153,2025-07-07,51,Tier1,Paid Ads
C01154,2024-03-24,26,Tier3,Paid Ads
C01155,2024-03-20,35,Tier1,Social
C01156,2025-03-16,42,Tier3,Paid Ads
C01157,2024-12-01,40,Tier1,Organic
C01158,2024-02-02,41,Tier1,Referral
C01159,2024-07-20,22,Tier2,Paid Ads
C01160,2024-07-16,35,Tier3,Referral
C01161,2025-01-02,21,Tier2,Organic
C01162,2025-04-01,56,Tier2,Paid Ads
C01163,2024-11-09,68,Tier1,Social
C01164,2025-03-14,54,Tier2,Referral
C01165,2025-08-21,68,Tier1,Social
C01166,2024-11-04,30,Tier2,Social
C01167,2024-02-27,69,Tier1,Organic
C01168,2025-04-05,30,Tier1,Social
C01169,2025-07-06,52,Tier3,Organic
C01170,2024-07-12,52,Tier1,Social
C01171,2024-10-02,63,Tier3,Referral
C01172,2025-02-14,66,Tier1,Organic
C01173,2025-09-25,19,Tier1,Referral
C01174,2025-07-06,60,Tier3,Referral
C01175,2025-06-04,22,Tier2,Referral
C01176,2024-02-03,62,Tier2,Social
C01177,2024-10-19,33,Tier2,Referral
C01178,2024-10-29,28,Tier2,Organic
C01179,2024-12-29,51,Tier2,Referral
C01180,2024-05-28,19,Tier3,Referral
C01181,2024-11-17,67,Tier2,Social
C01182,2024-03-25,28,Tier1,Referral
C01183,2024-03-08,19,Tier3,Social
C01184,2024-03-13,46,Tier2,Organic
C01185,2025-02-16,64,Tier1,Paid Ads
C01186,2025-02-11,47,Tier2,Social
C01187,2024-12-13,65,Tier3,Referral
C01188,2024-04-14,52,Tier2,Paid Ads
C01189,2024-12-02,22,Tier2,Organic
C01190,2024-03-23,44,Tier1,Organic
C01191,2024-02-01,59,Tier3,Referral
C01192,2024-09-02,51,Tier3,Social
C01193,2025-03-28,26,Tier3,Paid Ads
C01194,2025-02-11,21,Tier2,Social
C01195,2024-06-27,50,Tier3,Referral
C01196,2025-04-07,48,Tier1,Paid Ads
C01197,2024-02-11,35,Tier3,Referral
C01198,2024-03-22,56,Tier3,Referral
C01199,2024-10-07,68,Tier1,Paid Ads
C01200,2025-03-23,22,Tier3,Paid Ads
C01201,2024-10-26,27,Tier1,Social
C01202,2024-11-30,23,Tier3,Referral
C01203,2024-10-31,38,Tier2,Paid Ads
C01204,2024-07-14,22,Tier1,Referral
C01205,2024-03-06,20,Tier3,Referral
C01206,2025-09-12,60,Tier1,Paid Ads
C01207,2025-04-14,55,Tier3,Referral
C01208,2024-08-12,24,Tier1,Organic
C01209,2024-06-11,38,Tier3,Social
C01210,2024-11-23,67,Tier1,Social
C01211,2025-01-06,27,Tier2,Social
C01212,2025-07-08,54,Tier1,Referral
C01213,2024-09-09,55,Tier1,Paid Ads
C01214,2024-05-09,26,Tier1,Referral
C01215,2024-06-23,68,Tier1,Social
C01216,2025-01-05,22,Tier3,Paid Ads
C01217,2024-08-12,63,Tier1,Organic
C01218,2025-07-01,27,Tier2,Organic
C01219,2024-03-08,23,Tier3,Paid Ads
C01220,2025-03-24,29,Tier2,Social
C01221,2025-06-26,18,Tier1,Referral
C01222,2025-09-02,47,Tier1,Referral
C01223,2025-03-30,39,Tier2,Organic
C01224,2025-08-06,27,Tier3,Social
C01225,2024-05-21,34,Tier1,Referral
C01226,2024-04-09,28,Tier3,Paid Ads
C01227,2024-07-16,52,Tier1,Referral
C01228,2024-07-05,59,Tier1,Referral
C01229,2024-06-09,24,Tier3,Organic
C01230,2024-03-06,58,Tier2,Social
C01231,2025-09-09,53,Tier1,Organic
C01232,2024-07-11,65,Tier3,Social
C01233,2024-04-01,36,Tier3,Social
C01234,2024-09-27,62,Tier1,Organic
C01235,2024-12-13,69,Tier3,Paid Ads
C01236,2024-03-20,19,Tier2,Social
C01237,2024-02-04,46,Tier1,Organic
C01238,2024-10-01,68,Tier3,Paid Ads
C01239,2024-08-05,65,Tier2,Referral
C01240,2025-03-13,64,Tier3,Paid Ads
C01241,2024-03-09,54,Tier3,Social
C01242,2025-02-06,29,Tier1,Organic
C01243,2024-03-03,60,Tier1,Organic
C01244,2024-06-01,53,Tier1,Organic
C01245,2024-06-22,67,Tier2,Referral
C01246,2024-07-20,32,Tier1,Paid Ads
C01247,2024-10-18,56,Tier1,Paid Ads
C01248,2025-09-16,59,Tier1,Organic
C01249,2025-01-04,37,Tier3,Organic
C01250,2025-05-28,31,Tier2,Social
C01251,2025-08-07,61,Tier2,Organic
C01252,2025-09-15,49,Tier2,Referral
C01253,2024-03-04,20,Tier1,Organic
C01254,2024-02-26,20,Tier2,Organic
C01255,2025-03-28,52,Tier3,Organic
C01256,2024-01-12,61,Tier1,Social
C01257,2025-05-16,30,Tier3,Paid Ads
C01258,2024-02-10,60,Tier1,Paid Ads
C01259,2025-02-10,23,Tier2,Referral
C01260,2025-09-27,41,Tier2,Referral
C01261,2024-09-05,29,Tier2,Paid Ads
C01262,2024-06-07,35,Tier1,Social
C01263,2024-01-19,47,Tier1,Referral
C01264,2024-04-20,51,Tier1,Organic
C01265,2024-05-02,36,Tier2,Referral
C01266,2024-01-13,44,Tier1,Paid Ads
C01267,2024-10-04,67,Tier1,Referral
C01268,2025-04-20,54,Tier2,Referral
C01269,2025-09-18,49,Tier1,Organic
C01270,2024-10-07,66,Tier2,Paid Ads
C01271,2025-04-16,60,Tier2,Referral
C01272,2025-03-23,43,Tier1,Referral
C01273,2024-11-19,66,Tier2,Organic
C01274,2025-07-08,59,Tier2,Referral
C01275,2025-04-03,34,Tier2,Organic
C01276,2024-06-08,23,Tier2,Social
C01277,2025-02-06,40,Tier2,Social
C01278,2024-03-04,58,Tier1,Referral
C01279,2024-05-20,19,Tier3,Paid Ads
C01280,2025-03-29,55,Tier1,Paid Ads
C01281,2025-09-19,65,Tier2,Referral
C01282,2024-03-10,69,Tier3,Referral
C01283,2024-06-05,22,Tier3,Social
C01284,2025-01-26,30,Tier2,Organic
C01285,2024-06-07,52,Tier2,Referral
C01286,2025-03-12,52,Tier2,Referral
C01287,2024-09-19,60,Tier1,Organic
C01288,2025-09-07,19,Tier1,Paid Ads
C01289,2025-03-09,43,Tier3,Paid Ads
C01290,2025-05-18,18,Tier1,Paid Ads
C01291,2024-07-15,40,Tier1,Organic
C01292,2024-09-12,23,Tier2,Social
C01293,2024-11-04,57,Tier1,Referral
C01294,2025-06-10,63,Tier3,Paid Ads
C01295,2024-04-04,22,Tier1,Organic
C01296,2024-08-28,56,Tier2,Organic
C01297,2025-09-18,28,Tier1,Paid Ads
C01298,2025-03-23,19,Tier2,Organic
C01299,2024-08-05,38,Tier2,Referral
C01300,2025-06-05,42,Tier2,Social
C01301,2024-05-14,20,Tier2,Referral
C01302,2025-07-02,65,Tier1,Referral
C01303,2025-02-14,51,Tier2,Organic
C01304,2024-01-20,37,Tier2,Social
C01305,2025-04-13,41,Tier2,Social
C01306,2025-06-03,30,Tier3,Referral
C01307,2025-09-06,41,Tier1,Social
C01308,2024-03-23,67,Tier2,Referral
C01309,2025-07-29,66,Tier2,Paid Ads
C01310,2024-07-23,35,Tier1,Referral
C01311,2024-09-23,33,Tier2,Paid Ads
C01312,2025-03-22,31,Tier2,Organic
C01313,2025-06-03,60,Tier3,Paid Ads
C01314,2024-12-03,56,Tier1,Paid Ads
C01315,2024-11-08,56,Tier2,Organic
C01316,2024-07-31,34,Tier3,Paid Ads
C01317,2025-05-21,37,Tier2,Paid Ads
C01318,2024-06-01,44,Tier3,Organic
C01319,2024-10-20,33,Tier2,Referral
C01320,2024-12-12,29,Tier1,Organic
C01321,2025-09-07,34,Tier1,Paid Ads
C01322,2024-10-18,19,Tier1,Organic
C01323,2024-01-14,23,Tier1,Referral
C01324,2024-12-25,51,Tier2,Organic
C01325,2025-06-27,24,Tier1,Paid Ads
C01326,2024-09-30,46,Tier1,Organic
C01327,2024-11-27,65,Tier1,Referral
C01328,2025-09-14,49,Tier1,Paid Ads
C01329,2024-06-21,52,Tier3,Social
C01330,2025-04-09,47,Tier1,Referral
C01331,2024-09-01,66,Tier3,Social
C01332,2025-04-08,32,Tier1,Organic
C01333,2024-05-07,60,Tier1,Paid Ads
C01334,2025-01-30,39,Tier3,Referral
C01335,2025-06-25,45,Tier1,Referral
C01336,2025-04-17,35,Tier1,Paid Ads
C01337,2024-01-18,26,Tier3,Referral
C01338,2025-03-04,56,Tier1,Social
C01339,2025-03-09,27,Tier2,Referral
C01340,2025-02-28,69,Tier1,Paid Ads
C01341,2025-04-10,45,Tier2,Organic
C01342,2024-05-10,38,Tier1,Organic
C01343,2024-10-20,34,Tier3,Paid Ads
C01344,2025-07-18,29,Tier1,Organic
C01345,2024-07-30,46,Tier1,Referral
C01346,2024-03-11,47,Tier3,Paid Ads
C01347,2024-08-17,44,Tier1,Organic
C01348,2024-03-05,57,Tier3,Referral
C01349,2025-02-11,35,Tier3,Organic
C01350,2025-09-01,24,Tier2,Paid Ads
C01351,2024-11-28,69,Tier3,Social
C01352,2024-11-04,45,Tier1,Paid Ads
C01353,2025-07-20,21,Tier1,Organic
C01354,2024-03-07,25,Tier1,Referral
C01355,2024-01-10,24,Tier2,Social
C01356,2025-05-31,31,Tier1,Paid Ads
C01357,2025-09-20,65,Tier2,Paid Ads
C01358,2025-08-04,48,Tier1,Paid Ads
C01359,2025-06-21,28,Tier2,Referral
C01360,2025-07-24,63,Tier1,Referral
C01361,2025-04-17,35,Tier1,Organic
C01362,2025-05-23,61,Tier2,Referral
C01363,2024-04-20,57,Tier1,Social
C01364,2024-12-16,38,Tier2,Paid Ads
C01365,2024-05-17,47,Tier2,Organic
C01366,2025-09-13,19,Tier1,Paid Ads
C01367,2024-03-03,46,Tier3,Paid Ads
C01368,2025-08-15,50,Tier3,Social
C01369,2025-02-20,50,Tier3,Social
C01370,2024-12-11,49,Tier3,Referral
C01371,2024-09-01,49,Tier3,Paid Ads
C01372,2024-12-07,26,Tier1,Referral
C01373,2025-09-07,37,Tier2,Referral
C01374,2024-08-11,41,Tier1,Paid Ads
C01375,2025-05-14,60,Tier2,Paid Ads
C01376,2024-08-31,44,Tier1,Paid Ads
C01377,2024-12-01,34,Tier3,Paid Ads
C01378,2025-03-03,26,Tier1,Organic
C01379,2025-04-06,38,Tier1,Paid Ads
C01380,2025-01-29,18,Tier1,Referral
C01381,2024-02-21,66,Tier1,Referral
C01382,2024-10-24,66,Tier3,Paid Ads
C01383,2024-12-09,43,Tier1,Social
C01384,2024-04-17,21,Tier3,Social
C01385,2024-06-06,48,Tier2,Referral
C01386,2024-09-23,39,Tier2,Social
C01387,2025-01-15,56,Tier2,Social
C01388,2024-04-04,65,Tier2,Organic
C01389,2024-10-19,53,Tier3,Social
C01390,2024-06-02,46,Tier1,Social
C01391,2024-08-15,32,Tier1,Paid Ads
C01392,2025-02-27,25,Tier2,Paid Ads
C01393,2024-05-13,38,Tier2,Organic
C01394,2025-09-09,22,Tier1,Referral
C01395,2024-01-18,56,Tier2,Social
C01396,2024-12-21,54,Tier3,Paid Ads
C01397,2024-02-26,44,Tier2,Organic
C01398,2025-09-23,44,Tier1,Referral
C01399,2025-08-08,46,Tier2,Social
C01400,2024-02-08,25,Tier1,Organic
C01401,2024-07-09,48,Tier1,Social
C01402,2024-04-30,56,Tier2,Social
C01403,2025-05-09,32,Tier2,Paid Ads
C01404,2025-07-19,51,Tier1,Paid Ads
C01405,2024-03-06,33,Tier3,Social
C01406,2024-11-10,48,Tier3,Social
C01407,2024-11-08,23,Tier2,Organic
C01408,2024-08-29,46,Tier2,Paid Ads
C01409,2025-03-31,37,Tier1,Referral
C01410,2024-04-01,57,Tier2,Referral
C01411,2024-12-17,24,Tier1,Paid Ads
C01412,2024-07-23,24,Tier1,Organic
C01413,2024-09-15,51,Tier3,Social
C01414,2025-03-13,27,Tier2,Social
C01415,2024-02-05,66,Tier3,Referral
C01416,2024-05-20,23,Tier3,Paid Ads
C01417,2025-02-18,34,Tier1,Paid Ads
C01418,2025-04-23,20,Tier2,Referral
C01419,2024-09-15,33,Tier2,Paid Ads
C01420,2024-11-10,66,Tier1,Organic
C01421,2024-07-09,18,Tier1,Organic
C01422,2024-03-24,42,Tier1,Paid Ads
C01423,2025-05-12,50,Tier3,Social
C01424,2024-01-07,21,Tier3,Organic
C01425,2024-06-27,54,Tier1,Social
C01426,2025-07-11,28,Tier2,Social
C01427,2025-02-06,56,Tier3,Referral
C01428,2025-04-15,46,Tier3,Social
C01429,2025-03-07,38,Tier1,Referral
C01430,2024-02-21,54,Tier2,Paid Ads
C01431,2024-03-14,43,Tier1,Referral
C01432,2025-07-07,60,Tier2,Referral
C01433,2025-02-01,54,Tier1,Paid Ads
C01434,2024-11-11,18,Tier2,Paid Ads
C01435,2025-04-19,18,Tier2,Social
C01436,2024-07-06,58,Tier2,Referral
C01437,2024-12-19,53,Tier3,Organic
C01438,2025-01-13,19,Tier2,Organic
C01439,2024-05-01,38,Tier2,Organic
C01440,2024-08-05,56,Tier1,Paid Ads
C01441,2024-04-18,63,Tier2,Social
C01442,2024-02-08,25,Tier2,Organic
C01443,2025-02-26,39,Tier1,Paid Ads
C01444,2024-10-06,30,Tier1,Paid Ads
C01445,2024-06-08,31,Tier1,Referral
C01446,2025-01-27,52,Tier1,Paid Ads
C01447,2024-01-19,60,Tier2,Organic
C01448,2024-12-17,28,Tier2,Paid Ads
C01449,2024-03-15,23,Tier3,Social
C01450,2024-07-15,62,Tier1,Organic
C01451,2024-03-05,41,Tier2,Referral
C01452,2024-11-15,65,Tier2,Paid Ads
C01453,2024-11-05,63,Tier1,Social
C01454,2024-02-15,67,Tier2,Referral
C01455,2025-06-05,30,Tier2,Paid Ads
C01456,2024-02-14,48,Tier2,Organic
C01457,2024-09-16,32,Tier3,Referral
C01458,2025-03-20,28,Tier2,Social
C01459,2025-04-06,67,Tier2,Referral
C01460,2025-07-05,41,Tier2,Social
C01461,2024-09-23,55,Tier1,Organic
C01462,2024-07-07,18,Tier3,Organic
C01463,2025-04-21,41,Tier1,Social
C01464,2025-04-19,47,Tier1,Social
C01465,2025-05-30,41,Tier3,Referral
C01466,2025-07-01,41,Tier3,Paid Ads
C01467,2024-12-02,66,Tier3,Referral
C01468,2024-07-16,56,Tier1,Organic
C01469,2024-12-12,59,Tier1,Referral
C01470,2024-06-29,59,Tier2,Referral
C01471,2024-08-16,59,Tier1,Paid Ads
C01472,2024-01-16,44,Tier1,Paid Ads
C01473,2025-06-26,37,Tier2,Social
C01474,2024-05-24,26,Tier1,Paid Ads
C01475,2024-05-19,56,Tier2,Referral
C01476,2025-03-25,33,Tier1,Organic
C01477,2025-07-19,54,Tier1,Social
C01478,2024-02-27,50,Tier3,Referral
C01479,2024-10-20,27,Tier1,Social
C01480,2025-02-27,30,Tier1,Referral
C01481,2024-10-08,36,Tier3,Referral
C01482,2025-07-03,18,Tier3,Organic
C01483,2024-02-17,22,Tier1,Paid Ads
C01484,2024-11-26,40,Tier3,Referral
C01485,2025-06-17,26,Tier1,Organic
C01486,2025-01-16,54,Tier1,Organic
C01487,2024-12-12,53,Tier1,Referral
C01488,2024-06-17,38,Tier3,Paid Ads
C01489,2024-02-01,68,Tier1,Paid Ads
C01490,2024-01-10,27,Tier1,Paid Ads
C01491,2024-09-28,32,Tier1,Organic
C01492,2024-09-12,51,Tier3,Social
C01493,2024-12-25,27,Tier1,Organic
C01494,2024-03-08,32,Tier1,Referral
C01495,2025-09-28,34,Tier2,Organic
C01496,2025-01-04,49,Tier2,Referral
C01497,2025-05-17,26,Tier2,Organic
C01498,2024-12-26,23,Tier1,Organic
C01499,2025-03-01,19,Tier1,Social
C01500,2024-12-07,20,Tier2,Referral
C01501,2025-05-25,27,Tier3,Paid Ads
C01502,2024-05-29,49,Tier1,Social
C01503,2025-09-05,67,Tier1,Organic
C01504,2024-07-25,22,Tier1,Referral
C01505,2024-03-08,60,Tier3,Organic
C01506,2025-01-12,51,Tier1,Organic
C01507,2024-07-30,21,Tier2,Paid Ads
C01508,2024-02-15,65,Tier1,Referral
C01509,2025-05-13,46,Tier2,Paid Ads
C01510,2025-09-24,24,Tier1,Paid Ads
C01511,2025-07-10,59,Tier2,Referral
C01512,2025-04-01,19,Tier2,Social
C01513,2024-06-17,48,Tier2,Paid Ads
C01514,2024-07-28,65,Tier1,Social
C01515,2024-11-05,54,Tier3,Organic
C01516,2024-02-17,27,Tier1,Paid Ads
C01517,2024-05-11,33,Tier2,Referral
C01518,2024-10-20,35,Tier3,Paid Ads
C01519,2024-11-09,57,Tier1,Social
C01520,2024-12-03,36,Tier3,Social
C01521,2025-02-14,39,Tier1,Organic
C01522,2025-05-25,47,Tier2,Organic
C01523,2024-02-07,64,Tier1,Social
C01524,2024-08-29,57,Tier1,Paid Ads
C01525,2025-08-18,38,Tier3,Social
C01526,2025-01-27,26,Tier1,Organic
C01527,2025-03-21,55,Tier2,Referral
C01528,2024-09-29,36,Tier2,Organic
C01529,2024-07-21,27,Tier3,Organic
C01530,2025-06-01,65,Tier1,Social
C01531,2024-07-04,30,Tier2,Referral
C01532,2024-01-13,49,Tier3,Social
C01533,2024-01-05,33,Tier2,Referral
C01534,2025-03-07,60,Tier2,Paid Ads
C01535,2024-09-11,32,Tier3,Social
C01536,2024-03-21,50,Tier3,Referral
C01537,2024-10-27,63,Tier2,Paid Ads
C01538,2024-09-20,28,Tier1,Paid Ads
C01539,2025-06-11,36,Tier1,Social
C01540,2025-04-04,26,Tier3,Referral
C01541,2025-07-13,25,Tier1,Social
C01542,2025-06-28,18,Tier1,Paid Ads
C01543,2024-04-11,64,Tier2,Referral
C01544,2025-03-26,18,Tier1,Referral
C01545,2024-09-06,36,Tier1,Organic
C01546,2024-08-08,29,Tier2,Organic
C01547,2024-06-08,56,Tier2,Referral
C01548,2024-11-17,26,Tier3,Referral
C01549,2024-08-15,55,Tier2,Paid Ads
C01550,2025-09-03,57,Tier2,Referral
C01551,2024-01-26,50,Tier1,Referral
C01552,2025-03-01,37,Tier2,Organic
C01553,2024-10-11,35,Tier3,Social
C01554,2024-12-08,29,Tier2,Referral
C01555,2025-02-15,42,Tier2,Social
C01556,2024-01-13,42,Tier2,Organic
C01557,2024-12-02,40,Tier1,Paid Ads
C01558,2024-03-17,31,Tier2,Paid Ads
C01559,2025-08-03,43,Tier1,Social
C01560,2025-05-11,32,Tier1,Paid Ads
C01561,2024-06-03,40,Tier1,Social
C01562,2024-01-13,59,Tier3,Social
C01563,2025-01-01,66,Tier2,Referral
C01564,2024-08-02,32,Tier2,Paid Ads
C01565,2025-02-17,41,Tier2,Paid Ads
C01566,2024-07-16,26,Tier3,Social
C01567,2024-10-15,27,Tier2,Paid Ads
C01568,2025-06-18,56,Tier3,Social
C01569,2024-07-24,27,Tier1,Referral
C01570,2024-02-12,27,Tier2,Organic
C01571,2024-09-22,20,Tier2,Referral
C01572,2024-04-11,29,Tier3,Organic
C01573,2024-01-07,40,Tier3,Organic
C01574,2024-11-09,68,Tier2,Paid Ads
C01575,2025-05-03,67,Tier3,Referral
C01576,2025-08-04,47,Tier1,Social
C01577,2024-01-04,62,Tier2,Referral
C01578,2025-04-14,52,Tier1,Social
C01579,2024-12-30,52,Tier2,Social
C01580,2024-05-19,50,Tier1,Referral
C01581,2024-03-07,51,Tier1,Paid Ads
C01582,2024-11-20,23,Tier1,Organic
C01583,2025-04-15,35,Tier2,Referral
C01584,2024-10-06,23,Tier3,Paid Ads
C01585,2024-06-03,29,Tier1,Organic
C01586,2025-04-23,43,Tier3,Paid Ads
C01587,2025-05-06,59,Tier1,Social
C01588,2024-09-18,46,Tier2,Organic
C01589,2025-08-11,42,Tier2,Paid Ads
C01590,2025-08-06,35,Tier2,Organic
C01591,2025-05-31,21,Tier1,Referral
C01592,2024-10-23,36,Tier1,Paid Ads
C01593,2025-07-11,66,Tier3,Paid Ads
C01594,2024-11-08,36,Tier1,Paid Ads
C01595,2025-08-24,40,Tier1,Social
C01596,2025-06-28,44,Tier2,Organic
C01597,2024-03-05,64,Tier3,Paid Ads
C01598,2024-10-06,43,Tier3,Social
C01599,2025-07-01,66,Tier3,Paid Ads
C01600,2024-12-24,56,Tier1,Organic
C01601,2025-07-20,20,Tier2,Paid Ads
C01602,2025-02-26,41,Tier3,Social
C01603,2024-03-17,44,Tier3,Paid Ads
C01604,2025-03-02,43,Tier1,Social
C01605,2025-06-28,67,Tier3,Referral
C01606,2024-07-23,53,Tier3,Paid Ads
C01607,2025-04-04,28,Tier1,Organic
C01608,2025-03-03,48,Tier1,Referral
C01609,2024-01-31,64,Tier3,Paid Ads
C01610,2025-09-06,24,Tier1,Paid Ads
C01611,2025-07-11,30,Tier3,Referral
C01612,2025-02-24,30,Tier1,Organic
C01613,2024-12-02,66,Tier3,Organic
C01614,2025-08-27,22,Tier3,Paid Ads
C01615,2024-03-08,49,Tier2,Referral
C01616,2024-04-11,46,Tier3,Organic
C01617,2024-03-23,53,Tier1,Organic
C01618,2024-01-26,20,Tier2,Paid Ads
C01619,2025-05-18,63,Tier2,Organic
C01620,2024-07-12,55,Tier2,Social
C01621,2024-01-26,18,Tier1,Organic
C01622,2024-06-05,42,Tier2,Referral
C01623,2024-02-13,27,Tier2,Referral
C01624,2024-04-30,49,Tier2,Referral
C01625,2025-08-23,63,Tier3,Social
C01626,2024-02-01,42,Tier2,Social
C01627,2024-11-20,34,Tier2,Paid Ads
C01628,2024-03-19,60,Tier3,Referral
C01629,2024-07-29,21,Tier1,Organic
C01630,2024-04-17,34,Tier3,Paid Ads
C01631,2025-03-26,45,Tier2,Social
C01632,2024-09-05,57,Tier1,Organic
C01633,2025-06-29,33,Tier3,Paid Ads
C01634,2024-11-27,59,Tier1,Organic
C01635,2024-02-20,69,Tier1,Referral
C01636,2024-02-26,57,Tier3,Organic
C01637,2024-12-23,28,Tier1,Paid Ads
C01638,2025-09-14,24,Tier2,Organic
C01639,2024-04-26,31,Tier1,Referral
C01640,2025-06-02,43,Tier2,Organic
C01641,2024-07-11,29,Tier2,Paid Ads
C01642,2024-11-17,53,Tier2,Social
C01643,2024-04-22,43,Tier2,Organic
C01644,2024-06-11,38,Tier2,Referral
C01645,2024-07-13,61,Tier1,Social
C01646,2024-05-05,45,Tier2,Referral
C01647,2024-12-19,61,Tier1,Referral
C01648,2025-07-20,18,Tier2,Organic
C01649,2024-10-02,18,Tier3,Organic
C01650,2025-07-02,53,Tier1,Paid Ads
C01651,2025-05-09,67,Tier2,Paid Ads
C01652,2025-05-07,58,Tier1,Organic
C01653,2025-06-15,43,Tier2,Referral
C01654,2025-03-07,46,Tier3,Social
C01655,2025-09-19,36,Tier3,Paid Ads
C01656,2024-08-22,31,Tier3,Organic
C01657,2024-09-01,68,Tier2,Organic
C01658,2024-07-04,48,Tier3,Organic
C01659,2025-01-06,69,Tier2,Paid Ads
C01660,2024-12-13,67,Tier1,Organic
C01661,2024-10-07,49,Tier1,Paid Ads
C01662,2024-09-25,20,Tier3,Referral
C01663,2024-03-10,40,Tier2,Paid Ads
C01664,2024-05-15,50,Tier3,Social
C01665,2025-08-30,21,Tier3,Organic
C01666,2024-06-25,43,Tier2,Referral
C01667,2024-07-27,50,Tier1,Social
C01668,2025-09-26,43,Tier2,Paid Ads
C01669,2024-08-03,18,Tier3,Referral
C01670,2024-07-26,59,Tier2,Social
C01671,2025-08-16,51,Tier2,Social
C01672,2025-06-23,65,Tier1,Referral
C01673,2025-06-17,50,Tier3,Social
C01674,2024-01-24,25,Tier2,Organic
C01675,2024-07-05,36,Tier2,Paid Ads
C01676,2025-04-22,34,Tier3,Paid Ads
C01677,2025-08-23,40,Tier3,Paid Ads
C01678,2024-11-15,34,Tier2,Organic
C01679,2025-03-06,21,Tier2,Paid Ads
C01680,2025-06-07,54,Tier1,Organic
C01681,2024-07-05,28,Tier3,Social
C01682,2024-06-24,51,Tier1,Social
C01683,2025-01-31,33,Tier1,Paid Ads
C01684,2024-05-22,60,Tier3,Social
C01685,2025-04-13,39,Tier1,Organic
C01686,2025-03-25,62,Tier2,Paid Ads
C01687,2025-06-09,29,Tier1,Referral
C01688,2024-01-31,66,Tier1,Referral
C01689,2025-05-31,42,Tier2,Referral
C01690,2025-03-01,48,Tier3,Paid Ads
C01691,2025-06-20,33,Tier3,Organic
C01692,2024-05-14,65,Tier3,Paid Ads
C01693,2024-10-28,46,Tier1,Organic
C01694,2025-08-13,30,Tier3,Organic
C01695,2024-02-28,50,Tier2,Paid Ads
C01696,2024-08-25,35,Tier3,Referral
C01697,2025-01-02,51,Tier3,Organic
C01698,2025-03-01,47,Tier1,Organic
C01699,2024-02-05,42,Tier3,Organic
C01700,2024-10-06,39,Tier2,Referral
C01701,2024-03-17,69,Tier2,Social
C01702,2024-01-13,60,Tier3,Referral
C01703,2025-05-30,30,Tier2,Organic
C01704,2025-02-13,41,Tier3,Organic
C01705,2024-11-15,42,Tier1,Organic
C01706,2025-03-17,32,Tier3,Social
C01707,2024-12-23,60,Tier3,Social
C01708,2025-01-03,46,Tier1,Organic
C01709,2024-02-04,24,Tier2,Referral
C01710,2024-11-03,56,Tier1,Referral
C01711,2024-07-17,18,Tier2,Social
C01712,2025-07-15,53,Tier2,Organic
C01713,2025-03-08,43,Tier3,Organic
C01714,2024-06-25,54,Tier1,Referral
C01715,2024-08-14,69,Tier1,Paid Ads
C01716,2025-04-30,48,Tier1,Organic
C01717,2024-08-21,27,Tier1,Organic
C01718,2024-04-02,19,Tier2,Organic
C01719,2024-02-04,18,Tier1,Paid Ads
C01720,2024-12-27,55,Tier1,Referral
C01721,2025-03-27,25,Tier1,Referral
C01722,2024-01-01,33,Tier3,Organic
C01723,2025-08-06,45,Tier2,Social
C01724,2025-01-20,43,Tier3,Referral
C01725,2024-10-22,42,Tier1,Organic
C01726,2024-07-11,29,Tier2,Organic
C01727,2025-07-21,59,Tier2,Paid Ads
C01728,2025-09-05,35,Tier1,Referral
C01729,2024-02-21,60,Tier2,Organic
C01730,2025-09-18,39,Tier1,Organic
C01731,2025-02-17,46,Tier3,Organic
C01732,2024-07-25,27,Tier1,Referral
C01733,2025-04-23,27,Tier2,Social
C01734,2024-07-02,64,Tier3,Paid Ads
C01735,2024-09-11,30,Tier1,Organic
C01736,2024-09-06,50,Tier2,Referral
C01737,2025-08-18,45,Tier3,Referral
C01738,2025-03-10,50,Tier1,Social
C01739,2024-10-16,64,Tier1,Organic
C01740,2025-09-23,35,Tier1,Referral
C01741,2024-06-01,68,Tier1,Organic
C01742,2024-10-20,19,Tier3,Organic
C01743,2024-02-14,35,Tier1,Referral
C01744,2025-04-01,52,Tier3,Referral
C01745,2024-04-27,21,Tier1,Social
C01746,2024-03-21,55,Tier2,Referral
C01747,2024-10-17,34,Tier2,Organic
C01748,2024-12-28,52,Tier1,Social
C01749,2025-06-07,68,Tier3,Paid Ads
C01750,2024-03-16,47,Tier2,Referral
C01751,2025-05-18,60,Tier1,Paid Ads
C01752,2024-09-18,58,Tier3,Referral
C01753,2024-02-05,61,Tier2,Social
C01754,2025-09-12,35,Tier3,Organic
C01755,2024-01-06,60,Tier2,Social
C01756,2025-07-22,63,Tier1,Social
C01757,2024-09-03,69,Tier2,Paid Ads
C01758,2024-10-18,45,Tier2,Organic
C01759,2025-06-08,60,Tier3,Organic
C01760,2024-09-12,58,Tier1,Referral
C01761,2024-10-08,45,Tier3,Paid Ads
C01762,2024-11-08,69,Tier2,Organic
C01763,2024-05-21,30,Tier2,Organic
C01764,2025-09-24,42,Tier3,Social
C01765,2024-11-09,55,Tier2,Referral
C01766,2024-02-01,49,Tier3,Paid Ads
C01767,2024-03-18,69,Tier1,Referral
C01768,2025-03-30,37,Tier1,Organic
C01769,2024-06-15,44,Tier2,Social
C01770,2024-04-17,22,Tier1,Social
C01771,2024-08-03,36,Tier2,Organic
C01772,2025-09-28,41,Tier1,Paid Ads
C01773,2025-02-17,34,Tier1,Social
C01774,2025-09-09,27,Tier3,Organic
C01775,2024-08-08,43,Tier2,Social
C01776,2025-05-15,33,Tier2,Social
C01777,2025-09-29,24,Tier2,Social
C01778,2024-03-23,46,Tier1,Referral
C01779,2024-06-24,43,Tier3,Organic
C01780,2025-09-18,47,Tier1,Paid Ads
C01781,2024-11-25,26,Tier3,Paid Ads
C01782,2024-06-21,22,Tier1,Referral
C01783,2024-10-12,27,Tier1,Organic
C01784,2024-10-16,46,Tier1,Paid Ads
C01785,2024-05-25,19,Tier2,Paid Ads
C01786,2024-06-23,21,Tier1,Paid Ads
C01787,2024-03-07,59,Tier1,Organic
C01788,2025-08-11,69,Tier3,Organic
C01789,2024-02-28,19,Tier3,Social
C01790,2025-06-21,61,Tier2,Referral
C01791,2024-07-10,27,Tier2,Paid Ads
C01792,2024-11-13,37,Tier2,Organic
C01793,2024-05-26,54,Tier1,Organic
C01794,2024-11-30,61,Tier2,Paid Ads
C01795,2025-05-21,38,Tier1,Paid Ads
C01796,2024-06-20,44,Tier3,Organic
C01797,2024-10-18,43,Tier2,Social
C01798,2025-04-19,48,Tier1,Social
C01799,2025-03-29,36,Tier1,Social
C01800,2025-08-04,45,Tier1,Paid Ads
C01801,2024-04-26,39,Tier2,Referral
C01802,2024-03-19,64,Tier1,Organic
C01803,2024-04-07,24,Tier1,Organic
C01804,2024-05-13,28,Tier2,Paid Ads
C01805,2024-02-14,58,Tier1,Paid Ads
C01806,2025-04-10,59,Tier2,Referral
C01807,2024-08-18,67,Tier1,Social
C01808,2024-10-12,48,Tier3,Social
C01809,2025-07-17,33,Tier1,Organic
C01810,2025-09-14,46,Tier3,Paid Ads
C01811,2024-05-01,18,Tier1,Paid Ads
C01812,2025-09-22,25,Tier3,Social
C01813,2025-01-20,53,Tier2,Organic
C01814,2025-03-12,60,Tier1,Paid Ads
C01815,2024-09-17,56,Tier1,Referral
C01816,2024-04-19,35,Tier3,Organic
C01817,2024-03-16,42,Tier1,Paid Ads
C01818,2024-03-21,53,Tier1,Organic
C01819,2024-12-27,22,Tier3,Paid Ads
C01820,2024-02-10,26,Tier2,Referral
C01821,2024-07-02,59,Tier2,Paid Ads
C01822,2024-08-26,23,Tier1,Social
C01823,2025-05-13,68,Tier2,Social
C01824,2024-03-06,68,Tier1,Paid Ads
C01825,2025-07-08,63,Tier3,Organic
C01826,2024-11-02,66,Tier2,Referral
C01827,2024-02-28,48,Tier2,Referral
C01828,2025-09-21,45,Tier3,Social
C01829,2024-06-02,23,Tier3,Organic
C01830,2025-04-10,42,Tier3,Social
C01831,2024-04-07,27,Tier1,Organic
C01832,2024-11-29,27,Tier1,Paid Ads
C01833,2024-09-08,43,Tier1,Social
C01834,2025-04-28,49,Tier2,Referral
C01835,2025-03-11,50,Tier3,Organic
C01836,2024-09-16,34,Tier1,Referral
C01837,2024-10-25,37,Tier3,Social
C01838,2024-01-11,34,Tier1,Paid Ads
C01839,2024-12-24,29,Tier2,Organic
C01840,2025-07-09,24,Tier1,Referral
C01841,2024-08-11,59,Tier3,Referral
C01842,2025-01-10,32,Tier1,Referral
C01843,2025-05-23,49,Tier2,Referral
C01844,2025-08-02,39,Tier1,Organic
C01845,2024-07-28,19,Tier2,Paid Ads
C01846,2025-03-12,54,Tier2,Referral
C01847,2024-09-06,45,Tier3,Paid Ads
C01848,2024-05-10,43,Tier1,Organic
C01849,2025-09-17,48,Tier2,Social
C01850,2024-01-15,27,Tier2,Social
C01851,2024-11-02,69,Tier1,Paid Ads
C01852,2024-11-11,46,Tier2,Social
C01853,2024-04-14,34,Tier1,Organic
C01854,2024-04-24,24,Tier3,Referral
C01855,2025-05-31,29,Tier3,Paid Ads
C01856,2024-02-17,27,Tier2,Social
C01857,2024-02-15,29,Tier3,Organic
C01858,2025-02-14,58,Tier1,Paid Ads
C01859,2024-06-14,64,Tier1,Organic
C01860,2024-05-08,36,Tier3,Referral
C01861,2024-11-20,35,Tier2,Paid Ads
C01862,2025-01-20,40,Tier1,Organic
C01863,2025-04-21,44,Tier1,Organic
C01864,2025-03-19,63,Tier2,Organic
C01865,2025-06-10,61,Tier2,Social
C01866,2024-10-23,23,Tier2,Organic
C01867,2024-10-02,21,Tier3,Referral
C01868,2024-08-01,43,Tier3,Social
C01869,2024-03-20,43,Tier3,Referral
C01870,2024-01-29,25,Tier2,Social
C01871,2024-10-05,69,Tier3,Social
C01872,2025-05-01,36,Tier1,Organic
C01873,2024-10-27,41,Tier1,Social
C01874,2024-01-07,21,Tier3,Paid Ads
C01875,2025-09-09,24,Tier1,Organic
C01876,2024-10-30,32,Tier2,Paid Ads
C01877,2024-09-04,44,Tier2,Referral
C01878,2024-09-27,62,Tier2,Referral
C01879,2025-06-27,45,Tier2,Social
C01880,2024-07-31,68,Tier3,Organic
C01881,2024-02-27,53,Tier1,Social
C01882,2025-03-25,46,Tier3,Referral
C01883,2024-08-22,62,Tier3,Paid Ads
C01884,2024-10-16,24,Tier2,Paid Ads
C01885,2024-11-21,18,Tier1,Social
C01886,2024-08-11,43,Tier1,Social
C01887,2024-07-21,58,Tier1,Organic
C01888,2024-10-28,43,Tier1,Referral
C01889,2025-05-14,22,Tier1,Social
C01890,2024-03-24,28,Tier1,Organic
C01891,2025-07-03,31,Tier1,Social
C01892,2024-01-15,64,Tier1,Referral
C01893,2024-05-11,42,Tier1,Social
C01894,2025-03-15,25,Tier1,Organic
C01895,2025-05-16,41,Tier2,Referral
C01896,2024-10-08,32,Tier2,Referral
C01897,2025-06-21,46,Tier3,Referral
C01898,2025-04-28,31,Tier3,Paid Ads
C01899,2024-03-05,64,Tier1,Paid Ads
C01900,2024-03-01,33,Tier2,Organic
C01901,2025-08-01,47,Tier1,Organic
C01902,2025-05-13,46,Tier1,Organic
C01903,2024-03-11,53,Tier2,Social
C01904,2024-03-28,58,Tier1,Social
C01905,2024-02-25,34,Tier2,Organic
C01906,2025-07-07,51,Tier3,Organic
C01907,2024-03-29,20,Tier2,Referral
C01908,2025-01-23,46,Tier2,Paid Ads
C01909,2024-01-01,39,Tier3,Organic
C01910,2024-04-28,24,Tier2,Organic
C01911,2024-04-04,38,Tier3,Social
C01912,2024-08-15,29,Tier2,Organic
C01913,2025-02-25,59,Tier1,Organic
C01914,2024-12-03,38,Tier2,Referral
C01915,2024-03-01,60,Tier3,Organic
C01916,2024-04-07,31,Tier3,Social
C01917,2025-04-13,37,Tier2,Paid Ads
C01918,2025-07-01,53,Tier2,Social
C01919,2025-05-26,46,Tier1,Referral
C01920,2025-09-03,66,Tier2,Paid Ads
C01921,2025-09-25,59,Tier2,Referral
C01922,2024-06-12,69,Tier3,Organic
C01923,2025-03-12,60,Tier2,Paid Ads
C01924,2024-11-07,58,Tier3,Organic
C01925,2024-09-04,19,Tier1,Paid Ads
C01926,2024-02-14,35,Tier2,Organic
C01927,2024-02-09,36,Tier1,Social
C01928,2024-05-21,40,Tier3,Organic
C01929,2024-11-23,36,Tier1,Paid Ads
C01930,2024-09-13,62,Tier2,Organic
C01931,2024-02-12,18,Tier2,Paid Ads
C01932,2024-11-12,47,Tier1,Social
C01933,2024-11-07,58,Tier2,Paid Ads
C01934,2025-07-13,18,Tier2,Referral
C01935,2024-05-28,29,Tier3,Organic
C01936,2024-01-10,18,Tier3,Social
C01937,2024-11-16,69,Tier3,Social
C01938,2024-06-25,56,Tier2,Paid Ads
C01939,2025-03-05,50,Tier2,Organic
C01940,2024-07-03,20,Tier3,Referral
C01941,2025-01-21,41,Tier2,Organic
C01942,2024-12-14,66,Tier2,Organic
C01943,2025-08-14,29,Tier2,Social
C01944,2024-09-20,31,Tier1,Organic
C01945,2024-10-13,43,Tier1,Organic
C01946,2024-11-05,36,Tier1,Social
C01947,2025-08-16,20,Tier2,Referral
C01948,2025-02-20,36,Tier3,Paid Ads
C01949,2024-11-22,20,Tier1,Social
C01950,2024-11-14,34,Tier2,Organic
C01951,2025-07-30,60,Tier1,Referral
C01952,2024-09-08,36,Tier1,Paid Ads
C01953,2024-07-16,50,Tier2,Social
C01954,2025-05-19,45,Tier2,Organic
C01955,2024-08-27,25,Tier2,Referral
C01956,2024-10-20,39,Tier1,Organic
C01957,2025-02-17,30,Tier2,Referral
C01958,2025-03-05,54,Tier3,Social
C01959,2025-04-02,52,Tier3,Social
C01960,2024-02-10,45,Tier3,Organic
C01961,2025-06-09,19,Tier1,Organic
C01962,2025-08-24,68,Tier2,Social
C01963,2024-05-16,28,Tier1,Social
C01964,2025-05-29,37,Tier1,Referral
C01965,2024-11-02,60,Tier1,Organic
C01966,2024-07-02,63,Tier2,Paid Ads
C01967,2025-04-13,69,Tier3,Organic
C01968,2024-03-19,19,Tier2,Social
C01969,2024-06-09,44,Tier1,Referral
C01970,2024-05-26,42,Tier2,Referral
C01971,2024-01-13,45,Tier1,Social
C01972,2024-04-14,18,Tier1,Organic
C01973,2024-09-11,38,Tier3,Referral
C01974,2024-12-20,23,Tier1,Paid Ads
C01975,2024-03-11,31,Tier1,Paid Ads
C01976,2025-06-01,62,Tier2,Referral
C01977,2024-10-27,52,Tier1,Referral
C01978,2025-03-02,34,Tier2,Paid Ads
C01979,2025-04-01,65,Tier1,Social
C01980,2024-11-19,46,Tier3,Social
C01981,2024-06-13,67,Tier2,Social
C01982,2025-06-20,22,Tier2,Paid Ads
C01983,2024-03-19,33,Tier1,Paid Ads
C01984,2024-08-08,61,Tier1,Referral
C01985,2024-08-15,20,Tier1,Social
C01986,2025-09-25,57,Tier2,Paid Ads
C01987,2024-07-11,62,Tier2,Social
C01988,2024-06-16,29,Tier2,Paid Ads
C01989,2024-11-22,56,Tier1,Organic
C01990,2025-01-07,66,Tier1,Organic
C01991,2025-06-28,42,Tier1,Social
C01992,2025-04-12,35,Tier3,Social
C01993,2024-01-29,39,Tier2,Organic
C01994,2025-03-15,63,Tier3,Organic
C01995,2024-02-11,58,Tier2,Referral
C01996,2025-06-05,63,Tier2,Organic
C01997,2024-09-23,46,Tier1,Referral
C01998,2025-04-01,67,Tier1,Referral
C01999,2024-12-23,64,Tier1,Referral
C02000,2024-04-18,62,Tier2,Organic
C02001,2025-08-05,61,Tier2,Paid Ads
C02002,2024-02-08,21,Tier1,Social
C02003,2024-09-09,49,Tier1,Social
C02004,2024-03-30,31,Tier3,Organic
C02005,2025-08-24,30,Tier1,Social
C02006,2025-04-26,31,Tier2,Social
C02007,2024-03-12,67,Tier2,Social
C02008,2024-01-18,57,Tier3,Organic
C02009,2024-11-23,66,Tier2,Social
C02010,2024-12-02,54,Tier2,Organic
C02011,2024-04-10,40,Tier2,Organic
C02012,2024-03-19,29,Tier2,Referral
C02013,2024-04-19,67,Tier2,Social
C02014,2024-02-10,50,Tier1,Referral
C02015,2025-09-06,63,Tier3,Social
C02016,2024-06-18,22,Tier3,Social
C02017,2024-12-21,46,Tier1,Paid Ads
C02018,2024-12-26,21,Tier1,Paid Ads
C02019,2025-06-26,40,Tier3,Referral
C02020,2024-11-27,42,Tier3,Organic
C02021,2025-01-12,55,Tier2,Referral
C02022,2024-03-15,18,Tier1,Organic
C02023,2024-09-30,53,Tier2,Organic
C02024,2025-02-14,60,Tier3,Social
C02025,2025-02-10,29,Tier2,Paid Ads
C02026,2025-06-16,34,Tier2,Organic
C02027,2024-05-09,40,Tier2,Referral
C02028,2024-11-24,34,Tier1,Social
C02029,2025-08-17,32,Tier1,Organic
C02030,2024-10-05,34,Tier2,Organic
C02031,2025-01-03,40,Tier3,Social
C02032,2024-08-22,50,Tier3,Paid Ads
C02033,2024-02-17,50,Tier2,Referral
C02034,2025-02-24,68,Tier1,Social
C02035,2024-07-13,51,Tier2,Paid Ads
C02036,2024-08-22,24,Tier1,Paid Ads
C02037,2024-06-04,37,Tier2,Paid Ads
C02038,2024-03-09,30,Tier2,Organic
C02039,2024-04-02,39,Tier2,Social
C02040,2024-10-17,43,Tier2,Social
C02041,2025-08-30,27,Tier1,Referral
C02042,2024-01-27,32,Tier3,Paid Ads
C02043,2025-08-23,63,Tier1,Referral
C02044,2025-08-25,45,Tier2,Social
C02045,2024-10-23,30,Tier3,Referral
C02046,2024-03-25,44,Tier2,Referral
C02047,2024-11-25,24,Tier2,Social
C02048,2025-05-01,30,Tier1,Social
C02049,2025-05-21,64,Tier1,Organic
C02050,2025-02-02,49,Tier1,Social
C02051,2024-10-03,27,Tier2,Referral
C02052,2024-03-17,40,Tier2,Paid Ads
C02053,2025-01-02,52,Tier1,Referral
C02054,2024-03-27,34,Tier3,Paid Ads
C02055,2024-05-21,67,Tier2,Referral
C02056,2024-06-01,44,Tier2,Paid Ads
C02057,2024-09-13,61,Tier1,Organic
C02058,2024-10-25,62,Tier3,Paid Ads
C02059,2025-09-05,43,Tier2,Social
C02060,2024-06-08,40,Tier2,Paid Ads
C02061,2025-05-10,43,Tier2,Social
C02062,2024-11-02,27,Tier1,Organic
C02063,2024-01-20,55,Tier2,Referral
C02064,2024-11-20,19,Tier2,Organic
C02065,2024-04-28,37,Tier2,Organic
C02066,2024-07-16,64,Tier2,Organic
C02067,2024-06-02,23,Tier2,Referral
C02068,2024-07-31,52,Tier3,Organic
C02069,2024-12-07,62,Tier1,Referral
C02070,2024-10-06,60,Tier2,Social
C02071,2024-05-07,68,Tier3,Organic
C02072,2024-01-04,48,Tier1,Paid Ads
C02073,2025-03-07,68,Tier1,Organic
C02074,2025-08-31,64,Tier2,Referral
C02075,2025-08-18,23,Tier1,Social
C02076,2024-12-08,63,Tier2,Referral
C02077,2025-07-13,65,Tier2,Organic
C02078,2024-02-18,39,Tier3,Social
C02079,2024-06-03,50,Tier1,Referral
C02080,2025-02-06,55,Tier2,Referral
C02081,2024-06-06,61,Tier1,Referral
C02082,2024-09-07,53,Tier3,Referral
C02083,2024-11-15,29,Tier1,Organic
C02084,2024-10-30,45,Tier1,Referral
C02085,2025-04-13,23,Tier2,Social
C02086,2024-11-12,65,Tier1,Paid Ads
C02087,2025-03-21,38,Tier1,Referral
C02088,2024-11-07,38,Tier2,Referral
C02089,2024-01-27,48,Tier3,Organic
C02090,2025-05-06,37,Tier1,Referral
C02091,2025-05-09,40,Tier3,Referral
C02092,2025-03-14,33,Tier3,Referral
C02093,2024-07-08,31,Tier1,Social
C02094,2024-11-28,31,Tier2,Organic
C02095,2025-09-14,34,Tier1,Paid Ads
C02096,2025-07-23,54,Tier2,Organic
C02097,2025-08-19,46,Tier2,Social
C02098,2024-10-25,67,Tier2,Paid Ads
C02099,2024-10-24,33,Tier3,Organic
C02100,2025-02-05,20,Tier3,Social
C02101,2024-01-17,38,Tier3,Social
C02102,2024-02-10,43,Tier2,Paid Ads
C02103,2024-04-15,54,Tier1,Referral
C02104,2024-12-19,41,Tier1,Social
C02105,2025-05-16,62,Tier2,Paid Ads
C02106,2025-01-27,22,Tier2,Referral
C02107,2024-02-17,68,Tier1,Paid Ads
C02108,2025-07-30,64,Tier3,Referral
C02109,2024-12-04,54,Tier1,Social
C02110,2024-04-21,23,Tier2,Social
C02111,2025-03-18,26,Tier3,Paid Ads
C02112,2024-06-09,49,Tier3,Organic
C02113,2024-09-09,28,Tier1,Referral
C02114,2025-06-08,26,Tier3,Social
C02115,2024-04-24,59,Tier2,Referral
C02116,2024-12-14,41,Tier1,Referral
C02117,2025-05-26,49,Tier2,Social
C02118,2025-05-12,64,Tier1,Social
C02119,2024-02-18,60,Tier2,Referral
C02120,2025-07-12,66,Tier1,Organic
C02121,2025-01-03,43,Tier1,Referral
C02122,2025-08-04,27,Tier1,Organic
C02123,2025-08-28,40,Tier1,Social
C02124,2024-08-29,44,Tier2,Social
C02125,2024-11-07,59,Tier1,Referral
C02126,2024-12-23,27,Tier1,Paid Ads
C02127,2024-05-28,40,Tier2,Organic
C02128,2025-03-23,66,Tier1,Organic
C02129,2025-07-25,19,Tier1,Paid Ads
C02130,2025-06-15,24,Tier2,Social
C02131,2024-09-13,38,Tier3,Organic
C02132,2025-06-22,51,Tier1,Social
C02133,2024-04-30,28,Tier3,Social
C02134,2024-07-07,65,Tier1,Paid Ads
C02135,2025-04-01,51,Tier2,Social
C02136,2024-08-30,64,Tier2,Social
C02137,2025-04-01,69,Tier3,Social
C02138,2025-02-03,44,Tier1,Organic
C02139,2024-06-12,38,Tier1,Organic
C02140,2024-08-05,38,Tier2,Social
C02141,2024-11-06,26,Tier2,Organic
C02142,2025-08-02,40,Tier1,Organic
C02143,2025-03-15,55,Tier2,Organic
C02144,2025-09-16,26,Tier1,Paid Ads
C02145,2024-03-12,27,Tier1,Social
C02146,2025-07-27,34,Tier1,Social
C02147,2024-03-04,37,Tier1,Organic
C02148,2024-04-17,22,Tier2,Paid Ads
C02149,2024-09-29,38,Tier2,Referral
C02150,2025-04-14,29,Tier2,Paid Ads
C02151,2024-10-22,67,Tier1,Referral
C02152,2024-04-12,30,Tier1,Paid Ads
C02153,2025-03-21,28,Tier1,Organic
C02154,2025-04-04,69,Tier1,Social
C02155,2025-09-08,43,Tier2,Social
C02156,2025-09-16,51,Tier1,Paid Ads
C02157,2024-04-09,28,Tier2,Referral
C02158,2025-01-20,26,Tier1,Referral
C02159,2024-02-14,24,Tier1,Social
C02160,2024-04-11,22,Tier1,Paid Ads
C02161,2024-10-14,36,Tier1,Referral
C02162,2024-08-03,19,Tier1,Organic
C02163,2024-03-09,22,Tier3,Paid Ads
C02164,2025-06-15,48,Tier1,Paid Ads
C02165,2024-08-29,50,Tier2,Social
C02166,2024-11-12,67,Tier3,Referral
C02167,2024-02-09,33,Tier1,Paid Ads
C02168,2025-04-02,27,Tier1,Paid Ads
C02169,2024-06-23,58,Tier1,Organic
C02170,2025-08-24,41,Tier2,Social
C02171,2024-08-14,27,Tier2,Paid Ads
C02172,2025-04-16,62,Tier1,Paid Ads
C02173,2024-11-13,60,Tier1,Organic
C02174,2024-11-27,51,Tier2,Organic
C02175,2025-05-08,68,Tier1,Referral
C02176,2025-04-15,41,Tier2,Referral
C02177,2024-03-07,34,Tier2,Paid Ads
C02178,2025-08-21,56,Tier2,Paid Ads
C02179,2024-02-15,30,Tier1,Social
C02180,2024-07-29,39,Tier1,Social
C02181,2024-09-02,54,Tier2,Paid Ads
C02182,2025-02-27,20,Tier3,Paid Ads
C02183,2024-01-12,67,Tier3,Social
C02184,2024-11-15,61,Tier2,Paid Ads
C02185,2025-03-04,66,Tier3,Organic
C02186,2024-05-07,25,Tier3,Social
C02187,2024-05-23,43,Tier1,Organic
C02188,2024-05-04,19,Tier1,Organic
C02189,2024-06-11,58,Tier2,Organic
C02190,2025-04-19,44,Tier2,Paid Ads
C02191,2025-05-14,62,Tier2,Referral
C02192,2024-04-11,19,Tier3,Paid Ads
C02193,2025-01-09,48,Tier2,Organic
C02194,2024-02-17,30,Tier3,Paid Ads
C02195,2024-07-01,20,Tier1,Social
C02196,2025-09-08,30,Tier1,Paid Ads
C02197,2024-09-29,57,Tier2,Referral
C02198,2024-12-05,50,Tier1,Social
C02199,2025-04-01,31,Tier1,Paid Ads
C02200,2025-08-23,41,Tier2,Paid Ads
C02201,2024-05-18,57,Tier1,Paid Ads
C02202,2024-11-14,53,Tier1,Organic
C02203,2025-04-03,46,Tier2,Social
C02204,2025-04-14,41,Tier2,Paid Ads
C02205,2024-04-28,29,Tier1,Referral
C02206,2024-10-26,23,Tier2,Social
C02207,2025-03-13,20,Tier2,Social
C02208,2024-09-28,48,Tier2,Social
C02209,2025-02-24,31,Tier1,Organic
C02210,2025-08-16,67,Tier1,Referral
C02211,2025-05-12,55,Tier1,Paid Ads
C02212,2024-02-20,26,Tier2,Organic
C02213,2024-01-02,58,Tier2,Referral
C02214,2024-05-16,23,Tier3,Referral
C02215,2024-04-25,60,Tier1,Organic
C02216,2024-09-25,48,Tier2,Paid Ads
C02217,2025-09-26,53,Tier1,Social
C02218,2024-01-27,45,Tier1,Organic
C02219,2024-02-26,49,Tier1,Organic
C02220,2024-06-10,19,Tier1,Organic
C02221,2024-11-23,18,Tier3,Organic
C02222,2024-09-21,31,Tier3,Social
C02223,2024-03-24,21,Tier2,Referral
C02224,2025-04-16,21,Tier1,Organic
C02225,2024-03-13,25,Tier1,Social
C02226,2025-09-02,29,Tier1,Paid Ads
C02227,2024-08-20,49,Tier2,Organic
C02228,2025-03-08,36,Tier3,Referral
C02229,2024-10-30,33,Tier1,Paid Ads
C02230,2024-09-18,18,Tier2,Paid Ads
C02231,2024-03-16,18,Tier3,Organic
C02232,2025-04-10,68,Tier3,Paid Ads
C02233,2024-07-06,29,Tier3,Organic
C02234,2025-06-24,68,Tier1,Social
C02235,2025-02-15,29,Tier2,Referral
C02236,2025-08-28,19,Tier2,Organic
C02237,2024-04-08,50,Tier2,Paid Ads
C02238,2025-05-28,58,Tier2,Organic
C02239,2024-05-05,57,Tier3,Paid Ads
C02240,2024-11-25,49,Tier1,Social
C02241,2024-02-26,28,Tier2,Paid Ads
C02242,2025-01-01,55,Tier1,Organic
C02243,2024-05-18,30,Tier3,Social
C02244,2024-04-25,65,Tier2,Paid Ads
C02245,2025-09-23,35,Tier2,Social
C02246,2025-09-09,43,Tier3,Organic
C02247,2025-04-18,31,Tier1,Organic
C02248,2025-08-16,20,Tier3,Paid Ads
C02249,2025-02-06,49,Tier1,Organic
C02250,2024-03-22,47,Tier2,Paid Ads
C02251,2024-06-17,32,Tier2,Social
C02252,2024-12-12,50,Tier2,Paid Ads
C02253,2024-05-29,51,Tier3,Organic
C02254,2025-05-10,50,Tier1,Social
C02255,2025-07-26,40,Tier1,Paid Ads
C02256,2025-01-30,65,Tier2,Organic
C02257,2024-05-06,41,Tier2,Social
C02258,2024-02-28,21,Tier1,Social
C02259,2024-10-26,47,Tier2,Referral
C02260,2024-08-13,37,Tier1,Paid Ads
C02261,2025-04-27,69,Tier3,Paid Ads
C02262,2024-12-29,19,Tier1,Social
C02263,2024-12-26,56,Tier1,Paid Ads
C02264,2024-03-27,60,Tier3,Referral
C02265,2024-02-08,37,Tier2,Paid Ads
C02266,2025-06-13,40,Tier1,Social
C02267,2025-01-19,56,Tier3,Paid Ads
C02268,2024-12-21,63,Tier2,Social
C02269,2025-06-04,47,Tier3,Referral
C02270,2025-06-06,34,Tier1,Organic
C02271,2025-08-26,57,Tier2,Social
C02272,2024-07-31,31,Tier3,Referral
C02273,2025-07-06,34,Tier1,Social
C02274,2025-04-29,21,Tier2,Paid Ads
C02275,2024-07-31,28,Tier2,Social
C02276,2024-06-02,47,Tier2,Referral
C02277,2024-01-19,25,Tier1,Referral
C02278,2024-04-07,40,Tier2,Referral
C02279,2025-03-04,66,Tier3,Paid Ads
C02280,2025-07-24,45,Tier1,Organic
C02281,2024-07-04,25,Tier2,Organic
C02282,2024-03-30,43,Tier2,Referral
C02283,2025-01-29,52,Tier1,Referral
C02284,2025-09-20,37,Tier2,Referral
C02285,2024-09-18,51,Tier1,Paid Ads
C02286,2025-05-09,34,Tier2,Paid Ads
C02287,2024-01-25,25,Tier2,Organic
C02288,2025-02-20,30,Tier2,Referral
C02289,2025-07-24,54,Tier1,Paid Ads
C02290,2024-07-12,56,Tier1,Referral
C02291,2025-01-03,19,Tier2,Organic
C02292,2024-08-09,48,Tier1,Paid Ads
C02293,2024-01-11,37,Tier3,Organic
C02294,2025-02-18,49,Tier1,Organic
C02295,2025-09-16,27,Tier1,Organic
C02296,2024-06-02,69,Tier2,Social
C02297,2025-09-17,37,Tier1,Social
C02298,2024-12-11,51,Tier1,Organic
C02299,2024-12-20,32,Tier2,Paid Ads
C02300,2024-06-10,23,Tier3,Organic
C02301,2025-04-26,50,Tier2,Paid Ads
C02302,2025-04-03,30,Tier1,Paid Ads
C02303,2025-06-23,45,Tier2,Paid Ads
C02304,2024-05-28,53,Tier1,Social
C02305,2024-01-10,37,Tier2,Referral
C02306,2024-12-18,25,Tier3,Social
C02307,2024-08-24,49,Tier3,Referral
C02308,2025-06-29,38,Tier3,Referral
C02309,2024-10-31,41,Tier3,Organic
C02310,2024-06-13,52,Tier3,Organic
C02311,2024-10-17,35,Tier2,Social
C02312,2024-11-26,66,Tier2,Organic
C02313,2024-10-11,42,Tier2,Referral
C02314,2024-05-25,47,Tier1,Organic
C02315,2024-12-11,28,Tier2,Social
C02316,2024-10-11,27,Tier1,Referral
C02317,2025-07-22,52,Tier3,Social
C02318,2024-01-09,30,Tier2,Social
C02319,2024-11-27,69,Tier1,Referral
C02320,2025-04-19,44,Tier1,Referral
C02321,2025-04-01,57,Tier1,Paid Ads
C02322,2024-09-29,25,Tier3,Referral
C02323,2025-04-09,69,Tier3,Paid Ads
C02324,2025-03-10,47,Tier3,Referral
C02325,2025-03-22,37,Tier2,Paid Ads
C02326,2024-07-04,54,Tier3,Organic
C02327,2025-07-07,19,Tier2,Referral
C02328,2025-01-22,37,Tier2,Organic
C02329,2025-01-10,52,Tier3,Organic
C02330,2024-02-23,18,Tier1,Referral
C02331,2024-12-14,61,Tier1,Referral
C02332,2024-06-19,37,Tier3,Referral
C02333,2025-09-19,67,Tier1,Social
C02334,2024-01-26,26,Tier1,Social
C02335,2025-07-24,60,Tier1,Organic
C02336,2025-03-09,18,Tier3,Social
C02337,2024-01-27,58,Tier1,Social
C02338,2024-10-14,59,Tier3,Paid Ads
C02339,2024-02-26,43,Tier2,Organic
C02340,2025-06-13,45,Tier2,Paid Ads
C02341,2024-08-26,37,Tier2,Organic
C02342,2024-03-09,40,Tier3,Paid Ads
C02343,2024-04-01,23,Tier3,Referral
C02344,2025-03-07,52,Tier3,Organic
C02345,2024-08-16,24,Tier2,Referral
C02346,2025-06-07,23,Tier1,Organic
C02347,2025-04-06,61,Tier1,Organic
C02348,2024-07-16,26,Tier3,Social
C02349,2024-02-04,60,Tier2,Social
C02350,2024-05-22,40,Tier2,Organic
C02351,2024-06-10,66,Tier3,Social
C02352,2024-06-03,49,Tier1,Social
C02353,2025-07-10,30,Tier1,Paid Ads
C02354,2024-01-25,42,Tier1,Paid Ads
C02355,2025-05-12,47,Tier1,Paid Ads
C02356,2025-09-09,53,Tier3,Paid Ads
C02357,2025-07-11,25,Tier2,Paid Ads
C02358,2024-12-04,37,Tier1,Social
C02359,2024-10-26,22,Tier3,Paid Ads
C02360,2025-05-05,24,Tier3,Social
C02361,2024-02-06,50,Tier1,Paid Ads
C02362,2024-10-12,53,Tier2,Social
C02363,2024-03-20,23,Tier2,Referral
C02364,2024-03-24,52,Tier1,Organic
C02365,2024-06-03,19,Tier3,Social
C02366,2025-02-23,60,Tier3,Referral
C02367,2025-06-10,38,Tier3,Social
C02368,2024-06-05,35,Tier2,Social
C02369,2024-02-02,58,Tier1,Social
C02370,2024-11-16,50,Tier3,Organic
C02371,2024-04-11,51,Tier1,Paid Ads
C02372,2024-06-20,35,Tier1,Organic
C02373,2025-05-21,62,Tier1,Social
C02374,2025-08-21,19,Tier1,Referral
C02375,2024-09-23,52,Tier1,Referral
C02376,2025-01-18,58,Tier1,Organic
C02377,2024-07-25,67,Tier1,Social
C02378,2024-04-07,42,Tier2,Organic
C02379,2025-08-01,41,Tier1,Paid Ads
C02380,2024-10-17,33,Tier3,Referral
C02381,2025-06-27,25,Tier1,Referral
C02382,2024-09-08,58,Tier1,Paid Ads
C02383,2025-04-09,62,Tier3,Paid Ads
C02384,2025-06-03,30,Tier1,Paid Ads
C02385,2024-01-13,30,Tier2,Organic
C02386,2025-09-13,20,Tier1,Referral
C02387,2024-04-24,36,Tier2,Paid Ads
C02388,2025-02-01,36,Tier1,Paid Ads
C02389,2024-10-04,45,Tier2,Social
C02390,2024-08-14,68,Tier1,Referral
C02391,2024-06-05,60,Tier1,Social
C02392,2025-08-20,43,Tier1,Referral
C02393,2024-01-06,54,Tier2,Referral
C02394,2024-04-16,62,Tier2,Referral
C02395,2024-01-23,68,Tier1,Organic
C02396,2024-07-21,41,Tier2,Paid Ads
C02397,2024-11-23,42,Tier2,Referral
C02398,2025-03-21,50,Tier2,Social
C02399,2024-12-21,62,Tier2,Social
C02400,2025-01-17,21,Tier2,Social
C02401,2025-06-11,29,Tier2,Paid Ads
C02402,2024-01-20,55,Tier3,Paid Ads
C02403,2024-02-04,38,Tier1,Referral
C02404,2025-09-03,55,Tier3,Social
C02405,2025-04-15,18,Tier1,Referral
C02406,2025-08-30,36,Tier1,Referral
C02407,2024-12-12,40,Tier2,Referral
C02408,2024-02-16,63,Tier3,Social
C02409,2024-12-29,57,Tier3,Paid Ads
C02410,2025-08-23,58,Tier2,Organic
C02411,2024-12-12,39,Tier2,Paid Ads
C02412,2024-08-06,51,Tier1,Organic
C02413,2024-06-22,45,Tier3,Social
C02414,2024-07-02,61,Tier3,Organic
C02415,2024-01-07,54,Tier1,Organic
C02416,2024-07-23,64,Tier1,Paid Ads
C02417,2024-12-25,26,Tier3,Referral
C02418,2024-08-01,53,Tier1,Social
C02419,2024-12-25,26,Tier2,Organic
C02420,2024-07-26,60,Tier2,Paid Ads
C02421,2024-01-16,46,Tier3,Referral
C02422,2024-03-30,60,Tier3,Organic
C02423,2025-08-15,35,Tier1,Social
C02424,2024-01-05,41,Tier3,Referral
C02425,2024-09-10,39,Tier2,Social
C02426,2024-11-07,64,Tier2,Organic
C02427,2024-07-13,69,Tier3,Organic
C02428,2025-08-17,53,Tier1,Organic
C02429,2024-09-24,33,Tier2,Paid Ads
C02430,2024-02-17,36,Tier2,Referral
C02431,2025-03-09,27,Tier3,Referral
C02432,2024-11-12,69,Tier2,Social
C02433,2024-10-11,43,Tier2,Organic
C02434,2025-07-16,30,Tier2,Referral
C02435,2024-01-03,26,Tier2,Referral
C02436,2025-08-02,46,Tier1,Referral
C02437,2024-01-09,36,Tier2,Social
C02438,2024-04-30,42,Tier1,Organic
C02439,2024-06-06,34,Tier1,Paid Ads
C02440,2024-10-17,35,Tier1,Social
C02441,2025-04-07,19,Tier1,Social
C02442,2025-07-16,29,Tier1,Referral
C02443,2025-04-08,43,Tier1,Referral
C02444,2024-04-15,65,Tier1,Referral
C02445,2025-02-03,66,Tier1,Paid Ads
C02446,2024-12-19,55,Tier1,Organic
C02447,2025-09-12,31,Tier3,Social
C02448,2024-01-08,31,Tier1,Paid Ads
C02449,2024-11-20,41,Tier1,Social
C02450,2025-04-11,50,Tier2,Organic
C02451,2024-01-16,40,Tier2,Organic
C02452,2025-06-30,41,Tier2,Referral
C02453,2024-11-09,44,Tier3,Paid Ads
C02454,2025-04-24,57,Tier2,Social
C02455,2025-06-14,38,Tier1,Paid Ads
C02456,2025-04-05,69,Tier2,Organic
C02457,2025-04-24,63,Tier2,Organic
C02458,2025-03-28,58,Tier2,Organic
C02459,2024-06-09,34,Tier2,Organic
C02460,2025-08-27,49,Tier2,Paid Ads
C02461,2025-05-06,52,Tier1,Paid Ads
C02462,2025-03-01,37,Tier3,Paid Ads
C02463,2024-11-10,46,Tier3,Referral
C02464,2024-08-18,63,Tier1,Referral
C02465,2025-04-01,26,Tier1,Organic
C02466,2025-03-27,59,Tier1,Paid Ads
C02467,2024-06-09,22,Tier1,Paid Ads
C02468,2024-09-18,28,Tier3,Referral
C02469,2025-02-23,68,Tier1,Paid Ads
C02470,2024-12-09,28,Tier3,Referral
C02471,2024-06-12,28,Tier2,Referral
C02472,2025-03-22,37,Tier2,Social
C02473,2024-02-05,26,Tier2,Paid Ads
C02474,2024-11-19,62,Tier3,Organic
C02475,2025-09-10,32,Tier1,Organic
C02476,2024-12-16,26,Tier2,Paid Ads
C02477,2024-09-10,25,Tier3,Organic
C02478,2025-05-24,22,Tier1,Social
C02479,2024-03-25,67,Tier3,Paid Ads
C02480,2025-03-30,31,Tier2,Social
C02481,2024-10-13,22,Tier2,Social
C02482,2024-11-21,39,Tier3,Organic
C02483,2024-03-14,27,Tier1,Organic
C02484,2024-05-05,49,Tier2,Social
C02485,2024-10-28,34,Tier3,Paid Ads
C02486,2025-08-03,36,Tier3,Referral
C02487,2024-03-04,68,Tier2,Referral
C02488,2024-09-03,41,Tier2,Referral
C02489,2024-02-05,19,Tier2,Paid Ads
C02490,2025-06-29,47,Tier3,Social
C02491,2025-01-25,66,Tier2,Paid Ads
C02492,2024-03-22,41,Tier2,Paid Ads
C02493,2025-05-18,55,Tier1,Organic
C02494,2024-10-29,54,Tier1,Referral
C02495,2024-01-04,25,Tier1,Paid Ads
C02496,2025-07-01,35,Tier1,Social
C02497,2025-01-23,33,Tier3,Paid Ads
C02498,2024-07-26,30,Tier2,Paid Ads
C02499,2025-06-16,55,Tier1,Social
C02500,2025-07-04,25,Tier2,Social
C02501,2024-10-03,38,Tier2,Social
C02502,2024-01-17,59,Tier1,Organic
C02503,2024-07-17,66,Tier3,Referral
C02504,2024-02-07,32,Tier3,Referral
C02505,2024-04-19,42,Tier1,Organic
C02506,2025-07-11,22,Tier2,Paid Ads
C02507,2025-06-13,30,Tier2,Social
C02508,2025-07-26,47,Tier1,Paid Ads
C02509,2025-08-05,45,Tier1,Referral
C02510,2024-09-05,34,Tier2,Social
C02511,2024-01-02,69,Tier1,Paid Ads
C02512,2024-12-29,26,Tier2,Social
C02513,2024-08-15,57,Tier3,Referral
C02514,2024-01-28,22,Tier3,Referral
C02515,2025-01-26,53,Tier2,Referral
C02516,2024-08-17,32,Tier2,Referral
C02517,2024-12-25,45,Tier2,Referral
C02518,2024-07-19,32,Tier1,Referral
C02519,2025-07-13,42,Tier1,Paid Ads
C02520,2025-03-06,32,Tier2,Organic
C02521,2025-08-12,49,Tier3,Organic
C02522,2025-08-30,48,Tier2,Organic
C02523,2024-11-04,19,Tier3,Referral
C02524,2024-10-26,36,Tier2,Organic
C02525,2024-01-02,61,Tier1,Organic
C02526,2025-08-25,61,Tier3,Referral
C02527,2025-09-09,58,Tier1,Organic
C02528,2024-07-17,32,Tier1,Organic
C02529,2024-01-15,50,Tier3,Social
C02530,2025-09-22,53,Tier2,Social
C02531,2024-04-16,48,Tier1,Social
C02532,2025-07-03,54,Tier2,Paid Ads
C02533,2024-02-01,55,Tier1,Organic
C02534,2024-06-19,36,Tier3,Paid Ads
C02535,2024-07-10,53,Tier2,Referral
C02536,2024-03-24,61,Tier1,Referral
C02537,2024-08-31,40,Tier2,Organic
C02538,2025-07-31,45,Tier3,Organic
C02539,2025-08-30,31,Tier1,Referral
C02540,2024-12-08,63,Tier3,Paid Ads
C02541,2024-02-08,33,Tier3,Paid Ads
C02542,2024-08-13,52,Tier1,Referral
C02543,2025-02-08,67,Tier2,Social
C02544,2024-10-24,20,Tier2,Organic
C02545,2024-04-19,49,Tier3,Organic
C02546,2024-10-07,64,Tier1,Organic
C02547,2025-02-08,23,Tier2,Social
C02548,2024-10-12,39,Tier3,Referral
C02549,2024-07-25,23,Tier1,Organic
C02550,2024-07-16,49,Tier3,Paid Ads
C02551,2024-03-18,47,Tier3,Organic
C02552,2025-01-30,58,Tier1,Paid Ads
C02553,2025-05-13,33,Tier2,Social
C02554,2024-10-03,49,Tier1,Referral
C02555,2025-04-27,21,Tier2,Social
C02556,2025-01-04,20,Tier3,Social
C02557,2024-08-11,34,Tier1,Social
C02558,2025-02-03,18,Tier2,Referral
C02559,2024-08-04,59,Tier2,Referral
C02560,2024-06-27,26,Tier1,Referral
C02561,2024-05-07,56,Tier2,Social
C02562,2024-07-26,65,Tier2,Paid Ads
C02563,2025-03-13,61,Tier1,Social
C02564,2025-01-31,23,Tier2,Organic
C02565,2024-07-27,64,Tier2,Social
C02566,2024-09-05,39,Tier3,Organic
C02567,2025-08-06,42,Tier1,Social
C02568,2024-09-01,37,Tier1,Referral
C02569,2024-01-29,44,Tier1,Social
C02570,2025-03-01,48,Tier1,Organic
C02571,2024-09-13,23,Tier2,Referral
C02572,2024-09-27,36,Tier1,Referral
C02573,2024-10-07,66,Tier2,Organic
C02574,2025-02-04,64,Tier2,Social
C02575,2025-07-12,52,Tier1,Paid Ads
C02576,2025-07-11,36,Tier2,Organic
C02577,2025-05-08,38,Tier1,Paid Ads
C02578,2025-06-27,64,Tier3,Organic
C02579,2025-07-29,47,Tier2,Organic
C02580,2024-08-28,22,Tier1,Social
C02581,2024-07-11,47,Tier2,Referral
C02582,2024-05-12,54,Tier3,Paid Ads
C02583,2024-12-05,33,Tier2,Social
C02584,2024-06-05,52,Tier2,Referral
C02585,2025-05-03,67,Tier1,Social
C02586,2025-07-23,49,Tier1,Referral
C02587,2025-01-27,69,Tier2,Paid Ads
C02588,2025-07-30,60,Tier3,Organic
C02589,2024-01-08,66,Tier1,Paid Ads
C02590,2024-05-16,49,Tier1,Social
C02591,2024-03-15,37,Tier1,Organic
C02592,2024-03-31,38,Tier3,Social
C02593,2024-11-20,59,Tier1,Organic
C02594,2025-05-12,32,Tier1,Referral
C02595,2025-08-26,67,Tier1,Social
C02596,2024-01-30,51,Tier2,Referral
C02597,2024-03-14,63,Tier3,Organic
C02598,2024-03-30,50,Tier1,Paid Ads
C02599,2024-10-22,35,Tier3,Referral
C02600,2025-08-07,29,Tier1,Social
C02601,2025-05-25,44,Tier3,Paid Ads
C02602,2025-06-21,54,Tier1,Organic
C02603,2025-09-06,44,Tier3,Social
C02604,2024-03-22,56,Tier3,Paid Ads
C02605,2024-01-24,21,Tier3,Paid Ads
C02606,2025-04-24,55,Tier2,Social
C02607,2024-06-10,25,Tier3,Paid Ads
C02608,2024-02-11,45,Tier3,Organic
C02609,2024-05-01,29,Tier1,Social
C02610,2024-09-01,27,Tier2,Referral
C02611,2025-04-07,53,Tier2,Paid Ads
C02612,2025-09-23,36,Tier2,Paid Ads
C02613,2025-02-20,39,Tier2,Referral
C02614,2025-05-01,37,Tier2,Social
C02615,2024-04-03,35,Tier3,Referral
C02616,2025-06-19,22,Tier2,Organic
C02617,2024-11-18,43,Tier2,Social
C02618,2025-06-08,62,Tier1,Referral
C02619,2025-01-05,29,Tier2,Referral
C02620,2025-05-01,69,Tier2,Organic
C02621,2024-08-20,21,Tier2,Organic
C02622,2024-10-30,37,Tier3,Organic
C02623,2024-10-23,32,Tier2,Social
C02624,2025-07-21,44,Tier1,Organic
C02625,2024-05-22,41,Tier3,Organic
C02626,2024-09-23,32,Tier3,Organic
C02627,2024-06-19,26,Tier1,Social
C02628,2025-02-17,45,Tier1,Paid Ads
C02629,2024-12-23,56,Tier1,Organic
C02630,2024-09-07,48,Tier1,Referral
C02631,2024-06-16,23,Tier3,Paid Ads
C02632,2025-06-13,58,Tier2,Organic
C02633,2024-05-22,34,Tier2,Paid Ads
C02634,2025-01-01,53,Tier1,Paid Ads
C02635,2024-02-15,21,Tier2,Social
C02636,2024-06-08,37,Tier2,Organic
C02637,2025-03-15,38,Tier3,Paid Ads
C02638,2024-08-09,68,Tier1,Paid Ads
C02639,2024-10-19,66,Tier3,Social
C02640,2024-11-23,39,Tier3,Paid Ads
C02641,2025-08-28,56,Tier2,Referral
C02642,2025-01-16,68,Tier1,Paid Ads
C02643,2025-02-04,53,Tier3,Organic
C02644,2025-06-28,62,Tier2,Referral
C02645,2024-02-14,57,Tier1,Social
C02646,2024-12-20,61,Tier1,Paid Ads
C02647,2025-07-28,49,Tier1,Paid Ads
C02648,2025-07-31,37,Tier2,Referral
C02649,2025-06-15,27,Tier1,Social
C02650,2024-10-14,33,Tier1,Social
C02651,2024-12-15,56,Tier3,Social
C02652,2025-03-09,32,Tier1,Referral
C02653,2025-06-07,64,Tier1,Organic
C02654,2024-06-10,23,Tier3,Organic
C02655,2024-08-07,32,Tier3,Paid Ads
C02656,2024-06-25,36,Tier1,Referral
C02657,2025-07-30,46,Tier3,Social
C02658,2024-07-13,47,Tier1,Referral
C02659,2025-04-01,64,Tier1,Paid Ads
C02660,2024-01-29,41,Tier2,Organic
C02661,2025-07-27,66,Tier3,Social
C02662,2025-05-23,66,Tier2,Paid Ads
C02663,2025-02-22,57,Tier1,Referral
C02664,2025-05-28,44,Tier2,Referral
C02665,2024-04-16,38,Tier3,Social
C02666,2024-06-01,42,Tier1,Paid Ads
C02667,2025-05-16,47,Tier1,Social
C02668,2024-03-30,42,Tier1,Referral
C02669,2025-01-18,27,Tier3,Social
C02670,2024-10-22,33,Tier3,Paid Ads
C02671,2024-02-19,23,Tier1,Organic
C02672,2025-06-30,45,Tier2,Organic
C02673,2024-03-19,57,Tier2,Referral
C02674,2025-07-19,56,Tier1,Social
C02675,2025-03-08,27,Tier1,Organic
C02676,2024-02-17,21,Tier2,Organic
C02677,2025-08-28,58,Tier1,Social
C02678,2024-12-09,58,Tier1,Social
C02679,2024-08-14,69,Tier3,Referral
C02680,2024-01-14,58,Tier2,Organic
C02681,2025-07-31,31,Tier1,Referral
C02682,2025-01-28,42,Tier1,Paid Ads
C02683,2024-05-31,37,Tier1,Referral
C02684,2024-10-22,42,Tier1,Paid Ads
C02685,2025-02-20,33,Tier1,Social
C02686,2025-08-14,56,Tier1,Referral
C02687,2025-08-14,47,Tier2,Referral
C02688,2024-11-11,40,Tier1,Paid Ads
C02689,2024-08-31,40,Tier1,Paid Ads
C02690,2025-06-30,31,Tier2,Referral
C02691,2024-05-11,19,Tier2,Organic
C02692,2025-05-04,45,Tier2,Paid Ads
C02693,2024-01-12,44,Tier2,Paid Ads
C02694,2024-06-17,56,Tier1,Organic
C02695,2025-03-21,36,Tier2,Paid Ads
C02696,2025-07-14,30,Tier1,Referral
C02697,2025-05-05,55,Tier3,Organic
C02698,2024-01-25,32,Tier1,Social
C02699,2025-07-19,61,Tier3,Social
C02700,2025-04-26,26,Tier2,Paid Ads
C02701,2024-07-31,19,Tier2,Organic
C02702,2024-02-17,60,Tier1,Referral
C02703,2024-10-12,35,Tier1,Referral
C02704,2025-09-01,33,Tier1,Paid Ads
C02705,2024-04-06,64,Tier1,Organic
C02706,2024-01-28,39,Tier2,Paid Ads
C02707,2024-07-13,45,Tier2,Organic
C02708,2025-07-09,65,Tier2,Social
C02709,2024-09-26,53,Tier3,Referral
C02710,2025-01-09,49,Tier1,Paid Ads
C02711,2025-03-05,34,Tier1,Paid Ads
C02712,2024-06-26,46,Tier3,Referral
C02713,2024-12-02,53,Tier2,Paid Ads
C02714,2025-09-07,61,Tier1,Social
C02715,2025-06-04,38,Tier3,Social
C02716,2024-07-16,55,Tier2,Social
C02717,2025-05-18,54,Tier1,Social
C02718,2025-08-19,56,Tier1,Paid Ads
C02719,2025-05-25,63,Tier3,Paid Ads
C02720,2024-03-04,18,Tier3,Organic
C02721,2024-04-20,49,Tier2,Referral
C02722,2025-03-03,57,Tier2,Referral
C02723,2025-06-03,25,Tier1,Social
C02724,2024-12-05,69,Tier2,Organic
C02725,2024-09-16,28,Tier3,Social
C02726,2025-02-03,19,Tier3,Organic
C02727,2025-01-07,44,Tier1,Referral
C02728,2025-04-08,43,Tier3,Referral
C02729,2024-10-29,61,Tier3,Social
C02730,2024-04-08,34,Tier1,Social
C02731,2024-11-08,30,Tier2,Paid Ads
C02732,2025-04-03,50,Tier3,Organic
C02733,2024-12-23,38,Tier1,Referral
C02734,2024-03-20,34,Tier1,Organic
C02735,2024-02-12,45,Tier3,Referral
C02736,2024-02-11,30,Tier1,Paid Ads
C02737,2025-03-23,29,Tier2,Referral
C02738,2024-10-01,29,Tier3,Referral
C02739,2024-05-09,35,Tier3,Referral
C02740,2024-01-31,40,Tier3,Organic
C02741,2025-03-13,21,Tier1,Organic
C02742,2025-07-09,64,Tier2,Social
C02743,2024-11-26,49,Tier1,Referral
C02744,2024-10-07,22,Tier3,Paid Ads
C02745,2025-03-25,43,Tier1,Social
C02746,2024-04-29,69,Tier1,Organic
C02747,2024-08-01,61,Tier1,Paid Ads
C02748,2025-09-25,33,Tier1,Organic
C02749,2025-06-14,22,Tier1,Organic
C02750,2024-11-21,44,Tier1,Referral
C02751,2024-07-16,38,Tier2,Referral
C02752,2024-09-26,27,Tier1,Paid Ads
C02753,2024-07-23,21,Tier3,Organic
C02754,2025-07-02,22,Tier2,Organic
C02755,2024-06-24,25,Tier1,Referral
C02756,2024-03-09,45,Tier3,Referral
C02757,2024-04-21,21,Tier1,Referral
C02758,2024-04-09,30,Tier2,Referral
C02759,2024-01-03,56,Tier2,Paid Ads
C02760,2024-07-21,56,Tier2,Organic
C02761,2025-05-08,58,Tier2,Paid Ads
C02762,2024-12-01,30,Tier3,Paid Ads
C02763,2025-06-07,65,Tier1,Referral
C02764,2024-05-10,62,Tier1,Paid Ads
C02765,2024-07-28,33,Tier3,Organic
C02766,2024-07-08,31,Tier2,Social
C02767,2024-08-28,67,Tier2,Paid Ads
C02768,2024-01-20,54,Tier3,Social
C02769,2024-07-05,47,Tier2,Paid Ads
C02770,2024-05-05,56,Tier3,Referral
C02771,2024-01-16,60,Tier1,Social
C02772,2025-03-08,64,Tier2,Referral
C02773,2025-02-18,26,Tier2,Paid Ads
C02774,2025-06-01,43,Tier1,Paid Ads
C02775,2025-08-30,19,Tier1,Referral
C02776,2025-08-16,29,Tier2,Social
C02777,2025-07-04,35,Tier1,Paid Ads
C02778,2024-04-05,52,Tier3,Social
C02779,2024-04-30,26,Tier2,Paid Ads
C02780,2025-01-05,67,Tier1,Referral
C02781,2024-07-03,38,Tier2,Organic
C02782,2024-12-16,23,Tier3,Paid Ads
C02783,2025-06-25,36,Tier1,Referral
C02784,2025-07-10,48,Tier1,Paid Ads
C02785,2024-06-16,25,Tier2,Referral
C02786,2025-06-24,18,Tier2,Paid Ads
C02787,2024-04-28,64,Tier3,Paid Ads
C02788,2025-06-06,62,Tier1,Social
C02789,2025-05-26,69,Tier1,Paid Ads
C02790,2025-06-09,56,Tier1,Referral
C02791,2024-05-24,36,Tier2,Social
C02792,2025-05-22,27,Tier1,Organic
C02793,2024-03-13,45,Tier2,Organic
C02794,2025-01-27,59,Tier3,Paid Ads
C02795,2025-05-08,20,Tier2,Paid Ads
C02796,2025-09-02,26,Tier1,Organic
C02797,2024-09-26,64,Tier2,Referral
C02798,2024-05-17,19,Tier1,Paid Ads
C02799,2025-06-18,67,Tier2,Referral
C02800,2024-06-06,53,Tier2,Social
C02801,2024-01-01,55,Tier1,Paid Ads
C02802,2024-02-17,65,Tier3,Referral
C02803,2025-03-10,18,Tier1,Social
C02804,2025-06-23,54,Tier1,Referral
C02805,2025-08-12,69,Tier1,Organic
C02806,2025-01-13,66,Tier1,Organic
C02807,2024-07-17,54,Tier1,Social
C02808,2025-08-12,57,Tier3,Organic
C02809,2025-02-24,34,Tier1,Organic
C02810,2025-08-18,68,Tier1,Referral
C02811,2024-06-17,68,Tier3,Organic
C02812,2024-11-09,64,Tier2,Paid Ads
C02813,2024-07-28,42,Tier2,Organic
C02814,2024-11-05,65,Tier1,Organic
C02815,2024-06-12,58,Tier2,Organic
C02816,2024-04-22,42,Tier2,Social
C02817,2025-01-20,34,Tier3,Social
C02818,2024-03-06,31,Tier2,Organic
C02819,2024-02-27,23,Tier1,Referral
C02820,2024-05-13,20,Tier3,Referral
C02821,2024-08-26,50,Tier2,Paid Ads
C02822,2024-12-30,61,Tier3,Organic
C02823,2024-09-19,69,Tier3,Social
C02824,2024-02-13,64,Tier2,Social
C02825,2024-12-29,26,Tier3,Social
C02826,2024-01-27,31,Tier2,Social
C02827,2025-01-29,65,Tier2,Referral
C02828,2025-04-09,45,Tier1,Social
C02829,2025-01-16,47,Tier1,Referral
C02830,2025-07-20,49,Tier2,Referral
C02831,2025-09-18,44,Tier2,Referral
C02832,2025-08-31,44,Tier2,Referral
C02833,2024-07-03,61,Tier1,Social
C02834,2024-07-28,22,Tier2,Social
C02835,2025-06-07,63,Tier1,Organic
C02836,2024-10-21,40,Tier1,Organic
C02837,2025-08-01,25,Tier3,Paid Ads
C02838,2024-01-06,25,Tier3,Paid Ads
C02839,2025-01-03,46,Tier2,Social
C02840,2024-03-22,50,Tier1,Social
C02841,2025-06-13,51,Tier3,Referral
C02842,2025-09-12,40,Tier1,Organic
C02843,2025-07-05,50,Tier1,Social
C02844,2024-01-04,67,Tier2,Organic
C02845,2024-05-24,51,Tier2,Social
C02846,2024-09-07,27,Tier1,Social
C02847,2025-05-14,37,Tier2,Referral
C02848,2024-02-19,51,Tier3,Organic
C02849,2024-09-25,44,Tier1,Organic
C02850,2025-08-29,65,Tier3,Referral
C02851,2025-07-07,23,Tier2,Social
C02852,2024-01-10,32,Tier2,Social
C02853,2024-10-15,18,Tier2,Social
C02854,2025-03-10,68,Tier3,Organic
C02855,2025-04-15,29,Tier2,Organic
C02856,2024-01-03,65,Tier2,Referral
C02857,2025-02-10,67,Tier3,Social
C02858,2024-04-29,36,Tier3,Organic
C02859,2024-03-19,29,Tier1,Referral
C02860,2024-09-12,65,Tier1,Social
C02861,2025-03-31,46,Tier2,Organic
C02862,2025-02-28,55,Tier3,Organic
C02863,2024-12-20,28,Tier2,Referral
C02864,2024-02-01,27,Tier1,Social
C02865,2025-08-31,57,Tier3,Paid Ads
C02866,2024-06-04,21,Tier3,Organic
C02867,2025-01-28,45,Tier2,Social
C02868,2024-01-28,37,Tier3,Referral
C02869,2024-10-25,67,Tier1,Social
C02870,2024-08-16,67,Tier3,Organic
C02871,2024-04-19,48,Tier3,Paid Ads
C02872,2024-10-02,18,Tier1,Social
C02873,2025-04-27,47,Tier2,Organic
C02874,2025-07-01,21,Tier2,Referral
C02875,2024-08-26,32,Tier3,Referral
C02876,2025-06-28,53,Tier2,Referral
C02877,2024-05-14,52,Tier3,Organic
C02878,2025-05-20,37,Tier2,Paid Ads
C02879,2024-03-26,67,Tier1,Organic
C02880,2024-12-11,61,Tier2,Paid Ads
C02881,2024-01-11,19,Tier1,Referral
C02882,2024-05-23,55,Tier1,Referral
C02883,2024-09-14,54,Tier1,Organic
C02884,2024-08-17,40,Tier2,Paid Ads
C02885,2025-07-10,50,Tier1,Referral
C02886,2024-10-23,53,Tier1,Paid Ads
C02887,2025-06-12,38,Tier2,Referral
C02888,2024-07-29,62,Tier1,Social
C02889,2024-09-14,62,Tier2,Referral
C02890,2025-06-25,62,Tier1,Organic
C02891,2025-01-28,23,Tier1,Organic
C02892,2025-05-24,30,Tier2,Social
C02893,2025-04-12,38,Tier1,Organic
C02894,2025-09-24,59,Tier2,Organic
C02895,2025-05-15,36,Tier3,Organic
C02896,2024-09-19,20,Tier1,Social
C02897,2025-07-27,66,Tier2,Paid Ads
C02898,2025-02-24,25,Tier1,Referral
C02899,2024-11-17,28,Tier1,Referral
C02900,2024-12-30,68,Tier3,Organic
C02901,2024-08-31,20,Tier1,Organic
C02902,2024-05-12,41,Tier2,Organic
C02903,2025-07-16,43,Tier2,Paid Ads
C02904,2024-01-21,65,Tier3,Social
C02905,2024-12-21,20,Tier2,Social
C02906,2024-03-21,68,Tier2,Organic
C02907,2025-08-19,44,Tier1,Social
C02908,2024-03-05,27,Tier3,Social
C02909,2024-02-22,56,Tier3,Social
C02910,2025-04-13,37,Tier2,Social
C02911,2024-07-16,26,Tier2,Organic
C02912,2025-01-01,25,Tier1,Social
C02913,2024-02-10,61,Tier1,Paid Ads
C02914,2025-04-05,56,Tier2,Organic
C02915,2024-09-14,25,Tier1,Paid Ads
C02916,2024-08-08,41,Tier1,Organic
C02917,2025-03-18,49,Tier1,Referral
C02918,2024-06-30,48,Tier3,Social
C02919,2025-04-14,27,Tier1,Paid Ads
C02920,2024-06-18,25,Tier2,Referral
C02921,2024-10-11,60,Tier3,Paid Ads
C02922,2024-11-04,51,Tier1,Paid Ads
C02923,2024-08-30,19,Tier3,Paid Ads
C02924,2024-04-06,63,Tier2,Social
C02925,2024-10-07,23,Tier2,Social
C02926,2025-06-23,44,Tier2,Social
C02927,2025-04-01,59,Tier2,Organic
C02928,2025-03-19,32,Tier1,Social
C02929,2024-09-05,36,Tier2,Referral
C02930,2025-04-24,35,Tier3,Referral
C02931,2024-04-25,45,Tier1,Paid Ads
C02932,2024-07-20,32,Tier2,Paid Ads
C02933,2025-08-07,46,Tier2,Referral
C02934,2024-02-23,58,Tier1,Social
C02935,2025-08-01,20,Tier2,Paid Ads
C02936,2025-06-12,19,Tier1,Social
C02937,2024-07-27,51,Tier3,Paid Ads
C02938,2024-10-25,38,Tier3,Referral
C02939,2024-01-04,63,Tier2,Paid Ads
C02940,2024-08-22,47,Tier1,Paid Ads
C02941,2024-07-24,32,Tier1,Referral
C02942,2025-06-12,22,Tier2,Organic
C02943,2025-03-03,46,Tier1,Social
C02944,2024-08-19,54,Tier2,Organic
C02945,2024-10-03,36,Tier2,Organic
C02946,2024-07-16,60,Tier2,Referral
C02947,2025-01-25,60,Tier1,Paid Ads
C02948,2024-04-23,40,Tier1,Social
C02949,2025-03-09,37,Tier1,Organic
C02950,2024-12-12,68,Tier2,Referral
C02951,2024-10-17,23,Tier3,Paid Ads
C02952,2025-05-19,50,Tier1,Paid Ads
C02953,2025-06-09,24,Tier1,Paid Ads
C02954,2024-12-22,62,Tier2,Paid Ads
C02955,2025-06-05,41,Tier3,Referral
C02956,2024-11-02,57,Tier2,Referral
C02957,2024-07-08,54,Tier3,Referral
C02958,2025-05-20,66,Tier1,Paid Ads
C02959,2024-04-03,34,Tier1,Social
C02960,2025-08-18,39,Tier1,Paid Ads
C02961,2025-01-17,61,Tier1,Paid Ads
C02962,2025-02-02,69,Tier2,Referral
C02963,2025-03-14,27,Tier1,Referral
C02964,2024-10-17,65,Tier2,Organic
C02965,2025-08-24,35,Tier2,Paid Ads
C02966,2024-05-23,45,Tier1,Referral
C02967,2024-08-01,32,Tier1,Paid Ads
C02968,2024-10-25,39,Tier3,Organic
C02969,2024-11-27,57,Tier3,Social
C02970,2024-08-04,20,Tier3,Referral
C02971,2025-03-30,50,Tier1,Social
C02972,2025-09-03,18,Tier3,Organic
C02973,2024-12-14,21,Tier2,Paid Ads
C02974,2024-12-18,19,Tier1,Referral
C02975,2024-08-04,41,Tier1,Organic
C02976,2025-02-24,45,Tier3,Social
C02977,2024-09-28,18,Tier3,Referral
C02978,2024-07-31,32,Tier1,Referral
C02979,2024-04-03,56,Tier2,Social
C02980,2025-05-19,25,Tier3,Organic
C02981,2025-01-01,65,Tier1,Paid Ads
C02982,2024-06-04,48,Tier2,Paid Ads
C02983,2025-08-23,62,Tier1,Paid Ads
C02984,2025-08-08,61,Tier1,Referral
C02985,2024-01-08,69,Tier3,Organic
C02986,2025-07-16,45,Tier1,Social
C02987,2024-07-01,22,Tier1,Paid Ads
C02988,2024-12-04,64,Tier3,Organic
C02989,2025-04-26,58,Tier3,Paid Ads
C02990,2024-05-17,30,Tier2,Paid Ads
C02991,2024-03-16,66,Tier2,Paid Ads
C02992,2024-03-17,40,Tier1,Organic
C02993,2024-10-15,33,Tier3,Paid Ads
C02994,2025-02-16,40,Tier2,Referral
C02995,2025-09-11,66,Tier2,Paid Ads
C02996,2025-07-07,38,Tier3,Paid Ads
C02997,2024-04-12,21,Tier1,Paid Ads
C02998,2025-08-10,40,Tier1,Social
C02999,2025-06-26,40,Tier3,Organic
C03000,2024-03-16,52,Tier3,Referral
