date,forecast_units,forecast_lower,forecast_upper,product_id,category
2026-07-01,35.44794489232327,30.929551248118667,40.3925147570016,P0001,Home & Kitchen
2026-07-02,31.918945760502297,27.12815860376448,36.63971391099457,P0001,Home & Kitchen
2026-07-03,28.128313146248118,23.559054007888857,33.183811957363865,P0001,Home & Kitchen
2026-07-04,25.12262608889698,20.07501853599839,29.626606277967444,P0001,Home & Kitchen
2026-07-05,26.115054884113828,21.08324741681638,30.913601150276943,P0001,Home & Kitchen
2026-07-06,30.86562521772744,26.173997738011096,35.72643010668112,P0001,Home & Kitchen
2026-07-07,35.78797805601143,30.669699958351,40.61103801512867,P0001,Home & Kitchen
2026-07-08,36.2682120458766,31.7168831963032,40.93543504520981,P0001,Home & Kitchen
2026-07-09,32.7178533619985,28.099150551727163,37.333310291940855,P0001,Home & Kitchen
2026-07-10,28.897670166152924,24.50693815906615,33.76459589209977,P0001,Home & Kitchen
2026-07-11,25.854208051665502,21.21198102034987,30.74666974876832,P0001,Home & Kitchen
2026-07-12,26.80076129434014,21.96025294879472,31.593120416701723,P0001,Home & Kitchen
2026-07-13,31.497639051342425,26.68240171361717,35.95230766201611,P0001,Home & Kitchen
2026-07-14,36.35892403882569,31.49549539246228,40.981588057899316,P0001,Home & Kitchen
2026-07-15,36.771310395092534,32.037627186828566,41.62633025445718,P0001,Home & Kitchen
2026-07-16,33.147065695563754,28.53687477453232,37.82017052562244,P0001,Home & Kitchen
2026-07-17,29.247834391256916,24.574397529520947,34.086998769324246,P0001,Home & Kitchen
2026-07-18,26.121159223958415,21.129090991114655,30.909935442762286,P0001,Home & Kitchen
2026-07-19,26.98143569173382,22.29910095206656,31.886434938513627,P0001,Home & Kitchen
2026-07-20,31.590159022804812,26.854260996487263,36.24692540636794,P0001,Home & Kitchen
2026-07-21,36.362661564756095,31.639452026996622,41.11882800268243,P0001,Home & Kitchen
2026-07-22,36.68692772005587,31.949409090269686,41.44067074191959,P0001,Home & Kitchen
2026-07-23,32.97653185982091,27.806610989253706,37.76845504165962,P0001,Home & Kitchen
2026-07-24,28.994416980256478,23.971539173634934,33.559116987109526,P0001,Home & Kitchen
2026-07-25,25.789391166381666,21.048847964527134,30.76337456514509,P0001,Home & Kitchen
2026-07-26,26.577057452863876,21.662069482279552,31.447671348523862,P0001,Home & Kitchen
2026-07-27,31.120037050076903,26.227884414269212,35.796000184585886,P0001,Home & Kitchen
2026-07-28,35.83468433402271,31.184237189067908,40.76727474514752,P0001,Home & Kitchen
2026-07-29,36.10988119400165,31.24640157884206,41.284228515912865,P0001,Home & Kitchen
2026-07-30,32.359956593072624,27.571775783812065,37.16853426360383,P0001,Home & Kitchen
2026-07-01,1.641376487296411,1.1194649296218002,2.1449977318843123,P0002,Grocery
2026-07-02,1.4502359871583215,0.9193970968173546,1.9476664808455215,P0002,Grocery
2026-07-03,1.1075920249542754,0.6020060398921153,1.6120534449164696,P0002,Grocery
2026-07-04,1.0339222687001985,0.5113427742053077,1.5385336734181545,P0002,Grocery
2026-07-05,1.0783563771187092,0.5558632707391794,1.5963336325494013,P0002,Grocery
2026-07-06,1.2579409983251444,0.7304439479176306,1.7511719909658159,P0002,Grocery
2026-07-07,1.6096066738691834,1.0777934789434347,2.131934463718429,P0002,Grocery
2026-07-08,1.674479346689032,1.1840614294627103,2.218331269336741,P0002,Grocery
2026-07-09,1.4763497309744646,0.9944736541360599,1.9684452183921515,P0002,Grocery
2026-07-10,1.1263204133865663,0.6305777198256657,1.6557711450167911,P0002,Grocery
2026-07-11,1.045002446051463,0.5453832390423089,1.5336764548176318,P0002,Grocery
2026-07-12,1.0816618120318404,0.5628652314213012,1.5493373474965495,P0002,Grocery
2026-07-13,1.253481904094299,0.7064678863140699,1.7726286396070134,P0002,Grocery
2026-07-14,1.5975279340636253,1.0882969741728787,2.102983954887635,P0002,Grocery
2026-07-15,1.655056021104888,1.134140767625487,2.1381468492571636,P0002,Grocery
2026-07-16,1.4499802646645226,0.9277212873156253,1.9551226776509532,P0002,Grocery
2026-07-17,1.093517716295405,0.5698739831232094,1.5802612211834703,P0002,Grocery
2026-07-18,1.0063830514825554,0.5204555148536654,1.5065925330170933,P0002,Grocery
2026-07-19,1.0379333581108545,0.5543005710441135,1.5654648298881588,P0002,Grocery
2026-07-20,1.2054292126077684,0.6840300702296164,1.7155797023473502,P0002,Grocery
2026-07-21,1.545997985116328,0.9934551662635155,2.0493614339127344,P0002,Grocery
2026-07-22,1.600942139267831,1.0588277465388878,2.136602152171166,P0002,Grocery
2026-07-23,1.3942058425281663,0.8896643208163882,1.9105118002964474,P0002,Grocery
2026-07-24,1.0370198042613492,0.5396002476948246,1.5357680413314323,P0002,Grocery
2026-07-25,0.9500961383645874,0.41336911916312413,1.4509418666579945,P0002,Grocery
2026-07-26,0.9827736557519573,0.47883122308541526,1.4893048568526934,P0002,Grocery
2026-07-27,1.1522797396296114,0.6780009188912675,1.6341639485805213,P0002,Grocery
2026-07-28,1.4956947205745377,1.0025039394944326,1.9988025771585665,P0002,Grocery
2026-07-29,1.5542614870549025,1.0278959197134865,2.0890001554239235,P0002,Grocery
2026-07-30,1.3518536125900447,0.8183489824545881,1.888353162142222,P0002,Grocery
2026-07-01,2.4103253589760785,1.8202478345428228,3.0059148730730634,P0003,Home & Kitchen
2026-07-02,2.179626250306533,1.6038961945678378,2.7675734738072006,P0003,Home & Kitchen
2026-07-03,1.6939135124420766,1.0972288393982583,2.2708669634912586,P0003,Home & Kitchen
2026-07-04,1.2708662282786194,0.6856991865598486,1.8712331649922112,P0003,Home & Kitchen
2026-07-05,1.482198138428837,0.8765565583934065,2.065694247583905,P0003,Home & Kitchen
2026-07-06,1.7731457795303827,1.1725471746449416,2.3656978675299905,P0003,Home & Kitchen
2026-07-07,2.198086306565842,1.592378983557177,2.804233417139246,P0003,Home & Kitchen
2026-07-08,2.22639879594772,1.6353299727802286,2.835019450127325,P0003,Home & Kitchen
2026-07-09,1.9933405116932632,1.3847759739287766,2.5779588158195965,P0003,Home & Kitchen
2026-07-10,1.5071768119052158,0.9115620568024593,2.0881335193423958,P0003,Home & Kitchen
2026-07-11,1.0857295832912426,0.522048491785188,1.713441444330114,P0003,Home & Kitchen
2026-07-12,1.300806778960536,0.7150025028157669,1.8964057675818244,P0003,Home & Kitchen
2026-07-13,1.5976862111353793,0.9969539639405596,2.224916982274152,P0003,Home & Kitchen
2026-07-14,2.0307304051601176,1.3762199668217872,2.5808535200583886,P0003,Home & Kitchen
2026-07-15,2.069246424156201,1.473528410711392,2.6762427065724697,P0003,Home & Kitchen
2026-07-16,1.8483622186730617,1.2620542801674566,2.4261566958812804,P0003,Home & Kitchen
2026-07-17,1.3761582075171102,0.7632276319263595,1.978968379583095,P0003,Home & Kitchen
2026-07-18,0.970218961868504,0.3736229714046006,1.6055395181915957,P0003,Home & Kitchen
2026-07-19,1.2020675078018084,0.5966886928541885,1.7733718333673492,P0003,Home & Kitchen
2026-07-20,1.5166552950559673,0.8785998687535511,2.1537973029996813,P0003,Home & Kitchen
2026-07-21,1.9679844937679485,1.422509805874504,2.5741509585026248,P0003,Home & Kitchen
2026-07-22,2.024976346124409,1.4524734959701195,2.6280169868386927,P0003,Home & Kitchen
2026-07-23,1.8223569122417522,1.2184099597771003,2.393387802759565,P0003,Home & Kitchen
2026-07-24,1.3677986740874242,0.7684243454109978,1.9681586810493963,P0003,Home & Kitchen
2026-07-25,0.9784826065938752,0.3969597129214627,1.6032413359505557,P0003,Home & Kitchen
2026-07-26,1.225542954487766,0.6131216497033531,1.82637898891013,P0003,Home & Kitchen
2026-07-27,1.5535674801163253,0.8969623010505086,2.1505486749010663,P0003,Home & Kitchen
2026-07-28,2.016229563176995,1.4351612379605407,2.636792696694796,P0003,Home & Kitchen
2026-07-29,2.082165608161969,1.4803261826344238,2.677638884599785,P0003,Home & Kitchen
2026-07-30,1.8858688448796124,1.3205386154087453,2.468829905052152,P0003,Home & Kitchen
2026-07-01,16.951626012913138,12.769098778704196,20.789703118755206,P0004,Home & Kitchen
2026-07-02,14.083411979484453,9.875892849610802,18.28233806284753,P0004,Home & Kitchen
2026-07-03,10.262417198610308,6.156705978444712,14.454392797652597,P0004,Home & Kitchen
2026-07-04,7.63935204035578,3.230316698016355,11.591417670917442,P0004,Home & Kitchen
2026-07-05,8.293522660978915,4.222419009456042,12.075078916026479,P0004,Home & Kitchen
2026-07-06,11.764600017788297,7.542721527482486,15.818896225515637,P0004,Home & Kitchen
2026-07-07,15.130037749536566,10.653183235556495,18.919655680100043,P0004,Home & Kitchen
2026-07-08,16.62147203252468,12.65536566705797,20.523409437999174,P0004,Home & Kitchen
2026-07-09,13.74674177143227,9.723012837714904,17.920270716839752,P0004,Home & Kitchen
2026-07-10,9.918792431961421,6.110288635379638,14.07353323282665,P0004,Home & Kitchen
2026-07-11,7.288662043725058,3.487560115082509,11.401654242596244,P0004,Home & Kitchen
2026-07-12,7.936024252937699,3.9841936809648937,11.780492704748843,P0004,Home & Kitchen
2026-07-13,11.400952041301975,7.435603516300323,15.690465197691475,P0004,Home & Kitchen
2026-07-14,14.761328376543387,10.810405876606142,18.54696687883835,P0004,Home & Kitchen
2026-07-15,16.24923699349692,12.05656454418889,20.55821489836071,P0004,Home & Kitchen
2026-07-16,13.372971827746971,9.31406804843691,17.395479378722122,P0004,Home & Kitchen
2026-07-17,9.545928645110203,5.649097611220128,13.83683406467841,P0004,Home & Kitchen
2026-07-18,6.919577698549032,2.6619386693075606,11.02871254399218,P0004,Home & Kitchen
2026-07-19,7.573992656848812,3.488305372905013,11.753813825819897,P0004,Home & Kitchen
2026-07-20,11.049599836233835,7.060071409894065,15.248773391260281,P0004,Home & Kitchen
2026-07-21,14.424574455663343,10.282210351199355,18.451191693306654,P0004,Home & Kitchen
2026-07-22,15.931217594743503,12.03103400062577,20.159190633475262,P0004,Home & Kitchen
2026-07-23,13.07795286872156,8.926262585422448,17.206461736029883,P0004,Home & Kitchen
2026-07-24,9.27820685035184,5.0990222269646575,13.289241413344605,P0004,Home & Kitchen
2026-07-25,6.683372536789026,2.392919406912661,10.784482649364344,P0004,Home & Kitchen
2026-07-26,7.373331534792481,3.1739205398166885,11.500318550028767,P0004,Home & Kitchen
2026-07-27,10.888199371838594,6.891810405506821,14.851672542657532,P0004,Home & Kitchen
2026-07-28,14.305720962833677,10.369972003296285,18.491644264846233,P0004,Home & Kitchen
2026-07-29,15.857650140267513,11.74250115948729,19.561200738592298,P0004,Home & Kitchen
2026-07-30,13.051752399827667,9.101455898087206,16.923786727277292,P0004,Home & Kitchen
2026-07-01,26.783711825693963,22.403701065063345,31.316241870811222,P0005,Home & Kitchen
2026-07-02,23.963167740387284,19.32043953122922,29.04584223378879,P0005,Home & Kitchen
2026-07-03,18.607636835198647,13.950177050612218,23.15692704163411,P0005,Home & Kitchen
2026-07-04,15.361099305691639,10.976273904089366,20.33516728762971,P0005,Home & Kitchen
2026-07-05,16.56603285697315,11.89282667036506,21.190578068041763,P0005,Home & Kitchen
2026-07-06,20.390164143739142,15.641344162180811,24.85442875803413,P0005,Home & Kitchen
2026-07-07,24.72256657577127,19.8334995967444,29.300598208183654,P0005,Home & Kitchen
2026-07-08,25.748468484463654,20.934932692242626,30.1918953385126,P0005,Home & Kitchen
2026-07-09,22.929397712967493,18.10202536663107,27.480513362975802,P0005,Home & Kitchen
2026-07-10,17.58394365618046,13.01977843213554,22.117488378849604,P0005,Home & Kitchen
2026-07-11,14.355981865285843,9.77498792267508,18.740864237739796,P0005,Home & Kitchen
2026-07-12,15.587652084499476,10.70575829712093,20.1884780875064,P0005,Home & Kitchen
2026-07-13,19.446117056337805,14.930933167323458,24.572298289291858,P0005,Home & Kitchen
2026-07-14,23.819674384187053,19.225192685585757,28.363678709593298,P0005,Home & Kitchen
2026-07-15,24.892585065096597,20.399685886329046,29.84341019668092,P0005,Home & Kitchen
2026-07-16,22.12524417921362,17.41427104280481,27.12147143353009,P0005,Home & Kitchen
2026-07-17,16.83497401056542,12.263877884426392,21.155903857759835,P0005,Home & Kitchen
2026-07-18,13.664283807412172,9.153941430591416,18.35915958069384,P0005,Home & Kitchen
2026-07-19,14.953886017937837,10.19411481815977,19.606082390798953,P0005,Home & Kitchen
2026-07-20,18.869495208353047,13.941489511884273,23.805302595166356,P0005,Home & Kitchen
2026-07-21,23.29798076307825,18.396963991356905,28.038376155970703,P0005,Home & Kitchen
2026-07-22,24.422235763475676,19.62972278281592,28.605003325435217,P0005,Home & Kitchen
2026-07-23,21.70138632813933,16.94707759799828,26.486192689151576,P0005,Home & Kitchen
2026-07-24,16.45162053265437,11.580570274213104,21.189285120304348,P0005,Home & Kitchen
2026-07-25,13.314480044834504,8.955098949727319,17.86590297599193,P0005,Home & Kitchen
2026-07-26,14.629903354838646,9.87872046187506,19.229706927284283,P0005,Home & Kitchen
2026-07-27,18.563045997055315,14.279660222050072,23.334306937480953,P0005,Home & Kitchen
2026-07-28,23.000448223928856,18.50003459484664,28.066068215954193,P0005,Home & Kitchen
2026-07-29,24.124912079958282,19.537018887116677,28.817367818542348,P0005,Home & Kitchen
2026-07-30,21.39571191547156,16.44084075107679,25.927039081042675,P0005,Home & Kitchen
2026-07-01,21.930744999451612,18.507931267642423,25.263904283693435,P0006,Electronics
2026-07-02,19.577107504628128,16.117488780439047,22.995187735002897,P0006,Electronics
2026-07-03,17.012001032484132,13.37456300019937,20.571041758595037,P0006,Electronics
2026-07-04,14.640803274647668,11.032002157837367,18.151265788525752,P0006,Electronics
2026-07-05,15.693998828442941,12.356262990726455,19.23689310445034,P0006,Electronics
2026-07-06,18.686339979741334,14.879431671852611,22.32494642874986,P0006,Electronics
2026-07-07,21.630067922647335,17.978315261429525,25.095710296137742,P0006,Electronics
2026-07-08,22.285249819923685,18.89794409362599,25.830803326805047,P0006,Electronics
2026-07-09,19.961424981880683,16.681013913939136,23.49204280539461,P0006,Electronics
2026-07-10,17.42802370530028,13.78768372532448,21.007019728664993,P0006,Electronics
2026-07-11,15.089372853480466,11.454253432866349,18.48068336213731,P0006,Electronics
2026-07-12,16.1748086693616,12.543856769717992,19.864116588398783,P0006,Electronics
2026-07-13,19.19786738167396,15.590335323993134,22.640579366410538,P0006,Electronics
2026-07-14,22.169539063824498,18.717577264200294,25.632081579290325,P0006,Electronics
2026-07-15,22.848639303276563,19.353357987500637,26.226211245987944,P0006,Electronics
2026-07-16,20.5434910429951,17.016560806229162,24.166325467114603,P0006,Electronics
2026-07-17,18.022379175147584,14.648467498018778,21.396565265701213,P0006,Electronics
2026-07-18,15.68859098631186,12.386005104371506,19.170662641631825,P0006,Electronics
2026-07-19,16.770561971643918,13.252925476976118,20.249611156995158,P0006,Electronics
2026-07-20,19.781096636001983,16.255858677591494,23.100403261743356,P0006,Electronics
2026-07-21,22.73064886029841,19.462965288653294,26.370631975590356,P0006,Electronics
2026-07-22,23.37771559268485,19.80820711637255,26.711226631137336,P0006,Electronics
2026-07-23,21.0305355364032,17.277702665866247,24.39256692230316,P0006,Electronics
2026-07-24,18.457554851025254,15.001867037595183,21.888667240040213,P0006,Electronics
2026-07-25,16.06247254816186,12.236177846537442,19.66374801005105,P0006,Electronics
2026-07-26,17.074384838142308,13.77822966110402,20.59441904253131,P0006,Electronics
2026-07-27,20.006997951750698,16.317320142642128,23.688628851199788,P0006,Electronics
2026-07-28,22.87189409277218,18.885885474985425,26.519709256261834,P0006,Electronics
2026-07-29,23.428904530377064,20.02109466629073,27.236761830642465,P0006,Electronics
2026-07-30,20.98778191966397,17.540053580437235,24.31891348197594,P0006,Electronics
2026-07-01,13.912882706279653,9.809258190930723,17.725318807695267,P0007,Electronics
2026-07-02,10.696696781974861,6.725908945976136,14.869309655054307,P0007,Electronics
2026-07-03,6.62734474713298,2.626600249001799,10.692597974246333,P0007,Electronics
2026-07-04,4.396538781775952,0.1117844422245229,8.393087266579734,P0007,Electronics
2026-07-05,5.179899167651275,1.0208821739504221,9.358093612343648,P0007,Electronics
2026-07-06,8.924356773345941,4.813750375297237,12.982292872547633,P0007,Electronics
2026-07-07,12.79427507631281,8.8168001712576,16.725124443157696,P0007,Electronics
2026-07-08,14.100541756587676,10.116404844107205,18.246671090315143,P0007,Electronics
2026-07-09,10.985928973306045,6.839618070307031,15.170308455536706,P0007,Electronics
2026-07-10,7.021496075091893,2.9773108882902792,11.19505118426844,P0007,Electronics
2026-07-11,4.897061199781662,0.7105056320873624,8.695694319898886,P0007,Electronics
2026-07-12,5.786292841928223,1.6978234293447878,10.161040678890553,P0007,Electronics
2026-07-13,9.634161253850262,5.450238867384795,13.720540931421924,P0007,Electronics
2026-07-14,13.603110245598184,9.463505496871457,17.81154510613225,P0007,Electronics
2026-07-15,15.002198078750112,11.309780931790218,18.995111967785405,P0007,Electronics
2026-07-16,11.972505219539132,8.057552309002686,16.086198661631425,P0007,Electronics
2026-07-17,8.08358138976816,3.9449810675719013,12.271899384695379,P0007,Electronics
2026-07-18,6.023957126935597,1.9311884905119583,10.184759953802986,P0007,Electronics
2026-07-19,6.9662697941791585,2.639811740067291,11.208520557757172,P0007,Electronics
2026-07-20,10.854742905296103,6.81215564462102,14.96482800163359,P0007,Electronics
2026-07-21,14.851378498848298,10.798632607501236,19.191648011694777,P0007,Electronics
2026-07-22,16.265110617083,11.917755797900995,20.03123313511547,P0007,Electronics
2026-07-23,13.237217230823555,8.945959947948184,17.692349353606428,P0007,Electronics
2026-07-24,9.337762850997514,5.4612363645182755,13.46466612558431,P0007,Electronics
2026-07-25,7.256097077472839,3.0908805396088757,11.197926120106175,P0007,Electronics
2026-07-26,8.16595930213249,3.9787095130792154,12.211140638712983,P0007,Electronics
2026-07-27,12.012928940468221,7.864187855037374,16.12829953887664,P0007,Electronics
2026-07-28,15.960581655411254,11.738993956484173,20.223689065148108,P0007,Electronics
2026-07-29,17.31960056180624,13.336942039789138,21.37010055782303,P0007,Electronics
2026-07-30,14.23314086413443,10.11061437125469,17.95129693370894,P0007,Electronics
2026-07-01,15.356888664563764,11.963737314719285,19.050435099550587,P0008,Electronics
2026-07-02,12.659533062260994,9.100453424910652,16.342760123061282,P0008,Electronics
2026-07-03,8.896407206313832,5.210751500362401,12.351704656014086,P0008,Electronics
2026-07-04,6.296326331318776,2.456260374250623,10.128577559912799,P0008,Electronics
2026-07-05,7.723210601088047,4.194917538939778,11.281262486044406,P0008,Electronics
2026-07-06,10.894338394497726,6.82572134246787,14.788376586602046,P0008,Electronics
2026-07-07,14.28340551146427,10.339007885054729,17.976624588877467,P0008,Electronics
2026-07-08,15.094123466201552,11.26990283424585,18.751100563397046,P0008,Electronics
2026-07-09,12.358143178877153,8.72019757865327,16.222765142905303,P0008,Electronics
2026-07-10,8.551852828878074,4.819939581408756,12.424470141750929,P0008,Electronics
2026-07-11,5.90590913278419,1.9855347790821851,9.824542863130464,P0008,Electronics
2026-07-12,7.286155416340899,3.576873988863726,10.937687366412474,P0008,Electronics
2026-07-13,10.411818656590455,6.622331776620602,14.193332211851619,P0008,Electronics
2026-07-14,13.758511927660567,9.968213042389008,17.656722999490825,P0008,Electronics
2026-07-15,14.531777047446417,10.629517031646474,18.442270245165822,P0008,Electronics
2026-07-16,11.764955331765728,8.218819114897958,15.51073776269217,P0008,Electronics
2026-07-17,7.935936734923102,4.165463964230979,11.708423976544696,P0008,Electronics
2026-07-18,5.276648030705603,1.5046259412706653,9.353715159797428,P0008,Electronics
2026-07-19,6.653934630728891,2.9105390846134593,10.63801992671819,P0008,Electronics
2026-07-20,9.787729243067348,5.895420682209281,13.478910095194452,P0008,Electronics
2026-07-21,13.154034603374269,9.34560886398305,16.752467884303876,P0008,Electronics
2026-07-22,13.9584556206513,10.276540705134071,17.571457403366143,P0008,Electronics
2026-07-23,11.234069122431954,7.630471174935567,14.944236136298853,P0008,Electronics
2026-07-24,7.458181479179821,4.108239672248786,11.570298819811159,P0008,Electronics
2026-07-25,4.861834487818371,1.1381839962017384,8.48583254907572,P0008,Electronics
2026-07-26,6.310713568978045,2.5206338507462145,10.185864229344865,P0008,Electronics
2026-07-27,9.523350686965713,6.031556347200206,13.289490127529634,P0008,Electronics
2026-07-28,12.974148202114572,9.020095541460018,16.687140895754027,P0008,Electronics
2026-07-29,13.86695777682312,10.277575156962902,17.780704974439118,P0008,Electronics
2026-07-30,11.233001136354625,7.262422895906064,15.110213734564555,P0008,Electronics
2026-07-01,18.91240378622313,15.746953164332199,22.129878423893572,P0009,Apparel
2026-07-02,17.22879701000657,14.365544080449574,20.28635483430661,P0009,Apparel
2026-07-03,14.947410800209745,11.990780988421294,18.12580793208536,P0009,Apparel
2026-07-04,12.662719337667955,9.676238548479416,15.618398946679486,P0009,Apparel
2026-07-05,13.58042049452951,10.448256263189021,16.689345368405235,P0009,Apparel
2026-07-06,16.000629159849193,12.953390904951599,19.11400512821764,P0009,Apparel
2026-07-07,19.02109873702677,15.864812832284258,22.133529044673445,P0009,Apparel
2026-07-08,19.29832757805667,16.31422454999473,22.24464337154814,P0009,Apparel
2026-07-09,17.586230241566767,14.532629122015518,20.805278041037127,P0009,Apparel
2026-07-10,15.273809540470243,12.164934617514053,18.22016977657577,P0009,Apparel
2026-07-11,12.95658393732633,9.81564403428482,16.233534733840475,P0009,Apparel
2026-07-12,13.841353900748048,10.67017036449732,17.01983735981013,P0009,Apparel
2026-07-13,16.229359989829916,13.126501617912687,19.42353577194207,P0009,Apparel
2026-07-14,19.21946839096519,16.381190833631514,22.184667313690248,P0009,Apparel
2026-07-15,19.46924176370336,16.34049004858606,22.589507479034108,P0009,Apparel
2026-07-16,17.73357636085901,14.39475025881224,20.766698519077163,P0009,Apparel
2026-07-17,15.402342421837238,12.3890165705437,18.717702066519074,P0009,Apparel
2026-07-18,13.071783353649487,9.999832329192405,16.22660229781537,P0009,Apparel
2026-07-19,13.94925816525368,10.963897199486455,17.07070764578657,P0009,Apparel
2026-07-20,16.33638064356746,13.384953871391229,19.40039855262626,P0009,Apparel
2026-07-21,19.33219156657283,16.180554010670026,22.408944891444538,P0009,Apparel
2026-07-22,19.594222211887665,16.418526505418914,22.539926612232584,P0009,Apparel
2026-07-23,17.87713034895225,14.883863302026366,20.858058298329833,P0009,Apparel
2026-07-24,15.570345749399634,12.651610656363584,18.492728994795016,P0009,Apparel
2026-07-25,13.269480579451708,10.247191506495838,16.539256801402,P0009,Apparel
2026-07-26,14.181088806698062,10.922016919940257,17.29953449803091,P0009,Apparel
2026-07-27,16.60582760464151,13.632037200497892,19.62019094616318,P0009,Apparel
2026-07-28,19.64165638862807,16.760164044854346,22.83859067460335,P0009,Apparel
2026-07-29,19.9449309435264,16.969365984938797,23.13818989787495,P0009,Apparel
2026-07-30,18.26907292054662,15.236421379890622,21.38825724605806,P0009,Apparel
2026-07-01,27.046577914978467,21.765704447229773,32.42770472204362,P0010,Home & Kitchen
2026-07-02,23.4154476191555,17.868934121247054,28.948923125907527,P0010,Home & Kitchen
2026-07-03,17.314503730919323,11.601618130884452,23.007362201349377,P0010,Home & Kitchen
2026-07-04,13.736707161074122,8.170862229640338,19.371197305361047,P0010,Home & Kitchen
2026-07-05,15.254207990329089,10.002421850943861,21.28312615698348,P0010,Home & Kitchen
2026-07-06,20.13520426251838,14.708424467740556,25.451835299278635,P0010,Home & Kitchen
2026-07-07,25.089519662582163,19.748385617147775,30.913902928036006,P0010,Home & Kitchen
2026-07-08,25.656164988858514,19.943360754623285,31.290456606743046,P0010,Home & Kitchen
2026-07-09,22.081159644357804,16.838386985490573,27.604379074237578,P0010,Home & Kitchen
2026-07-10,16.038930429473638,10.376265805844001,21.258836851121583,P0010,Home & Kitchen
2026-07-11,12.521223785083448,6.799457049772214,18.24020783218646,P0010,Home & Kitchen
2026-07-12,14.099030656385981,8.770899223820225,19.587974183457284,P0010,Home & Kitchen
2026-07-13,19.039475216326608,13.422850743678394,24.395986648175356,P0010,Home & Kitchen
2026-07-14,24.05141909109637,18.41479879374449,29.461843410877687,P0010,Home & Kitchen
2026-07-15,24.673045288638484,19.24982306079817,30.263318829050213,P0010,Home & Kitchen
2026-07-16,21.149697472971393,15.567665396568605,26.57774617783052,P0010,Home & Kitchen
2026-07-17,15.155291428948301,9.48669087778996,20.726475119636405,P0010,Home & Kitchen
2026-07-18,11.681234582276852,6.145453229538425,17.317422230068654,P0010,Home & Kitchen
2026-07-19,13.298352624496156,7.623909137838732,18.65542414272404,P0010,Home & Kitchen
2026-07-20,18.27377452378279,13.291036031638582,24.304193507604396,P0010,Home & Kitchen
2026-07-21,23.316527770110177,18.03552808973282,29.059213413534234,P0010,Home & Kitchen
2026-07-22,23.96510841470552,18.682835086649334,29.52316843479692,P0010,Home & Kitchen
2026-07-23,20.46530205095165,14.799293783299827,25.705550704961112,P0010,Home & Kitchen
2026-07-24,14.491573211560091,9.161848743037153,20.033406835345158,P0010,Home & Kitchen
2026-07-25,11.035959786620143,5.838536237356399,16.60979855212054,P0010,Home & Kitchen
2026-07-26,12.66997233707808,7.005497171750754,18.06718130343248,P0010,Home & Kitchen
2026-07-27,17.66145047051951,11.932659407205911,22.835947366842053,P0010,Home & Kitchen
2026-07-28,22.720129047646473,16.92570903285321,28.320912930596528,P0010,Home & Kitchen
2026-07-29,23.385179706191362,17.533070798702596,28.615878156479685,P0010,Home & Kitchen
2026-07-30,19.903004754851302,13.963819020010844,25.71350037043197,P0010,Home & Kitchen
2026-07-01,25.262394865683675,21.840006699128022,28.544381453411543,P0011,Grocery
2026-07-02,23.30202230592282,20.080649499721904,26.44886122573726,P0011,Grocery
2026-07-03,19.867732335233363,16.598521995136494,23.19581606615211,P0011,Grocery
2026-07-04,18.260880434068465,15.079059446677011,21.5217021209104,P0011,Grocery
2026-07-05,18.790607350025425,15.413070934823836,21.810197015520853,P0011,Grocery
2026-07-06,21.65471568720112,18.549226601463594,24.796845801703416,P0011,Grocery
2026-07-07,24.217863590971795,20.96088015757177,27.595445573298875,P0011,Grocery
2026-07-08,24.96323403736184,21.747913340696016,28.14940572697013,P0011,Grocery
2026-07-09,23.009003621835,19.75011663597132,26.359459301364204,P0011,Grocery
2026-07-10,19.576451870868244,16.106726743984563,23.05869352182203,P0011,Grocery
2026-07-11,17.966178322843362,14.903989213607332,21.496752353751944,P0011,Grocery
2026-07-12,18.4867109706454,15.202281325802907,21.6269691236234,P0011,Grocery
2026-07-13,21.335402084369782,18.082682438968074,24.447518166701705,P0011,Grocery
2026-07-14,23.876636813493803,20.529232379081833,27.037160105578554,P0011,Grocery
2026-07-15,24.593512629514336,21.330080518495524,27.861896218515373,P0011,Grocery
2026-07-16,22.604313184381002,19.472797529338653,25.979759193552386,P0011,Grocery
2026-07-17,19.130617427762886,15.776464343615151,22.68625077623797,P0011,Grocery
2026-07-18,17.473511193113318,14.327288536868965,20.72542657834035,P0011,Grocery
2026-07-19,17.942184955462015,14.909619023569933,21.32626685536526,P0011,Grocery
2026-07-20,20.734814033009037,17.402935635168436,23.792800364812024,P0011,Grocery
2026-07-21,23.21674702420292,19.90280162134041,26.287618073948167,P0011,Grocery
2026-07-22,23.87216106026349,20.66991901033104,27.11390231141168,P0011,Grocery
2026-07-23,21.820508082214683,18.277250230931234,25.262429410028602,P0011,Grocery
2026-07-24,18.28459371512248,14.992950707148571,21.388333791369412,P0011,Grocery
2026-07-25,16.566756756941842,13.531106808132721,19.99154976116677,P0011,Grocery
2026-07-26,16.97743384715798,13.82883322096457,20.32416828462269,P0011,Grocery
2026-07-27,19.716006481287277,16.390124185731736,23.012122650893108,P0011,Grocery
2026-07-28,22.14895706388429,18.707151424515953,25.526649566587643,P0011,Grocery
2026-07-29,22.761493463405692,19.623589317249053,26.256060397947447,P0011,Grocery
2026-07-30,20.673967119236018,17.212380039173297,23.874801512705385,P0011,Grocery
2026-07-01,13.57692936610844,11.229321356492548,15.780032720259836,P0012,Electronics
2026-07-02,12.116672492794434,9.659323333649208,14.319463086256585,P0012,Electronics
2026-07-03,10.185593361825909,7.706104759413093,12.635788871901331,P0012,Electronics
2026-07-04,8.401961334177901,6.151279855744121,10.736932222306589,P0012,Electronics
2026-07-05,8.804759648337306,6.4506897550636255,11.035959337264895,P0012,Electronics
2026-07-06,11.130959612150685,8.69611605711034,13.360665367668657,P0012,Electronics
2026-07-07,13.008305965103307,10.715210902147474,15.38005973618256,P0012,Electronics
2026-07-08,14.046744276593023,11.821184175382779,16.45395672474942,P0012,Electronics
2026-07-09,12.555575262497127,10.321447251534723,14.848288324908573,P0012,Electronics
2026-07-10,10.590265119604446,8.317931777801702,12.934946163501197,P0012,Electronics
2026-07-11,8.769912993642361,6.494060600660069,11.15303133309445,P0012,Electronics
2026-07-12,9.134386476704549,6.870479317168726,11.432874315487744,P0012,Electronics
2026-07-13,11.421573958244178,9.045994247882179,13.65245686631306,P0012,Electronics
2026-07-14,13.260147258800233,10.948815251577468,15.726244270556904,P0012,Electronics
2026-07-15,14.260965991743564,11.922733362427348,16.36840273910007,P0012,Electronics
2026-07-16,12.734209127318309,10.259346827103519,14.958440305324286,P0012,Electronics
2026-07-17,10.736163447733666,8.552685421125217,13.067166343314634,P0012,Electronics
2026-07-18,8.886670578985271,6.495410355268645,11.354389379053494,P0012,Electronics
2026-07-19,9.226244031559812,6.8947461341418546,11.504047779635503,P0012,Electronics
2026-07-20,11.493305561315601,9.406596982157645,13.889858802121376,P0012,Electronics
2026-07-21,13.316934705385133,11.007310659635408,15.734635941468765,P0012,Electronics
2026-07-22,14.308263289444504,11.922231773664306,16.72045427071033,P0012,Electronics
2026-07-23,12.777600648613817,10.546285864410782,15.232909277979783,P0012,Electronics
2026-07-24,10.781219426260597,8.336475521059796,13.224927654612506,P0012,Electronics
2026-07-25,8.938803715456512,6.581483248795534,11.121075581900438,P0012,Electronics
2026-07-26,9.290570954155527,6.901766289489904,11.810110903422215,P0012,Electronics
2026-07-27,11.574516764488632,9.196417418520898,13.998957028195974,P0012,Electronics
2026-07-28,13.41917637261404,11.152384205850764,15.612431733702664,P0012,Electronics
2026-07-29,14.435034095125232,12.011814417474636,16.785293979340242,P0012,Electronics
2026-07-30,12.931666239492612,10.650666773343984,15.111851290999631,P0012,Electronics
2026-07-01,22.351730622842894,18.253470387925255,25.946794893030066,P0013,Sports
2026-07-02,20.454811217633235,16.293465532322312,24.389844526173718,P0013,Sports
2026-07-03,16.72835662410706,12.596287955535779,20.569583722346167,P0013,Sports
2026-07-04,14.506878034472471,10.389383601860827,18.393005762700174,P0013,Sports
2026-07-05,15.243874942056102,11.098095269061478,19.17564885647594,P0013,Sports
2026-07-06,19.45461964585956,15.83281118990549,23.451409669775913,P0013,Sports
2026-07-07,22.090100841686965,18.016652435161888,25.893569703541228,P0013,Sports
2026-07-08,23.075335248053268,19.240391204616103,26.956928619894107,P0013,Sports
2026-07-09,21.283212331813118,17.184939855523815,25.285205013831007,P0013,Sports
2026-07-10,17.66528104248419,13.444593732476282,21.544487566873265,P0013,Sports
2026-07-11,15.55329730277667,11.451176224874635,19.367836893563005,P0013,Sports
2026-07-12,16.39794530236338,12.618872955077254,20.393590344986578,P0013,Sports
2026-07-13,20.71169800737163,16.767829010102048,25.210504549678312,P0013,Sports
2026-07-14,23.442836914383452,19.613368754765432,27.37804683405968,P0013,Sports
2026-07-15,24.513837879436334,20.665613556847926,28.47034923729834,P0013,Sports
2026-07-16,22.795286010565892,18.761671907726043,26.65248047239228,P0013,Sports
2026-07-17,19.23672655722028,15.25018051212989,23.11257475671776,P0013,Sports
2026-07-18,17.168268724238047,13.461865015622745,21.045350908939753,P0013,Sports
2026-07-19,18.03935384687491,13.9454888909185,21.82566251428878,P0013,Sports
2026-07-20,22.361651982808947,18.320203653345917,26.309991580000464,P0013,Sports
2026-07-21,25.08310588855923,21.019406333620243,28.726856453508663,P0013,Sports
2026-07-22,26.126328473900482,22.060896293607676,30.1850834067031,P0013,Sports
2026-07-23,24.36251633472841,20.64383298234048,28.310048835568786,P0013,Sports
2026-07-24,20.742286268655505,16.707803324546866,24.56442878822338,P0013,Sports
2026-07-25,18.597252035301437,14.624107341008726,22.606899078782615,P0013,Sports
2026-07-26,19.378753486274416,15.509997225263618,23.13759490452773,P0013,Sports
2026-07-27,23.600703146267822,19.881055790362836,27.403115730710756,P0013,Sports
2026-07-28,26.21357054736331,22.091996464476097,30.31952092649004,P0013,Sports
2026-07-29,27.142712018099918,23.096873235012485,30.976836612778452,P0013,Sports
2026-07-30,25.26221036469943,21.18266006893592,28.863532291485242,P0013,Sports
2026-07-01,5.081881915929719,3.9441075817927778,6.23476609785751,P0014,Apparel
2026-07-02,4.454144654855221,3.3244541717522726,5.628856025341093,P0014,Apparel
2026-07-03,3.4705495450116333,2.261105801452197,4.647678950399568,P0014,Apparel
2026-07-04,2.670528416576732,1.5231963095860155,3.88551952400307,P0014,Apparel
2026-07-05,3.0141365470388273,1.7611083223808572,4.250432715366929,P0014,Apparel
2026-07-06,3.9292422342392728,2.776559073280518,5.0429681972859655,P0014,Apparel
2026-07-07,4.924148527518332,3.822867881431945,6.099930461322122,P0014,Apparel
2026-07-08,5.2440495154022635,4.094735658688255,6.420582960712671,P0014,Apparel
2026-07-09,4.618736081799439,3.4838068033838936,5.774189190680079,P0014,Apparel
2026-07-10,3.635208630793057,2.595758504189288,4.821114466307718,P0014,Apparel
2026-07-11,2.8328739595417987,1.6699770201019566,3.9226787547975888,P0014,Apparel
2026-07-12,3.171835779744346,1.945080544201932,4.30124587179159,P0014,Apparel
2026-07-13,4.080084389376921,3.018029580961397,5.2373909290735075,P0014,Apparel
2026-07-14,5.066116337766684,3.8740585776441847,6.235079949437024,P0014,Apparel
2026-07-15,5.375386516612037,4.219399166909559,6.627403919142573,P0014,Apparel
2026-07-16,4.738007685003809,3.612840482821623,5.920186200916534,P0014,Apparel
2026-07-17,3.7413550844327457,2.6316358028603273,4.938950791745606,P0014,Apparel
2026-07-18,2.9252535345831996,1.835942633597557,4.009563104366919,P0014,Apparel
2026-07-19,3.25025677180891,2.1667112521869343,4.373062224792095,P0014,Apparel
2026-07-20,4.144824835838943,2.9654727676559984,5.288703479235438,P0014,Apparel
2026-07-21,5.1179306862580685,3.93144023952554,6.1922950722232395,P0014,Apparel
2026-07-22,5.4154988442801795,4.248464033339527,6.642768008223008,P0014,Apparel
2026-07-23,4.768091445731228,3.604637880717648,5.980840498315092,P0014,Apparel
2026-07-24,3.7634997426069767,2.657074017258683,4.926669296243778,P0014,Apparel
2026-07-25,2.9419188186582503,1.8289414229008083,4.068943852563654,P0014,Apparel
2026-07-26,3.2642156377133276,2.0506540344866004,4.3789532316309305,P0014,Apparel
2026-07-27,4.159096559209706,3.007168664953101,5.275365448253477,P0014,Apparel
2026-07-28,5.1357057938795085,3.9105951568255914,6.253452654463822,P0014,Apparel
2026-07-29,5.440057840656705,4.349045941502245,6.609242424560205,P0014,Apparel
2026-07-30,4.802719483077543,3.6824217583714685,5.977840015146791,P0014,Apparel
2026-07-01,30.111923469596604,25.47959478142671,34.9251318513334,P0015,Apparel
2026-07-02,27.725142715829474,22.87235371628494,32.77280883035109,P0015,Apparel
2026-07-03,23.639986737558925,19.19272259729885,28.32694494219448,P0015,Apparel
2026-07-04,20.80020152608807,15.771408942583507,25.431915096983918,P0015,Apparel
2026-07-05,22.16538296602295,17.209461737944082,27.137130477736015,P0015,Apparel
2026-07-06,25.860266020689753,21.07802009690521,30.33402552578676,P0015,Apparel
2026-07-07,30.167796924524374,25.47145910696624,35.030016797813126,P0015,Apparel
2026-07-08,31.257512742452295,26.52280890306031,36.08709577809746,P0015,Apparel
2026-07-09,28.858929304623807,24.292038634960015,34.09950608716797,P0015,Apparel
2026-07-10,24.757182385983466,20.245411378237957,29.48914980148985,P0015,Apparel
2026-07-11,21.89620541133618,17.201440305419368,26.760590200922422,P0015,Apparel
2026-07-12,23.235891561713892,18.33517172817464,27.99738173734739,P0015,Apparel
2026-07-13,26.901371572022008,22.27575628278682,31.725912488904484,P0015,Apparel
2026-07-14,31.176072202204473,26.85267898184706,35.99166399105317,P0015,Apparel
2026-07-15,32.230080195900655,27.5388963341051,36.726637780219775,P0015,Apparel
2026-07-16,29.793513229565033,24.98196314432866,34.53643606169425,P0015,Apparel
2026-07-17,25.65214324258527,20.779992760318002,30.285364088741648,P0015,Apparel
2026-07-18,22.750555959362615,18.145900697157845,27.602178578717986,P0015,Apparel
2026-07-19,24.049295005044954,19.081641507917794,28.707144779533305,P0015,Apparel
2026-07-20,27.67412240878363,23.089971225406742,32.495943456192954,P0015,Apparel
2026-07-21,31.909060947316156,26.80325908655034,36.551453352251905,P0015,Apparel
2026-07-22,32.924743564157694,28.44435690094503,37.7815241662605,P0015,Apparel
2026-07-23,30.45177173137255,25.665109932939846,35.075566803153805,P0015,Apparel
2026-07-24,26.276328439017025,21.698446121411408,30.829687340694374,P0015,Apparel
2026-07-25,23.34332984389325,18.687186156514983,27.98139534677225,P0015,Apparel
2026-07-26,24.613564119937585,19.767873386229205,29.464667010610786,P0015,Apparel
2026-07-27,28.212949363491177,23.15577431999018,32.77955836000625,P0015,Apparel
2026-07-28,32.42557598423038,27.610719231278264,37.06300093383283,P0015,Apparel
2026-07-29,33.42205871708781,28.868424177694234,38.28913652954084,P0015,Apparel
2026-07-30,30.93289994878716,26.541486481853116,35.833507407024044,P0015,Apparel
2026-07-01,4.556905174147432,3.310671582100224,5.791236735892418,P0016,Apparel
2026-07-02,3.7861374984406377,2.5508996203261773,5.082533653295935,P0016,Apparel
2026-07-03,2.7133545390381197,1.397914815826523,3.9882846095607065,P0016,Apparel
2026-07-04,2.092150080439459,0.9066589413187933,3.3010176427423734,P0016,Apparel
2026-07-05,2.326936940533882,1.0839083481100198,3.674042836024171,P0016,Apparel
2026-07-06,3.3501874582613516,2.0504290016687814,4.699812227763903,P0016,Apparel
2026-07-07,4.359045582998189,3.106217470980505,5.701268177393906,P0016,Apparel
2026-07-08,4.611950543172345,3.32920880719819,5.824056862365726,P0016,Apparel
2026-07-09,3.8309525788760808,2.550121605860609,5.033141844728374,P0016,Apparel
2026-07-10,2.7461011097308523,1.395088728408595,4.088466832663551,P0016,Apparel
2026-07-11,2.111313891488897,0.9013998395447764,3.307906591661636,P0016,Apparel
2026-07-12,2.3313599653005332,1.050584616600523,3.541547388020428,P0016,Apparel
2026-07-13,3.339091636504794,2.079535553689405,4.586134830954916,P0016,Apparel
2026-07-14,4.332047483969707,3.115233645541612,5.6490643074924325,P0016,Apparel
2026-07-15,4.5690666096902905,3.266246819180511,5.823148243856634,P0016,Apparel
2026-07-16,3.772594854275229,2.5126127187705993,4.949351831711581,P0016,Apparel
2026-07-17,2.673063593020113,1.4250159213449742,3.955190624417888,P0016,Apparel
2026-07-18,2.0247499052180413,0.8845236014278128,3.310536711021919,P0016,Apparel
2026-07-19,2.23275114968832,0.928333576569351,3.466115279834185,P0016,Apparel
2026-07-20,3.230209395685227,1.9768074656824457,4.455115605429713,P0016,Apparel
2026-07-21,4.214907900764717,2.930606148361926,5.420989758012891,P0016,Apparel
2026-07-22,4.445880008411409,3.144889250117062,5.764221319174039,P0016,Apparel
2026-07-23,3.645711323110131,2.3882959305580176,4.932986070505345,P0016,Apparel
2026-07-24,2.5449158743784586,1.330037683555214,3.803232230539195,P0016,Apparel
2026-07-25,1.897795122119601,0.6643929783560497,3.2169601689874763,P0016,Apparel
2026-07-26,2.1094128569536887,0.8384054000018198,3.329361938044448,P0016,Apparel
2026-07-27,3.112821426083547,1.9180629316192992,4.398403201563596,P0016,Apparel
2026-07-28,4.105661418880652,2.9706801290749563,5.271894552631559,P0016,Apparel
2026-07-29,4.346775090576743,3.079077255569005,5.630504950747493,P0016,Apparel
2026-07-30,3.558514252849031,2.375093756898547,4.74727104603625,P0016,Apparel
2026-07-01,19.156685962469044,14.94497077635365,23.851865702845444,P0017,Apparel
2026-07-02,16.286835511849013,11.982920736902331,21.063252327615242,P0017,Apparel
2026-07-03,11.182475870031721,6.834472318601463,15.8920494765291,P0017,Apparel
2026-07-04,8.066759859693345,3.4492724251986893,12.696409226055637,P0017,Apparel
2026-07-05,9.456693921736155,4.822651768802889,13.967230722005862,P0017,Apparel
2026-07-06,13.460224417957512,9.326892362967975,18.03341048202512,P0017,Apparel
2026-07-07,17.522593167474316,13.039737496787064,22.17397294652938,P0017,Apparel
2026-07-08,18.38888767061144,13.59945888132487,23.1043538758902,P0017,Apparel
2026-07-09,15.56807826681945,11.134913193419957,20.244176648517435,P0017,Apparel
2026-07-10,10.521135267160808,5.420463817484879,15.408230961988993,P0017,Apparel
2026-07-11,7.470360537981243,2.6223738421590004,11.950233831430024,P0017,Apparel
2026-07-12,8.931641084317295,4.4913006966319955,13.609562302950284,P0017,Apparel
2026-07-13,13.011558766102041,8.231044304599424,17.5341886468416,P0017,Apparel
2026-07-14,17.1537772312736,12.607515820596781,21.904855470700884,P0017,Apparel
2026-07-15,18.101630797548445,13.688657912530545,22.90609087900177,P0017,Apparel
2026-07-16,15.362206578874126,10.72146827587356,19.662156104466742,P0017,Apparel
2026-07-17,10.394511742725083,5.711766911185808,14.712000885510905,P0017,Apparel
2026-07-18,7.418859044894189,3.02828235301881,12.183080188095584,P0017,Apparel
2026-07-19,8.949176722519484,4.59613283709679,13.60187496620996,P0017,Apparel
2026-07-20,13.090175310126233,8.582339550185909,17.82657707529227,P0017,Apparel
2026-07-21,17.283790840782512,12.744628077810962,22.017251431114232,P0017,Apparel
2026-07-22,18.27182753095502,13.685328048761097,22.916931077665357,P0017,Apparel
2026-07-23,15.56008965088703,11.156168363221587,20.56266783415905,P0017,Apparel
2026-07-24,10.606592954841778,6.158740642606062,15.5790667687091,P0017,Apparel
2026-07-25,7.630987435748496,3.0573207002260223,12.403715619453973,P0017,Apparel
2026-07-26,9.146896272703852,4.286110765523625,13.670297006207122,P0017,Apparel
2026-07-27,13.259102531937746,8.686524763668542,18.11629364786236,P0017,Apparel
2026-07-28,17.410002318856833,12.887566890520503,21.96956484510912,P0017,Apparel
2026-07-29,18.34224698114515,13.436579675522065,23.050955546055697,P0017,Apparel
2026-07-30,15.562863849992373,11.211488057829758,20.17159160092059,P0017,Apparel
2026-07-01,22.978687473771796,17.26142406320699,28.742507847838983,P0018,Sports
2026-07-02,19.095338040461932,13.196118449648985,24.4812053928909,P0018,Sports
2026-07-03,14.186854166344599,8.271945984067088,19.598496743125743,P0018,Sports
2026-07-04,10.309763957166483,4.505356786638979,15.930355387500216,P0018,Sports
2026-07-05,11.338202065349044,5.478778247464596,16.70440259175566,P0018,Sports
2026-07-06,16.06387418950724,10.198629654782703,21.828827850488402,P0018,Sports
2026-07-07,20.466219419447903,14.987782362072565,26.159866332379195,P0018,Sports
2026-07-08,21.609192883621787,16.39409280632285,27.07174178053617,P0018,Sports
2026-07-09,17.731435205362214,12.151572523583845,23.48011708180503,P0018,Sports
2026-07-10,12.833839016707492,7.319137587912789,18.637701202176622,P0018,Sports
2026-07-11,8.972646848190914,3.489969434182509,15.10645489486963,P0018,Sports
2026-07-12,10.021597149881478,4.278988960289928,15.281320982458267,P0018,Sports
2026-07-13,14.771903322909672,9.315662279208311,20.365676204639595,P0018,Sports
2026-07-14,19.202433309632436,13.839210166101024,24.82706808986239,P0018,Sports
2026-07-15,20.376511658846375,14.941294793814007,25.55913472258417,P0018,Sports
2026-07-16,16.532109965491834,10.884070252631263,21.704766971810727,P0018,Sports
2026-07-17,11.669435280272264,6.031221358351012,17.37426206600553,P0018,Sports
2026-07-18,7.844050125978061,2.238332673505759,13.608656147749219,P0018,Sports
2026-07-19,8.929040189156215,3.061651487185286,14.712843145163736,P0018,Sports
2026-07-20,13.715013893155064,8.292239558903697,19.07406452668959,P0018,Sports
2026-07-21,18.18030076460435,12.631760220946955,23.797216891476896,P0018,Sports
2026-07-22,19.387769927047216,13.702340236351718,24.76901774832151,P0018,Sports
2026-07-23,15.575034113432539,10.232494803342767,21.61812992757603,P0018,Sports
2026-07-24,10.742048372155065,5.132138771502726,16.331018336740115,P0018,Sports
2026-07-25,6.944236785914793,1.025682203400089,12.318688400927343,P0018,Sports
2026-07-26,8.054663065584302,2.7002910509891858,13.814708025620364,P0018,Sports
2026-07-27,12.864029137306636,7.303944071758197,18.23038758638289,P0018,Sports
2026-07-28,17.35086866800181,11.840446220587243,23.116111040997932,P0018,Sports
2026-07-29,18.578357016876918,13.251585528814216,24.17862737181028,P0018,Sports
2026-07-30,14.784503274169992,9.05555227300082,20.37297620920805,P0018,Sports
2026-07-01,28.282792025023046,22.58180451641836,33.777417481736684,P0019,Apparel
2026-07-02,24.471471865811107,18.674898681593866,30.22388993136774,P0019,Apparel
2026-07-03,19.883966282722515,14.105566734142831,25.482434259350022,P0019,Apparel
2026-07-04,16.7734038242352,11.152868368514143,22.21179639812844,P0019,Apparel
2026-07-05,17.79015760412412,12.325486144923449,23.289500670670886,P0019,Apparel
2026-07-06,22.727609750131336,17.229103238201578,28.193184921414524,P0019,Apparel
2026-07-07,26.97600166022313,21.592235191641375,32.10253166111117,P0019,Apparel
2026-07-08,28.845016124666806,23.753867926021442,34.49306154394604,P0019,Apparel
2026-07-09,24.93117622979578,19.557695420473635,29.942859802376905,P0019,Apparel
2026-07-10,20.244159602326555,14.613747951744138,25.73423178137933,P0019,Apparel
2026-07-11,17.039989497494922,11.984477484978372,22.93416426463821,P0019,Apparel
2026-07-12,17.97181064382172,12.359960795019433,23.479434854822756,P0019,Apparel
2026-07-13,22.835578193267835,17.24296097857374,28.152686649195132,P0019,Apparel
2026-07-14,27.023836686595452,21.469120451028612,32.47727193307889,P0019,Apparel
2026-07-15,28.848237063396535,23.354406854445397,34.178898480335796,P0019,Apparel
2026-07-16,24.906878462196666,19.145948723299778,30.20581086450552,P0019,Apparel
2026-07-17,20.21057500699432,14.743659373731933,25.78174680740093,P0019,Apparel
2026-07-18,17.016010480158855,11.661762196297515,22.893621994606367,P0019,Apparel
2026-07-19,17.97648991162774,12.364338312494107,23.592368555870554,P0019,Apparel
2026-07-20,22.887617234809017,17.281094384420882,28.441456438270425,P0019,Apparel
2026-07-21,27.14107638227468,21.917558713773847,32.57382828496319,P0019,Apparel
2026-07-22,29.04716395656355,23.573532984387136,34.72029059620357,P0019,Apparel
2026-07-23,25.20215996638136,19.35499231126396,30.640921792447045,P0019,Apparel
2026-07-24,20.614636208207084,15.385672147694512,26.25213702223136,P0019,Apparel
2026-07-25,17.538664231667074,12.15308739378021,23.158918285871103,P0019,Apparel
2026-07-26,18.624630632518663,13.394223203537992,24.012545238326922,P0019,Apparel
2026-07-27,23.664987245581994,17.882897228362623,29.437108729366848,P0019,Apparel
2026-07-28,28.048111780173045,22.66465056811515,33.86791441136046,P0019,Apparel
2026-07-29,30.08092499790599,24.350947787830496,35.818288138009486,P0019,Apparel
2026-07-30,26.356348735533988,20.85571997576527,31.872945177874104,P0019,Apparel
2026-07-01,36.32774245777796,31.501645132715716,40.915144421289924,P0020,Beauty
2026-07-02,32.66378830507832,28.24542920307808,37.026839670579406,P0020,Beauty
2026-07-03,28.38094324264938,23.647268633401424,33.12179717451582,P0020,Beauty
2026-07-04,25.973467942903614,21.352595306217108,30.889119701506154,P0020,Beauty
2026-07-05,26.348296788435878,21.502057429813163,30.89052507169461,P0020,Beauty
2026-07-06,30.031703612931423,25.401042534851946,34.93832736794154,P0020,Beauty
2026-07-07,34.518126110557546,30.08975560577985,39.66900910359081,P0020,Beauty
2026-07-08,35.78487967743557,30.958260872866585,40.17941564001003,P0020,Beauty
2026-07-09,32.166814347592066,27.300964757061923,36.75507873541127,P0020,Beauty
2026-07-10,27.942922465107365,23.29261709441101,32.75313317451398,P0020,Beauty
2026-07-11,25.606162825806972,20.997040433340214,30.30820068421952,P0020,Beauty
2026-07-12,26.061842962514604,21.331806405768372,30.66822595865049,P0020,Beauty
2026-07-13,29.83431848497023,25.11696679810702,34.714453824416665,P0020,Beauty
2026-07-14,34.41585928994383,29.4358009271416,38.97285676097651,P0020,Beauty
2026-07-15,35.78141244089947,31.09961213802951,40.586934745903505,P0020,Beauty
2026-07-16,32.263314206291604,27.598480465580362,36.90136736509144,P0020,Beauty
2026-07-17,28.137957546270464,23.432833165537293,32.78967898754842,P0020,Beauty
2026-07-18,25.895679282887905,21.0259191668157,30.36275716335946,P0020,Beauty
2026-07-19,26.43920702430679,21.651972887491997,30.657219713323798,P0020,Beauty
2026-07-20,30.29042308509227,25.63518197297932,34.939325197790566,P0020,Beauty
2026-07-21,34.93929353035587,29.943274872184766,39.46300577218585,P0020,Beauty
2026-07-22,36.35869047954327,31.719595531083787,41.29875846359746,P0020,Beauty
2026-07-23,32.87915856759911,28.16975643301189,37.59907206379294,P0020,Beauty
2026-07-24,28.775630374983493,24.26688777915602,33.166059034587384,P0020,Beauty
2026-07-25,26.53735374014783,21.65998588269134,31.18969464138867,P0020,Beauty
2026-07-26,27.06636989583118,22.700911391262824,31.270601836800214,P0020,Beauty
2026-07-27,30.88429876766822,25.854429853484096,35.4098562062237,P0020,Beauty
2026-07-28,35.48127891091387,30.85981244125255,40.0998700304037,P0020,Beauty
2026-07-29,36.83078984105845,31.919487024596517,41.3268399459559,P0020,Beauty
2026-07-30,33.26440756016139,28.635300995277294,38.05792731345653,P0020,Beauty
2026-07-01,17.933502603922577,13.561646302667675,22.456195632865658,P0021,Sports
2026-07-02,15.270681619381381,10.876574149871885,19.925469734763972,P0021,Sports
2026-07-03,10.696903885605447,6.069064907380011,15.15764834510699,P0021,Sports
2026-07-04,8.395757585428234,3.8964500780954197,12.865632537644055,P0021,Sports
2026-07-05,8.725481288665739,4.47960972725506,13.022237638927393,P0021,Sports
2026-07-06,12.967073735286466,8.366565126249311,17.46060472103664,P0021,Sports
2026-07-07,16.759663095516025,12.137755432402129,21.155512090961018,P0021,Sports
2026-07-08,17.654685408130206,13.132135903355666,22.154813267305432,P0021,Sports
2026-07-09,15.026148620541449,10.678641972272674,19.740694750343554,P0021,Sports
2026-07-10,10.49399487991827,5.9101649993398535,15.224720202095792,P0021,Sports
2026-07-11,8.241535320500002,3.983870838384219,12.487642525405453,P0021,Sports
2026-07-12,8.626553340847847,4.318983032665533,12.879439330392403,P0021,Sports
2026-07-13,12.929419240087434,8.48467079173604,17.514173365613946,P0021,Sports
2026-07-14,16.78846861958564,12.628430798720728,21.37393132628789,P0021,Sports
2026-07-15,17.754194121928354,13.319629600319644,22.125500183688207,P0021,Sports
2026-07-16,15.199526697410446,10.85740715743581,19.708103968652583,P0021,Sports
2026-07-17,10.743218715524826,6.057404758358746,15.341946136679445,P0021,Sports
2026-07-18,8.567302741594347,3.918398293443559,12.765568841426218,P0021,Sports
2026-07-19,9.028221465305224,4.400071493363238,13.423880288689885,P0021,Sports
2026-07-20,13.40497107026231,8.954596078799678,17.792870549759396,P0021,Sports
2026-07-21,17.334509813648452,12.653228130431703,21.955931107322535,P0021,Sports
2026-07-22,18.365980705183254,13.896670613448244,22.817211453694075,P0021,Sports
2026-07-23,15.871023766172808,11.617376637040513,20.31348314086426,P0021,Sports
2026-07-24,11.46718946383613,6.741913032653634,16.18146854302292,P0021,Sports
2026-07-25,9.335426425318188,4.957588960915525,13.572409281594371,P0021,Sports
2026-07-26,9.831238224474012,5.428801123060708,14.271896100365533,P0021,Sports
2026-07-27,14.232850876382575,9.924052109189399,19.03406592140758,P0021,Sports
2026-07-28,18.176642209306564,13.783110813644752,22.658671683081824,P0021,Sports
2026-07-29,19.211381473947746,14.977858274179972,23.775525551444588,P0021,Sports
2026-07-30,16.708554224016122,12.019763204472065,21.15136365368578,P0021,Sports
2026-07-01,17.194979797820103,14.513462616698078,19.86724635108528,P0022,Beauty
2026-07-02,15.625346950260937,12.879477389440714,18.354639059499778,P0022,Beauty
2026-07-03,13.26117019398279,10.496087595294249,15.996172406112597,P0022,Beauty
2026-07-04,11.712955719798696,8.907019108390356,14.695451301582462,P0022,Beauty
2026-07-05,12.44831031612657,9.70375667540774,15.105253825763967,P0022,Beauty
2026-07-06,14.397354003228557,11.673906141061998,16.899495230112624,P0022,Beauty
2026-07-07,17.134578396676588,14.550476211229153,19.92838292924405,P0022,Beauty
2026-07-08,17.78809499519551,14.930858573966617,20.434947793497756,P0022,Beauty
2026-07-09,16.19849343572607,13.635982333888624,18.90033635800427,P0022,Beauty
2026-07-10,13.809608387936905,11.128401801482852,16.27286976789919,P0022,Beauty
2026-07-11,12.232003428029282,9.494707709370552,14.926429790570145,P0022,Beauty
2026-07-12,12.933458605481944,10.214633577560704,15.415880599236049,P0022,Beauty
2026-07-13,14.84438495320622,12.093523355048731,17.3747099192773,P0022,Beauty
2026-07-14,17.539681457621686,14.832423301256465,20.164459724182407,P0022,Beauty
2026-07-15,18.147978623729188,15.51716573937673,20.942043267887136,P0022,Beauty
2026-07-16,16.51048871270703,13.671930914177901,19.365346486561382,P0022,Beauty
2026-07-17,14.071761455067392,11.41211969817234,16.80198975966313,P0022,Beauty
2026-07-18,12.443153803101998,9.767334514111804,15.152129399479692,P0022,Beauty
2026-07-19,13.093300749625284,10.245656059328324,15.805521498420505,P0022,Beauty
2026-07-20,14.953510857387355,12.13603646314799,17.747980217403025,P0022,Beauty
2026-07-21,17.599602481885732,14.910950412882409,20.27522987778262,P0022,Beauty
2026-07-22,18.161125347309664,15.73506782570021,21.014847049634103,P0022,Beauty
2026-07-23,16.480188124067038,13.644294710002574,19.09823479470746,P0022,Beauty
2026-07-24,14.002191410967162,11.393510279359857,16.849911162388363,P0022,Beauty
2026-07-25,12.339275299915618,9.707442456489108,15.08556355949889,P0022,Beauty
2026-07-26,12.960769160322661,10.27930745803143,15.739546546466586,P0022,Beauty
2026-07-27,14.798567877173516,12.216389933409936,17.517135750908317,P0022,Beauty
2026-07-28,17.428951077347794,14.618236380627145,20.03901317627967,P0022,Beauty
2026-07-29,17.981790502492046,15.325425137860545,20.61529707014428,P0022,Beauty
2026-07-30,16.29936660722955,13.403810835363638,18.949386903397777,P0022,Beauty
2026-07-01,18.0989089124283,15.830974963875175,20.595768991176055,P0023,Beauty
2026-07-02,16.74672982177167,14.417723929883339,18.92500698142212,P0023,Beauty
2026-07-03,14.50718239582298,12.173351847873144,16.846411257910365,P0023,Beauty
2026-07-04,13.078564492866171,10.666575526959406,15.544156053821071,P0023,Beauty
2026-07-05,13.762250026754389,11.30360254685131,16.110530879844063,P0023,Beauty
2026-07-06,15.722430255803422,13.471596301520574,18.06255907295568,P0023,Beauty
2026-07-07,17.702310064577247,15.37800120900923,20.070582998573027,P0023,Beauty
2026-07-08,18.285415989485042,15.998674008796769,20.616573653549324,P0023,Beauty
2026-07-09,16.939519025562277,14.793513725531069,19.27677178602932,P0023,Beauty
2026-07-10,14.703794397197722,12.569586584264128,17.039957425842793,P0023,Beauty
2026-07-11,13.276142551204577,11.143968383106268,15.692283046003467,P0023,Beauty
2026-07-12,13.957652728034219,11.534301061230076,16.17657122158993,P0023,Beauty
2026-07-13,15.91235192281449,13.507850883774758,18.27598656351319,P0023,Beauty
2026-07-14,17.883404841574425,15.680109024219316,20.20688377958816,P0023,Beauty
2026-07-15,18.45442149745694,16.207392273659124,20.931497532146803,P0023,Beauty
2026-07-16,17.09337550616006,14.66355411679539,19.576793547800136,P0023,Beauty
2026-07-17,14.839755413337077,12.594626185825586,17.308585380432845,P0023,Beauty
2026-07-18,13.391873585348257,11.073448579262216,15.60165127165295,P0023,Beauty
2026-07-19,14.051314408111407,11.592682518186605,16.493877858010134,P0023,Beauty
2026-07-20,15.982665097785699,13.522837629174521,18.32324009063416,P0023,Beauty
2026-07-21,17.929695310371983,15.639012283120145,20.23267149679396,P0023,Beauty
2026-07-22,18.4766428473203,16.110011678123303,20.71795419085386,P0023,Beauty
2026-07-23,17.092109220892276,14.739053470633158,19.317204924879423,P0023,Beauty
2026-07-24,14.816188145752873,12.615057871817191,17.225664469515266,P0023,Beauty
2026-07-25,13.347752229854601,11.07702758536704,15.720422813208376,P0023,Beauty
2026-07-26,13.988880335285582,11.814493298472488,16.505180155195752,P0023,Beauty
2026-07-27,15.904569600857323,13.606937486614378,18.31361390842202,P0023,Beauty
2026-07-28,17.83889894193345,15.482700511080333,20.162991181229742,P0023,Beauty
2026-07-29,18.37630187380127,16.102197928168266,20.60193527005842,P0023,Beauty
2026-07-30,16.985452874584944,14.62098192943342,19.188406879456483,P0023,Beauty
2026-07-01,12.687608125694698,10.480876656548006,14.71909709782847,P0024,Electronics
2026-07-02,11.442645556057558,9.357005681996553,13.54259699470531,P0024,Electronics
2026-07-03,9.557901457189468,7.483632051051746,11.613573967724976,P0024,Electronics
2026-07-04,8.477894190025564,6.538054225095051,10.647970391969656,P0024,Electronics
2026-07-05,8.60740978388313,6.295540183273358,10.662209456660404,P0024,Electronics
2026-07-06,10.845209269815188,8.764911838336703,12.804231431643395,P0024,Electronics
2026-07-07,12.386430045733364,10.386174668831877,14.390517669617195,P0024,Electronics
2026-07-08,12.882957369780645,10.798817646208837,14.967312700769272,P0024,Electronics
2026-07-09,11.660020487546305,9.57648185245604,13.611648515669295,P0024,Electronics
2026-07-10,9.796773798130502,7.8786422956251645,11.86455009706998,P0024,Electronics
2026-07-11,8.737409952846958,6.683360068634395,10.986530762957818,P0024,Electronics
2026-07-12,8.886400416589531,6.892834703864498,10.989650464428108,P0024,Electronics
2026-07-13,11.142207139943988,8.988554451678045,13.286186224369347,P0024,Electronics
2026-07-14,12.699688221638574,10.529324415840634,14.771944202378682,P0024,Electronics
2026-07-15,13.210473586119237,11.096430333113108,15.3452573231867,P0024,Electronics
2026-07-16,11.999565103418387,10.013350520162904,14.239882638063602,P0024,Electronics
2026-07-17,10.145921473542378,8.118784592736928,12.32831721437689,P0024,Electronics
2026-07-18,9.09357468357001,7.015984871664748,11.048945736087994,P0024,Electronics
2026-07-19,9.246873482409013,7.288530598060472,11.256638370963838,P0024,Electronics
2026-07-20,11.504197438590868,9.400439216623319,13.609422776481512,P0024,Electronics
2026-07-21,13.06036438406553,10.909438891704005,15.14182435873013,P0024,Electronics
2026-07-22,13.567007200059063,11.468514630608484,15.63672819926158,P0024,Electronics
2026-07-23,12.349174315236535,10.144053097922447,14.46448442633335,P0024,Electronics
2026-07-24,10.485914194529133,8.288130920231115,12.607626895656328,P0024,Electronics
2026-07-25,9.421390599385589,7.287451974590166,11.424228790088794,P0024,Electronics
2026-07-26,9.560124054524266,7.517409963849973,11.671148873195598,P0024,Electronics
2026-07-27,11.800703096038236,9.606085941751429,13.920531442843497,P0024,Electronics
2026-07-28,13.338188133279736,11.167228105810192,15.334430540591558,P0024,Electronics
2026-07-29,13.824483930575788,11.869408280336337,16.091891376709626,P0024,Electronics
2026-07-30,12.584935149019497,10.470406057367372,14.57635008723045,P0024,Electronics
2026-07-01,35.441351924756844,30.296338859633337,40.673186646041685,P0025,Electronics
2026-07-02,33.23347938377955,28.22558618825967,38.26545905725039,P0025,Electronics
2026-07-03,28.044895977731613,22.602993481997974,32.76799841823486,P0025,Electronics
2026-07-04,24.96261754420591,20.45672851737943,29.8214929996732,P0025,Electronics
2026-07-05,26.145136681138645,20.67172536164883,31.14717180361107,P0025,Electronics
2026-07-06,30.722837568252366,25.554575688550496,35.70779559089473,P0025,Electronics
2026-07-07,35.36416932254727,30.474927458908187,40.812703296295474,P0025,Electronics
2026-07-08,35.603271429838266,30.33896485820775,40.79849614562221,P0025,Electronics
2026-07-09,33.36100897508622,28.348381074433355,38.37158078833438,P0025,Electronics
2026-07-10,28.13770560819795,22.868170356857163,33.18986209231039,P0025,Electronics
2026-07-11,25.021196560730623,19.653345471637273,30.241023829803936,P0025,Electronics
2026-07-12,26.170822912753767,20.906798014012345,31.26600097640566,P0025,Electronics
2026-07-13,30.7178239489313,25.794934884954287,35.72902622141205,P0025,Electronics
2026-07-14,35.33148720537771,30.199810011241677,39.78579435654892,P0025,Electronics
2026-07-15,35.54675033013247,30.265701699543797,40.3339829295928,P0025,Electronics
2026-07-16,33.28521308066244,27.956025980281293,38.44839133474924,P0025,Electronics
2026-07-17,28.047848001672055,22.971355817879036,33.16956872230542,P0025,Electronics
2026-07-18,24.923032694035975,19.556845355771337,30.27428119297812,P0025,Electronics
2026-07-19,26.070525445029265,20.692181652340306,30.923477457349588,P0025,Electronics
2026-07-20,30.621841587346346,25.107129829388317,35.59465251858541,P0025,Electronics
2026-07-21,35.24639066347719,30.343107536193134,40.121271215806786,P0025,Electronics
2026-07-22,35.47906892297891,30.431860209855554,40.31609250822736,P0025,Electronics
2026-07-23,33.24126580231767,28.020055339327612,38.57387943388853,P0025,Electronics
2026-07-24,28.033573165232777,22.719135149811063,33.263835033646366,P0025,Electronics
2026-07-25,24.94382035249407,19.834721948434524,29.74715319552747,P0025,Electronics
2026-07-26,26.131056845575547,21.044553954629407,31.19768388753524,P0025,Electronics
2026-07-27,30.72593984055895,25.642820553340503,35.69071161705003,P0025,Electronics
2026-07-28,35.396886631188096,30.1374434790503,40.72622075139991,P0025,Electronics
2026-07-29,35.67768604796232,30.563222800535698,40.875698569171306,P0025,Electronics
2026-07-30,33.48852722367683,28.681625308986188,38.76111690293913,P0025,Electronics
2026-07-01,10.577516788397912,7.963561891165683,13.31263142693454,P0026,Electronics
2026-07-02,8.708278856316387,5.962938436864207,11.227782217684341,P0026,Electronics
2026-07-03,5.807074849126492,3.225578354167192,8.653501856124345,P0026,Electronics
2026-07-04,4.32683973991335,1.7040037535123986,6.886191825397015,P0026,Electronics
2026-07-05,5.022134345967281,2.3279941329148937,7.838711854430207,P0026,Electronics
2026-07-06,7.5524953650170135,4.994220689246446,10.257892802349147,P0026,Electronics
2026-07-07,9.567891529798207,6.899363769070809,12.097274139735807,P0026,Electronics
2026-07-08,10.125732430134281,7.504105877638737,12.759473354838597,P0026,Electronics
2026-07-09,8.266291119777158,5.464237667793177,10.970452282611262,P0026,Electronics
2026-07-10,5.378998970498409,2.667507156639447,7.9826299349676955,P0026,Electronics
2026-07-11,3.9167257792733423,1.3123955180177513,6.552236618138495,P0026,Electronics
2026-07-12,4.633864878021694,1.9924652668731362,7.346179183523523,P0026,Electronics
2026-07-13,7.189687071006603,4.620397725471942,9.797975488779505,P0026,Electronics
2026-07-14,9.233803272406746,6.602038421993075,11.820342507616129,P0026,Electronics
2026-07-15,9.823182215111988,6.961336430728098,12.390040072034685,P0026,Electronics
2026-07-16,7.997584104963248,5.454385592118704,10.609725398026377,P0026,Electronics
2026-07-17,5.145868382642108,2.5734262912217285,7.723176287196459,P0026,Electronics
2026-07-18,3.7202882491359253,1.0138591370933447,6.277148983309518,P0026,Electronics
2026-07-19,4.474591315752825,1.7947568535315745,7.091892017975351,P0026,Electronics
2026-07-20,7.06738978629378,4.494359396592534,9.609418214245066,P0026,Electronics
2026-07-21,9.147639610505905,6.482184771056363,11.803063933482917,P0026,Electronics
2026-07-22,9.771674541022234,7.119289312616841,12.467429180622101,P0026,Electronics
2026-07-23,7.978655537431191,5.118701108716571,10.625588703623182,P0026,Electronics
2026-07-24,5.156893267481326,2.5130660646318836,7.768412379427527,P0026,Electronics
2026-07-25,3.758155980078624,0.9476771074286239,6.50929198069325,P0026,Electronics
2026-07-26,4.535781770039403,1.6985701794096453,7.06194360485548,P0026,Electronics
2026-07-27,7.148058350856182,4.480529103493013,9.777707838687203,P0026,Electronics
2026-07-28,9.243709540285415,6.573503822945118,11.976028694608836,P0026,Electronics
2026-07-29,9.87893421971066,7.2620728346798105,12.448404046355162,P0026,Electronics
2026-07-30,8.092858106710947,5.513264655824584,10.733544192732996,P0026,Electronics
2026-07-01,13.819375954239549,10.764965058511272,16.95342886304068,P0027,Sports
2026-07-02,11.877411078563236,8.869940755559359,14.976706046892964,P0027,Sports
2026-07-03,8.247641379775125,5.129311499870031,11.224262973340625,P0027,Sports
2026-07-04,6.327610058705493,3.1694470155006895,9.382861168094896,P0027,Sports
2026-07-05,6.864029773676532,3.7524348445272726,9.866912758707404,P0027,Sports
2026-07-06,9.662723047604569,6.684719996991984,12.732701047469666,P0027,Sports
2026-07-07,12.63607216030738,9.616744018933133,15.774062734073896,P0027,Sports
2026-07-08,12.837435220032985,9.74760594805682,15.812079591089104,P0027,Sports
2026-07-09,10.925964315012918,7.799225655802374,14.110943759565219,P0027,Sports
2026-07-10,7.330564565262819,4.389966142914695,10.355902771633712,P0027,Sports
2026-07-11,5.448301511808643,2.3996995090511586,8.305841166985628,P0027,Sports
2026-07-12,6.025347518413604,3.0023819012859985,9.208426978235984,P0027,Sports
2026-07-13,8.866931975917225,6.043189191566755,12.072944663236397,P0027,Sports
2026-07-14,11.884802066250055,8.913334567572278,14.899831013517865,P0027,Sports
2026-07-15,12.131650584092613,9.143340183916376,15.038300384812105,P0027,Sports
2026-07-16,10.265946502506408,7.307675769672281,13.331312783085506,P0027,Sports
2026-07-17,6.715906874482901,3.881816720367242,9.784380837202402,P0027,Sports
2026-07-18,4.877917268242527,1.6302564841151843,7.834880821995986,P0027,Sports
2026-07-19,5.497491166850282,2.6213729274593676,8.416778161421375,P0027,Sports
2026-07-20,8.379232875082891,5.516494669649434,11.50694067541466,P0027,Sports
2026-07-21,11.434310447476426,8.392127482561106,14.541856229716272,P0027,Sports
2026-07-22,11.714894898688083,8.792015598503808,14.718749316373858,P0027,Sports
2026-07-23,9.87900115870005,6.881721793395051,13.135209806405406,P0027,Sports
2026-07-24,6.354469156249276,3.2250519296529054,9.291719519336901,P0027,Sports
2026-07-25,4.537392040876689,1.55412901647817,7.655159184539605,P0027,Sports
2026-07-26,5.17308181050891,2.2412786417356774,8.07890150419517,P0027,Sports
2026-07-27,8.066036751682384,5.25986722065317,11.090339921882117,P0027,Sports
2026-07-28,11.12741710089092,8.087007062751978,14.245009428790931,P0027,Sports
2026-07-29,11.409485116057223,8.299211394473721,14.306037680427256,P0027,Sports
2026-07-30,9.570444983290102,6.382524436837251,12.46579167471414,P0027,Sports
2026-07-01,18.561912972050497,15.590947279353767,21.617505873872645,P0028,Sports
2026-07-02,16.47883602349127,13.45275433065026,19.583426589452145,P0028,Sports
2026-07-03,13.693394123925946,10.607239088548566,16.70851919629085,P0028,Sports
2026-07-04,12.323769720475212,9.264500594719198,15.50133502236754,P0028,Sports
2026-07-05,13.170708754825908,10.127615521948087,16.238741098277316,P0028,Sports
2026-07-06,15.661286669756914,12.536659741306567,18.596213695489173,P0028,Sports
2026-07-07,18.18572145893279,15.185204504858408,21.423834346259333,P0028,Sports
2026-07-08,19.20243796004152,16.351846979408243,22.386466386894657,P0028,Sports
2026-07-09,17.076077536823632,14.056055360068251,20.23228231495216,P0028,Sports
2026-07-10,14.242954846327345,11.385209006408441,17.35366632051223,P0028,Sports
2026-07-11,12.822092553868131,9.736448066164327,15.939850379542113,P0028,Sports
2026-07-12,13.615178120933543,10.398707752822888,16.566517530457634,P0028,Sports
2026-07-13,16.05030862263534,13.017198169507864,19.24712465893577,P0028,Sports
2026-07-14,18.518780059526982,15.421712495674258,21.513378871085205,P0028,Sports
2026-07-15,19.480125971499206,16.46167579736519,22.43232191730375,P0028,Sports
2026-07-16,17.300100169634792,14.328823818602537,20.408015069873766,P0028,Sports
2026-07-17,14.416105997737498,11.218663825933087,17.43232523439351,P0028,Sports
2026-07-18,12.94820372546872,9.910340845316261,16.239985118347168,P0028,Sports
2026-07-19,13.699040942402243,10.52150330039411,16.666936232842566,P0028,Sports
2026-07-20,16.097572635775183,13.20573905506388,19.28878533700935,P0028,Sports
2026-07-21,18.535828105800253,15.503795995538631,21.640636669674635,P0028,Sports
2026-07-22,19.473930156750647,16.508157918611285,22.54652191615173,P0028,Sports
2026-07-23,17.278061935018467,13.954759678062262,20.352555441421867,P0028,Sports
2026-07-24,14.385884287959732,11.264349900571691,17.577688175962884,P0028,Sports
2026-07-25,12.917535602100592,9.930713777110242,16.14333156496142,P0028,Sports
2026-07-26,13.675559229396946,10.602995545770279,16.66862106860417,P0028,Sports
2026-07-27,16.08862529929395,13.156760091983378,19.058618309393268,P0028,Sports
2026-07-28,18.548304056810586,15.349187648937122,21.65315445388521,P0028,Sports
2026-07-29,19.51409602226214,16.349090026815663,22.506961905680612,P0028,Sports
2026-07-30,17.35141407541102,14.006431923148552,20.292552746926695,P0028,Sports
2026-07-01,2.7797297459241608,2.07626643762049,3.51059824331465,P0029,Home & Kitchen
2026-07-02,2.3492926184927514,1.6776226282287134,3.0874760035730406,P0029,Home & Kitchen
2026-07-03,1.6795575304600925,1.0095349832746285,2.3689266484904,P0029,Home & Kitchen
2026-07-04,1.3740584155602593,0.674802753843505,2.0901336802166757,P0029,Home & Kitchen
2026-07-05,1.4331573576662637,0.6989069179776456,2.075119209608011,P0029,Home & Kitchen
2026-07-06,1.9241261459968142,1.2209308996638886,2.600611447797155,P0029,Home & Kitchen
2026-07-07,2.3639349345006107,1.7025547863814252,3.045741945526852,P0029,Home & Kitchen
2026-07-08,2.526630993324453,1.8119153585397323,3.2263904311477,P0029,Home & Kitchen
2026-07-09,2.095110661570764,1.4278443153256373,2.7933544710254377,P0029,Home & Kitchen
2026-07-10,1.42687485894529,0.7225766237234701,2.0845492561126266,P0029,Home & Kitchen
2026-07-11,1.1254346022984754,0.4015981593624475,1.806042893697487,P0029,Home & Kitchen
2026-07-12,1.1910676510030667,0.5291509595091923,1.8732592562580515,P0029,Home & Kitchen
2026-07-13,1.690902214825985,0.9905000392884106,2.347177891419914,P0029,Home & Kitchen
2026-07-14,2.141709293691666,1.4705739314743433,2.800836208235157,P0029,Home & Kitchen
2026-07-15,2.317286540219274,1.620266093969743,2.992259269132782,P0029,Home & Kitchen
2026-07-16,1.9002366186356383,1.2371103977651667,2.580209308918672,P0029,Home & Kitchen
2026-07-17,1.2477302473561684,0.5691706651089462,1.9299401203958242,P0029,Home & Kitchen
2026-07-18,0.9629201706374018,0.28877218061256493,1.652060600913544,P0029,Home & Kitchen
2026-07-19,1.0457069581567564,0.34046681801038353,1.6916288746174317,P0029,Home & Kitchen
2026-07-20,1.5628323224708862,0.882643989219259,2.235531289745692,P0029,Home & Kitchen
2026-07-21,2.0306812684361604,1.2949947498374696,2.677125447454349,P0029,Home & Kitchen
2026-07-22,2.222675705243865,1.5194188382012332,2.9232658109248,P0029,Home & Kitchen
2026-07-23,1.8210622370015548,1.153420901389284,2.542621907004224,P0029,Home & Kitchen
2026-07-24,1.1826840707645623,0.5121244602877717,1.9165438813887496,P0029,Home & Kitchen
2026-07-25,0.9104030553958442,0.2560175836396073,1.5824834093658966,P0029,Home & Kitchen
2026-07-26,1.0038725405851312,0.2934948964113429,1.7141175883419801,P0029,Home & Kitchen
2026-07-27,1.5296365647215353,0.828366922244366,2.223857759146816,P0029,Home & Kitchen
2026-07-28,2.0039365375580602,1.336539931609136,2.675822652514796,P0029,Home & Kitchen
2026-07-29,2.2001079372639447,1.4492229912245465,2.9039398389234785,P0029,Home & Kitchen
2026-07-30,1.800369666704161,1.0741788431585728,2.5011811400871533,P0029,Home & Kitchen
2026-07-01,10.994034839245682,9.286253460993482,12.565353958179164,P0030,Beauty
2026-07-02,9.822477371643142,8.222046343817466,11.407030280224328,P0030,Beauty
2026-07-03,8.303750563239744,6.655972079573077,9.941793133404419,P0030,Beauty
2026-07-04,7.469775098768356,5.8553685177501995,9.112812597681726,P0030,Beauty
2026-07-05,7.5825930207270815,5.975487487131407,9.256060567868866,P0030,Beauty
2026-07-06,9.035558140238965,7.38064049976961,10.649980021416532,P0030,Beauty
2026-07-07,10.407266888669328,8.729969316070862,11.873404077829106,P0030,Beauty
2026-07-08,10.876705267299542,9.278310064515514,12.532904330378749,P0030,Beauty
2026-07-09,9.721612807779541,8.094191649578335,11.352898497709528,P0030,Beauty
2026-07-10,8.21968078511933,6.517966731999198,9.85440173783972,P0030,Beauty
2026-07-11,7.402523957375079,5.719720641946248,9.08413904615416,P0030,Beauty
2026-07-12,7.531875666312936,6.060332664578201,9.081434063640003,P0030,Beauty
2026-07-13,9.000783644004581,7.420869745276388,10.59657327133021,P0030,Beauty
2026-07-14,10.387546241730966,8.747359828420768,11.978513759362562,P0030,Beauty
2026-07-15,10.870864637313261,9.15878763085133,12.454235583538297,P0030,Beauty
2026-07-16,9.728211834757662,8.046527727612526,11.436322824946728,P0030,Beauty
2026-07-17,8.237035603873144,6.675061730642394,9.810351981423953,P0030,Beauty
2026-07-18,7.428734545812311,5.723944705645823,9.116385212358102,P0030,Beauty
2026-07-19,7.564857038934454,6.006391625555349,9.285826531235791,P0030,Beauty
2026-07-20,9.038300339098786,7.492582352309213,10.657043341374862,P0030,Beauty
2026-07-21,10.42724949100824,8.711417226789179,12.070020044472008,P0030,Beauty
2026-07-22,10.910331558291082,9.230575904793264,12.472181957135094,P0030,Beauty
2026-07-23,9.764985950836461,8.128132535593233,11.401350689995157,P0030,Beauty
2026-07-24,8.26866797428528,6.686933391577061,9.885301007877207,P0030,Beauty
2026-07-25,7.4528247786678605,5.7379802261578225,9.13758673228056,P0030,Beauty
2026-07-26,7.5790934648757196,5.9049932336777,9.223766200634294,P0030,Beauty
2026-07-27,9.04049864066679,7.3979676119477045,10.672199842843318,P0030,Beauty
2026-07-28,10.415389113101355,8.852484354411908,12.045571236927334,P0030,Beauty
2026-07-29,10.8825892675006,9.27378529135871,12.536098737755006,P0030,Beauty
2026-07-30,9.7197659649212,8.073212152478428,11.302784248450639,P0030,Beauty
2026-07-01,32.56254254301406,28.245970282175353,37.08662870163004,P0031,Sports
2026-07-02,30.018665406353612,25.685462964539816,34.35763894439109,P0031,Sports
2026-07-03,25.319030462218258,21.156801690981876,29.554150719138605,P0031,Sports
2026-07-04,23.08432681692741,18.75846434870177,27.335856912321614,P0031,Sports
2026-07-05,24.06205913781833,19.417020793688778,28.614156304302767,P0031,Sports
2026-07-06,26.910778881356116,22.739387658328727,31.42282045723837,P0031,Sports
2026-07-07,31.142312144110758,26.98910682779065,35.478331295107715,P0031,Sports
2026-07-08,31.74020762558692,27.375782893989207,35.94661506943472,P0031,Sports
2026-07-09,29.244638547346234,25.05265053940118,33.48126481979339,P0031,Sports
2026-07-10,24.60023820326883,20.402757640488165,29.08286503922186,P0031,Sports
2026-07-11,22.425935390424083,18.31073987275685,26.446025733645595,P0031,Sports
2026-07-12,23.467322413521615,19.22708278880517,27.69244107526672,P0031,Sports
2026-07-13,26.380936225891734,22.238447126212446,30.648848902853313,P0031,Sports
2026-07-14,30.67653934133692,26.499634931939877,35.1578103813612,P0031,Sports
2026-07-15,31.335622565897502,27.015090122258567,35.77228713038441,P0031,Sports
2026-07-16,28.89636189790037,24.534286023423917,33.55246815318649,P0031,Sports
2026-07-17,24.30150776206191,19.85350877610241,28.68188413116077,P0031,Sports
2026-07-18,22.16827134564887,18.001247220851056,26.389610938992078,P0031,Sports
2026-07-19,23.240739319862133,18.682611286245784,27.585695433276637,P0031,Sports
2026-07-20,26.17419620847231,21.900619952201012,30.552007097026717,P0031,Sports
2026-07-21,30.477439885957686,26.339986321757575,35.010257559683936,P0031,Sports
2026-07-22,31.13131128074754,26.98887832387166,35.10588355578211,P0031,Sports
2026-07-23,28.67366986789709,24.105330443925336,33.16166788051444,P0031,Sports
2026-07-24,24.04729258175996,19.556700618946312,28.401552292598193,P0031,Sports
2026-07-25,21.869760628043366,17.608215777587827,26.14913909038325,P0031,Sports
2026-07-26,22.885865443681062,18.249832283402608,27.224908992553488,P0031,Sports
2026-07-27,25.75191328791925,21.32326132599271,30.060158606932944,P0031,Sports
2026-07-28,29.97801441813822,25.485727774226547,33.920416541350704,P0031,Sports
2026-07-29,30.546578634882597,26.080360307806224,34.878773003464254,P0031,Sports
2026-07-30,27.9972497068562,23.90605670159281,32.323462641056125,P0031,Sports
2026-07-01,34.214712971383214,29.331227866689492,39.22054341971615,P0032,Grocery
2026-07-02,31.635422049679555,26.86619772093968,36.582931722533495,P0032,Grocery
2026-07-03,27.363260149419485,22.514902165754815,32.51081695342832,P0032,Grocery
2026-07-04,24.969900356046765,20.27062250452479,30.491063288246878,P0032,Grocery
2026-07-05,26.161565998339622,21.643261602827703,31.014292252678406,P0032,Grocery
2026-07-06,30.044738886487423,25.227745837885518,35.23642641188508,P0032,Grocery
2026-07-07,34.09632877905926,29.223184283012557,39.04539622681206,P0032,Grocery
2026-07-08,34.71444550817817,30.029333302368343,39.994127283446936,P0032,Grocery
2026-07-09,32.16781899816722,27.000216996555935,37.25442274594694,P0032,Grocery
2026-07-10,27.923471090099678,23.120231737641785,32.59683057941701,P0032,Grocery
2026-07-11,25.551614446269983,20.720544513349125,30.45987311353373,P0032,Grocery
2026-07-12,26.757205491799994,21.594927604745973,31.783047383371365,P0032,Grocery
2026-07-13,30.64569073740633,25.860252514273697,35.353216222494154,P0032,Grocery
2026-07-14,34.69320742565078,29.943827522600284,39.63883958410429,P0032,Grocery
2026-07-15,35.2973790157518,30.498456715679435,40.151172200243735,P0032,Grocery
2026-07-16,32.72675006096513,27.82191366048668,37.13903129467464,P0032,Grocery
2026-07-17,28.448463963199135,23.56774367709269,33.32183596399661,P0032,Grocery
2026-07-18,26.03315871502764,21.245360463006055,30.998235351622398,P0032,Grocery
2026-07-19,27.186507692325144,21.948070742292497,32.33166249914428,P0032,Grocery
2026-07-20,31.014945211165582,25.741049813123524,35.66675368467349,P0032,Grocery
2026-07-21,34.995838415410375,29.772945060862842,39.62090765534072,P0032,Grocery
2026-07-22,35.528246866603304,30.666020161225305,40.35965489416599,P0032,Grocery
2026-07-23,32.88231545597647,28.062825114328348,37.998274983260245,P0032,Grocery
2026-07-24,28.526905363365497,23.434635998342497,33.39601518487883,P0032,Grocery
2026-07-25,26.03443955285302,21.011750189043088,30.6268686958562,P0032,Grocery
2026-07-26,27.112391344887683,22.338043573304848,31.86490221705619,P0032,Grocery
2026-07-27,30.868957308828517,26.15607888665892,35.90100527612564,P0032,Grocery
2026-07-28,34.7831775807166,30.10223857612199,39.99922221157285,P0032,Grocery
2026-07-29,35.25564647953139,30.219417725849784,40.051415684603334,P0032,Grocery
2026-07-30,32.55786046213513,27.869896938915016,37.06111138709885,P0032,Grocery
2026-07-01,22.447787226240823,17.59186080681943,27.315140422637157,P0033,Electronics
2026-07-02,20.824655647888147,16.275585472688686,25.712749340868754,P0033,Electronics
2026-07-03,15.879460390201775,11.131954830727533,20.710222490554706,P0033,Electronics
2026-07-04,13.406758932524532,8.346286070945808,17.974875494559107,P0033,Electronics
2026-07-05,14.494791175817348,9.821956658061062,19.52307082785372,P0033,Electronics
2026-07-06,17.91420242136925,12.910674813177536,22.246448420031435,P0033,Electronics
2026-07-07,21.95442986422872,17.136904465427428,26.545582719555167,P0033,Electronics
2026-07-08,23.17719537469679,18.443413251885755,27.976440236351554,P0033,Electronics
2026-07-09,21.599118981667797,16.76956725153196,26.367021822034285,P0033,Electronics
2026-07-10,16.704990624805355,11.78191667182589,21.468817401288916,P0033,Electronics
2026-07-11,14.288951982070987,9.468338411477708,19.228141445676634,P0033,Electronics
2026-07-12,15.438722571209208,10.748961100481255,20.068962730493695,P0033,Electronics
2026-07-13,18.924321065319717,14.150662577046894,23.541084914622928,P0033,Electronics
2026-07-14,23.034452402090103,18.039193598635453,27.667092481396807,P0033,Electronics
2026-07-15,24.33000377916015,19.417936965824147,28.870371814722255,P0033,Electronics
2026-07-16,22.826664200841645,17.7178568137575,27.555974290846116,P0033,Electronics
2026-07-17,18.00820531363815,13.03364317748093,22.660987743817106,P0033,Electronics
2026-07-18,15.667675412690922,10.930435665853675,20.551631218050584,P0033,Electronics
2026-07-19,16.891640791562303,12.143037019894189,21.67748795282199,P0033,Electronics
2026-07-20,20.44892523881049,15.899091626498382,25.295962761963878,P0033,Electronics
2026-07-21,24.627018014553272,20.167808395074307,29.689063824671475,P0033,Electronics
2026-07-22,25.985593041806283,20.93283874292081,30.99984540455031,P0033,Electronics
2026-07-23,24.53915351711919,19.567784821491628,29.602911524900954,P0033,Electronics
2026-07-24,19.770339120946495,14.95977672450315,24.33295674610125,P0033,Electronics
2026-07-25,17.471147071495004,12.483382424081016,22.704108274397353,P0033,Electronics
2026-07-26,18.727200489702756,13.703227756097528,23.278370986539542,P0033,Electronics
2026-07-27,22.306514127535923,17.264909830961958,27.198888326719068,P0033,Electronics
2026-07-28,26.49592701605654,21.810176128243455,31.525551869828554,P0033,Electronics
2026-07-29,27.85464398978308,22.796062853915174,32.76273505630754,P0033,Electronics
2026-07-30,26.39689953588986,21.590867747624035,31.386006356049812,P0033,Electronics
2026-07-01,8.855456627009925,6.928241330776237,10.940726200604868,P0034,Grocery
2026-07-02,7.977937652003955,5.854957385231434,10.059028954404543,P0034,Grocery
2026-07-03,5.789772715344686,3.794794964592465,7.906786371148303,P0034,Grocery
2026-07-04,4.608300094611078,2.6260896917869965,6.7715654344498,P0034,Grocery
2026-07-05,5.346121396686556,3.2677548633881166,7.436180843305474,P0034,Grocery
2026-07-06,6.936368331995153,4.892035294476991,8.952857506111162,P0034,Grocery
2026-07-07,8.655649643249303,6.653669024803649,10.664536629400255,P0034,Grocery
2026-07-08,9.24647467603667,7.277041690953242,11.381914848279521,P0034,Grocery
2026-07-09,8.359615137834735,6.3673972791720015,10.35550231469168,P0034,Grocery
2026-07-10,6.161729811626225,4.078432246119055,8.195720644952726,P0034,Grocery
2026-07-11,4.970276209674816,2.824530667611672,6.954399334950496,P0034,Grocery
2026-07-12,5.69796894656298,3.5632805373271803,7.753858177676959,P0034,Grocery
2026-07-13,7.278047625948117,5.154187907945646,9.207811283743482,P0034,Grocery
2026-07-14,8.987224932560878,7.037245975263424,11.055026767047853,P0034,Grocery
2026-07-15,9.568111311234777,7.43028665178308,11.503745243120036,P0034,Grocery
2026-07-16,8.67157768128009,6.558078465084372,10.72942007790947,P0034,Grocery
2026-07-17,6.464380865880765,4.461718897948043,8.387852587302262,P0034,Grocery
2026-07-18,5.264075650164914,3.3231244124726396,7.365120184714301,P0034,Grocery
2026-07-19,5.983473193601948,3.8897813275998594,8.051685515109474,P0034,Grocery
2026-07-20,7.555908557160304,5.583019851571091,9.56416083442329,P0034,Grocery
2026-07-21,9.258188024938546,7.092018538248761,11.294795683243493,P0034,Grocery
2026-07-22,9.833012611572807,7.605103102891414,11.77913932543463,P0034,Grocery
2026-07-23,8.931339235594113,6.743551744537389,10.899266140884947,P0034,Grocery
2026-07-24,6.720004290279169,4.663587943529954,8.75144759954504,P0034,Grocery
2026-07-25,5.516633596495018,3.519782682096557,7.512062257734119,P0034,Grocery
2026-07-26,6.234098549744575,4.187506465826389,8.258757552810842,P0034,Grocery
2026-07-27,7.805781321062742,5.798071345549127,9.844475016575375,P0034,Grocery
2026-07-28,9.508519899306322,7.443494780024412,11.564743276337163,P0034,Grocery
2026-07-29,10.085029478548414,8.071429011946002,12.10826664988896,P0034,Grocery
2026-07-30,9.186261783069625,7.27081770347805,11.385010098443933,P0034,Grocery
2026-07-01,21.619191219791702,17.273821060265238,26.10060158489362,P0035,Apparel
2026-07-02,19.03975811120898,14.60373100277501,23.67899899437334,P0035,Apparel
2026-07-03,15.324735770412193,10.973426664498048,19.7190506806589,P0035,Apparel
2026-07-04,12.378982896999918,7.907729115023003,16.7264917737442,P0035,Apparel
2026-07-05,12.861412685599747,8.463151027368017,17.449061087954476,P0035,Apparel
2026-07-06,17.488287155991667,12.923602595596641,21.99951281611345,P0035,Apparel
2026-07-07,21.15434302988647,16.228079205002064,25.812382345170473,P0035,Apparel
2026-07-08,22.051057814299977,17.780720849307627,26.773826866721876,P0035,Apparel
2026-07-09,19.472421885910396,15.158230026441371,23.926909629338184,P0035,Apparel
2026-07-10,15.760069683935317,11.529451933879765,20.239325634541323,P0035,Apparel
2026-07-11,12.819112668337977,8.06171672131808,17.33622472882633,P0035,Apparel
2026-07-12,13.30860841061656,8.82606766033813,17.793853527324437,P0035,Apparel
2026-07-13,17.944850747735916,13.50556231118546,22.23083504279691,P0035,Apparel
2026-07-14,21.622495815252773,17.172218794641463,26.12222799195723,P0035,Apparel
2026-07-15,22.532832574594366,18.051167268885028,27.048133845195796,P0035,Apparel
2026-07-16,19.96956343368912,15.39316889774131,24.530483515005375,P0035,Apparel
2026-07-17,16.273947731310887,12.033082151547077,20.780568483388645,P0035,Apparel
2026-07-18,13.350650273425348,8.76426119042593,17.68843656868865,P0035,Apparel
2026-07-19,13.858228706974092,9.443361261603089,18.53742430413281,P0035,Apparel
2026-07-20,18.512443984750405,13.996699182618674,22.869894899601224,P0035,Apparel
2026-07-21,22.207407990868276,17.76376386148479,26.59501393717774,P0035,Apparel
2026-07-22,23.133876148723935,18.648455361792717,27.660179925190644,P0035,Apparel
2026-07-23,20.585049801050484,16.204675709626404,24.857056512584663,P0035,Apparel
2026-07-24,16.901740331062374,12.503223787821456,21.117911342110137,P0035,Apparel
2026-07-25,13.98823644996329,9.788347362022888,18.46170297720747,P0035,Apparel
2026-07-26,14.502807736133796,9.841613918493286,18.925490997413576,P0035,Apparel
2026-07-27,19.161028067631587,14.73311942017208,23.71669344018172,P0035,Apparel
2026-07-28,22.856932514286505,18.317522441120133,27.32175303756955,P0035,Apparel
2026-07-29,23.781315135421742,19.371707095937676,28.384689615786005,P0035,Apparel
2026-07-30,21.22753223724896,16.609174674307774,25.637977627955898,P0035,Apparel
2026-07-01,10.935325396508265,9.293148701711981,12.726831855197373,P0036,Electronics
2026-07-02,9.992251736392355,8.297642561984794,11.852915735733268,P0036,Electronics
2026-07-03,8.282046113082835,6.6478688957726675,9.907839482473529,P0036,Electronics
2026-07-04,7.415930985255986,5.817563692520842,9.111258097861946,P0036,Electronics
2026-07-05,7.647916895512794,5.935816852083811,9.376228044360694,P0036,Electronics
2026-07-06,9.104428518287547,7.4550340304158516,10.712376192049673,P0036,Electronics
2026-07-07,10.460969993440383,8.830331466032142,11.983319063168615,P0036,Electronics
2026-07-08,10.661313997946287,9.04587741436809,12.38144133822678,P0036,Electronics
2026-07-09,9.736970619452102,8.159357644453324,11.450119427072073,P0036,Electronics
2026-07-10,8.044787005500728,6.526689905138289,9.749324197056602,P0036,Electronics
2026-07-11,7.195525021612733,5.616175114626862,8.977709252063338,P0036,Electronics
2026-07-12,7.442763384208187,5.72938526615365,9.027589380517108,P0036,Electronics
2026-07-13,8.91253265259183,7.241290018673499,10.488255360974442,P0036,Electronics
2026-07-14,10.279988732751349,8.632288027811782,11.977904439363916,P0036,Electronics
2026-07-15,10.488609173360881,8.856714622374444,12.153310866026594,P0036,Electronics
2026-07-16,9.569668164904899,7.97003556635903,11.246879231736566,P0036,Electronics
2026-07-17,7.879841085758308,6.240011719562684,9.432033136366007,P0036,Electronics
2026-07-18,7.02978572355723,5.401382785998549,8.681490049822122,P0036,Electronics
2026-07-19,7.273046561154152,5.648880812513374,9.00548226666477,P0036,Electronics
2026-07-20,8.735690463696343,6.995783815804463,10.34541514403753,P0036,Electronics
2026-07-21,10.092979402940966,8.414250293852874,11.724937263685906,P0036,Electronics
2026-07-22,10.288564513045136,8.622846303901143,11.984948605260964,P0036,Electronics
2026-07-23,9.353957433872898,7.812936011328772,10.98408101055236,P0036,Electronics
2026-07-24,7.646129860184074,6.131115764993159,9.229622858139548,P0036,Electronics
2026-07-25,6.776088528290895,5.117865108881155,8.366549172777072,P0036,Electronics
2026-07-26,6.997772158781207,5.40420458693569,8.625534671407392,P0036,Electronics
2026-07-27,8.437678844783239,6.712078727147452,10.068673898753053,P0036,Electronics
2026-07-28,9.771529695075508,8.106000022380622,11.577629194010864,P0036,Electronics
2026-07-29,9.94345321626788,8.301391738920726,11.510950499879044,P0036,Electronics
2026-07-30,8.985446592705728,7.338368552400285,10.704596907585653,P0036,Electronics
2026-07-01,0.7501140234530448,0.23613142693006456,1.2475210891038522,P0037,Sports
2026-07-02,0.6448463529439189,0.132919042904889,1.1522328673747535,P0037,Sports
2026-07-03,0.3488944816836639,0.0,0.8706578656307512,P0037,Sports
2026-07-04,0.1720140748309712,0.0,0.6466900864777886,P0037,Sports
2026-07-05,0.09065580049304778,0.0,0.6105365365380692,P0037,Sports
2026-07-06,0.5007206821384154,0.0,1.0110960699552871,P0037,Sports
2026-07-07,0.6428612622365751,0.19613642773202467,1.1068407756481262,P0037,Sports
2026-07-08,0.619448762871517,0.11733228438248668,1.1184516070357005,P0037,Sports
2026-07-09,0.5180409403800958,0.014614054915966866,1.0009682771236252,P0037,Sports
2026-07-10,0.22777784382282806,0.0,0.7220847836212074,P0037,Sports
2026-07-11,0.0583951242404992,0.0,0.5878319982077513,P0037,Sports
2026-07-12,0.0,0.0,0.5338000813169611,P0037,Sports
2026-07-13,0.4072532604163446,0.0,0.8991797150107144,P0037,Sports
2026-07-14,0.5618187838576226,0.027874821116165297,1.0248191469299521,P0037,Sports
2026-07-15,0.552185519464559,0.030592770733819545,1.0416955410147002,P0037,Sports
2026-07-16,0.46571182880074,0.0,0.9631595021749075,P0037,Sports
2026-07-17,0.19131020836891466,0.0,0.6658102056716623,P0037,Sports
2026-07-18,0.038465013346136834,0.0,0.520807508883246,P0037,Sports
2026-07-19,0.0,0.0,0.4473278338314163,P0037,Sports
2026-07-20,0.42133328638339695,0.0,0.883660889058193,P0037,Sports
2026-07-21,0.5927981032876273,0.09069207248426284,1.0718697089962146,P0037,Sports
2026-07-22,0.5996057816250974,0.11186954023349047,1.0976526788660688,P0037,Sports
2026-07-23,0.5288290940561882,0.061630166046080764,1.0309733603095148,P0037,Sports
2026-07-24,0.26910680131240183,0.0,0.7763312271409275,P0037,Sports
2026-07-25,0.1296675448257789,0.0,0.6406078884312848,P0037,Sports
2026-07-26,0.08640198286941647,0.0,0.5860972952683614,P0037,Sports
2026-07-27,0.5346293450403821,0.021768316339272804,1.0425790881536423,P0037,Sports
2026-07-28,0.7144104854669873,0.2023944938468572,1.1854490231162529,P0037,Sports
2026-07-29,0.7275273555031208,0.21957842475879188,1.1972874237343127,P0037,Sports
2026-07-30,0.6609633134609776,0.14600152289997761,1.1500280025844596,P0037,Sports
2026-07-01,39.385428035908824,33.79675640346153,44.96219649698932,P0038,Apparel
2026-07-02,36.08621820097804,30.37268615341813,41.76005925257213,P0038,Apparel
2026-07-03,31.46752501811674,25.8015259282512,36.966772104150486,P0038,Apparel
2026-07-04,28.063000426505752,22.3187045582035,33.47076294794844,P0038,Apparel
2026-07-05,29.422276274741968,23.812736344241376,35.056622018162244,P0038,Apparel
2026-07-06,33.34837064501786,27.93916022531372,38.876871071931454,P0038,Apparel
2026-07-07,37.622648318740886,32.124783267326336,43.01093918290967,P0038,Apparel
2026-07-08,38.866320780618594,33.56191290112809,44.72994330942404,P0038,Apparel
2026-07-09,35.541839596630396,30.45909766917149,41.039599882252865,P0038,Apparel
2026-07-10,30.912764675756506,25.612443038000016,35.9378296352682,P0038,Apparel
2026-07-11,27.51227136632495,21.91392270940136,33.35080665671029,P0038,Apparel
2026-07-12,28.88902737829543,23.415049866053078,34.576429858011984,P0038,Apparel
2026-07-13,32.84462822921154,27.19038669042357,37.88119839604034,P0038,Apparel
2026-07-14,37.15860088769466,31.547956052530594,42.689502225585684,P0038,Apparel
2026-07-15,38.44995978279331,33.388805941668984,43.80221780370206,P0038,Apparel
2026-07-16,35.17866740108451,29.551587160444935,40.721724368399684,P0038,Apparel
2026-07-17,30.605579029974116,25.39015929187077,36.018034401490986,P0038,Apparel
2026-07-18,27.26103336281748,21.49456379086443,32.482722033023016,P0038,Apparel
2026-07-19,28.690817504639096,23.326419248757684,34.39392638737886,P0038,Apparel
2026-07-20,32.693692474684966,27.181449975376616,37.87425291859314,P0038,Apparel
2026-07-21,37.04648620781796,31.435821893870514,42.58191100155798,P0038,Apparel
2026-07-22,38.365735555619565,33.070932364293604,44.148973208580976,P0038,Apparel
2026-07-23,35.1092269275776,29.692358742405197,40.54605509352357,P0038,Apparel
2026-07-24,30.536012708017466,24.90863785033926,36.02338978832201,P0038,Apparel
2026-07-25,27.175062974829938,21.580399884912996,33.04644626762291,P0038,Apparel
2026-07-26,28.571279165926793,22.95018285285744,33.61501108840253,P0038,Apparel
2026-07-27,32.52305425131639,27.06538644010568,37.99230242420797,P0038,Apparel
2026-07-28,36.80738527530207,31.540037807684172,42.16814692832649,P0038,Apparel
2026-07-29,38.041519068897344,32.79770440465211,43.88488226344695,P0038,Apparel
2026-07-30,34.68448053109683,29.245321907622245,40.282329669669494,P0038,Apparel
2026-07-01,4.572088593811195,3.372930248860779,5.84584839202081,P0039,Grocery
2026-07-02,4.0657292821151385,2.9594416340800542,5.264616563212229,P0039,Grocery
2026-07-03,3.1327867477440257,1.9815838415289024,4.245860231301124,P0039,Grocery
2026-07-04,2.4953690783886207,1.381790909528591,3.6766995899238326,P0039,Grocery
2026-07-05,2.724747225328959,1.570137567479182,4.004892719390771,P0039,Grocery
2026-07-06,3.6104916281582917,2.466767330918476,4.808998093373631,P0039,Grocery
2026-07-07,4.549567042800376,3.3567765255642152,5.68584952858943,P0039,Grocery
2026-07-08,4.8785297434680785,3.7128328686506906,6.017646570148895,P0039,Grocery
2026-07-09,4.382795051026226,3.2323685940942544,5.515806752497003,P0039,Grocery
2026-07-10,3.458869504643908,2.3353840563696266,4.5794513252021165,P0039,Grocery
2026-07-11,2.8286440003833118,1.703818855436688,3.9245078272096205,P0039,Grocery
2026-07-12,3.0632115814306258,1.8862426301683985,4.290173398275776,P0039,Grocery
2026-07-13,3.952010299180784,2.889840314434584,5.170493869127284,P0039,Grocery
2026-07-14,4.891923181681488,3.756722826973095,5.995136181998357,P0039,Grocery
2026-07-15,5.21947930332794,4.0286293781751565,6.355139169251922,P0039,Grocery
2026-07-16,4.72012376444853,3.5561388614940213,5.831638546288679,P0039,Grocery
2026-07-17,3.790450791840496,2.6057476633621226,5.024283226629695,P0039,Grocery
2026-07-18,3.15249621949845,2.045220426304482,4.277818295543828,P0039,Grocery
2026-07-19,3.3775530143341053,2.2564359441788824,4.52156211540404,P0039,Grocery
2026-07-20,4.255310291520095,3.0452743690861626,5.461920443747792,P0039,Grocery
2026-07-21,5.182947927375228,4.0358953017623,6.4597770668417684,P0039,Grocery
2026-07-22,5.49733087917247,4.359058515302649,6.7350428253323935,P0039,Grocery
2026-07-23,4.984271178161495,3.9167587846316803,6.106271321373419,P0039,Grocery
2026-07-24,4.040752002211683,2.8447064397580757,5.214610156848777,P0039,Grocery
2026-07-25,3.3892103159310865,2.2385061376619664,4.6509679882285315,P0039,Grocery
2026-07-26,3.6013419985923845,2.3580078311596595,4.785745314327966,P0039,Grocery
2026-07-27,4.467230180284498,3.3048712835934766,5.58524081016848,P0039,Grocery
2026-07-28,5.384429182593118,4.187068115596443,6.641269588188458,P0039,Grocery
2026-07-29,5.690148466343868,4.5112069018443846,6.839468612877844,P0039,Grocery
2026-07-30,5.1705048422573,3.973211741115095,6.401693315675247,P0039,Grocery
2026-07-01,30.88094087424154,25.703697766792803,35.47370019614756,P0040,Grocery
2026-07-02,28.50044370664873,23.597505642602805,33.4905333783856,P0040,Grocery
2026-07-03,24.380077454834677,19.436448634982426,29.31878167810498,P0040,Grocery
2026-07-04,22.24972145949808,17.126795802025736,27.05659302610791,P0040,Grocery
2026-07-05,22.982057675785803,18.37752815891926,27.99271392584088,P0040,Grocery
2026-07-06,26.776922461968116,21.57216208007302,31.932914013486222,P0040,Grocery
2026-07-07,30.950737951333885,25.801824837670107,36.00982453767779,P0040,Grocery
2026-07-08,32.207884359343794,27.075451066896598,37.121713534545826,P0040,Grocery
2026-07-09,29.864888082806143,24.843794050256587,34.69833603548007,P0040,Grocery
2026-07-10,25.77768056457371,20.662324566131197,31.084727979111285,P0040,Grocery
2026-07-11,23.67500380322697,18.562550964880028,29.104917001142454,P0040,Grocery
2026-07-12,24.428507643075893,19.145714085389802,29.543982905561585,P0040,Grocery
2026-07-13,28.237128262561782,23.318387183999203,33.35759978811995,P0040,Grocery
2026-07-14,32.4165434800063,27.318836198206938,37.62992849569107,P0040,Grocery
2026-07-15,33.670565598331805,28.6602747860847,38.799818804705104,P0040,Grocery
2026-07-16,31.31534608785933,26.219719520618675,36.61038514774571,P0040,Grocery
2026-07-17,27.206646612210776,22.26070995753174,32.169142199598255,P0040,Grocery
2026-07-18,25.073251909157413,19.759810342081366,30.132701269290944,P0040,Grocery
2026-07-19,25.787069407939367,20.460515992545826,31.175694613862294,P0040,Grocery
2026-07-20,29.547504867169007,24.2843118190698,34.61998518014072,P0040,Grocery
2026-07-21,33.67090964586749,28.697312718012395,38.98560651023021,P0040,Grocery
2026-07-22,34.86196045010203,29.569446399808257,39.86579079383264,P0040,Grocery
2026-07-23,32.43784610396886,27.35181343396339,37.36464029724236,P0040,Grocery
2026-07-24,28.255516221434185,23.206996344797115,33.544814828441226,P0040,Grocery
2026-07-25,26.04506777893481,21.175722853918163,31.337914309220807,P0040,Grocery
2026-07-26,26.6798150628113,21.48760206638963,31.396260502928023,P0040,Grocery
2026-07-27,30.360632960034476,25.565073514310008,35.447546614486,P0040,Grocery
2026-07-28,34.40536996446085,29.161182376914454,39.784463515088625,P0040,Grocery
2026-07-29,35.52019255850094,30.383082535855465,40.211282329152866,P0040,Grocery
2026-07-30,33.023736373739325,27.946981527153106,38.128142743377985,P0040,Grocery
2026-07-01,31.69208264553489,26.683344793741238,36.691087218990006,P0041,Beauty
2026-07-02,28.24863252845621,23.667916861054163,33.157604317738745,P0041,Beauty
2026-07-03,23.515921871127063,18.67785524150066,28.481246064448584,P0041,Beauty
2026-07-04,20.68374254611986,15.95412512473388,25.89064743542546,P0041,Beauty
2026-07-05,21.100582354114437,16.142487599986076,25.716239678278917,P0041,Beauty
2026-07-06,26.185751326225446,21.149685123894685,31.223036465424737,P0041,Beauty
2026-07-07,30.995101820222125,26.155347161009814,36.061252385930494,P0041,Beauty
2026-07-08,31.535521419572717,26.634900824979123,36.444656563216704,P0041,Beauty
2026-07-09,28.052460427134434,23.386790985648787,32.60325303477252,P0041,Beauty
2026-07-10,23.275600199499475,18.572629536807153,27.98178868837438,P0041,Beauty
2026-07-11,20.395065954283886,15.675820792233493,25.199568427462555,P0041,Beauty
2026-07-12,20.759842490419818,16.133439495728176,25.665020855070864,P0041,Beauty
2026-07-13,25.789893275142056,20.802685426296915,30.768766047614815,P0041,Beauty
2026-07-14,30.54186838836969,25.352355690053315,35.37621165040199,P0041,Beauty
2026-07-15,31.023580620191506,25.945728480602053,35.540362280520384,P0041,Beauty
2026-07-16,27.481511936473947,22.599614917210094,32.49682445618191,P0041,Beauty
2026-07-17,22.64645710784396,17.771388138058516,27.47108481175754,P0041,Beauty
2026-07-18,19.70970879243228,14.883253755360794,24.859803064367085,P0041,Beauty
2026-07-19,20.02144326320649,14.999959114848432,25.016984171753172,P0041,Beauty
2026-07-20,25.002808053470027,20.26604826487922,29.906144333876043,P0041,Beauty
2026-07-21,29.711597879859475,24.805016049329208,34.43993683654546,P0041,Beauty
2026-07-22,30.15669902851098,25.435538888718416,34.707909537034865,P0041,Beauty
2026-07-23,26.58556530891497,21.781137978594227,31.54326256759432,P0041,Beauty
2026-07-24,21.72983323123952,16.744847581148086,26.67477454311867,P0041,Beauty
2026-07-25,18.78148150785697,13.804491981122162,23.776068534702837,P0041,Beauty
2026-07-26,19.09119480523442,14.025898989733104,23.74753751167812,P0041,Beauty
2026-07-27,24.080433660416716,19.246023687578287,28.858894709347563,P0041,Beauty
2026-07-28,28.807097448686676,24.008086571425448,34.009892880580786,P0041,Beauty
2026-07-29,29.27996098780863,24.368031086012447,34.09939673419295,P0041,Beauty
2026-07-30,25.746148143620346,21.000502774074565,30.496046546200155,P0041,Beauty
2026-07-01,9.274656013303614,7.782827192462633,10.818923502127479,P0042,Home & Kitchen
2026-07-02,8.148192805831496,6.576597289645034,9.627592101556955,P0042,Home & Kitchen
2026-07-03,6.580428658498569,4.96617476038331,8.18552562431445,P0042,Home & Kitchen
2026-07-04,5.539312485232309,3.975036013032365,7.146786371177413,P0042,Home & Kitchen
2026-07-05,5.992715522645379,4.42576903688499,7.528517628883222,P0042,Home & Kitchen
2026-07-06,7.2195662203728,5.616494852297383,8.80669083457721,P0042,Home & Kitchen
2026-07-07,8.684131658192626,7.144802451835633,10.252087523778453,P0042,Home & Kitchen
2026-07-08,9.181362156441205,7.642900363560845,10.697853101172436,P0042,Home & Kitchen
2026-07-09,8.067810607620599,6.531979898363071,9.542335975480013,P0042,Home & Kitchen
2026-07-10,6.509546285641268,5.048400272592188,8.10008213121764,P0042,Home & Kitchen
2026-07-11,5.474227374005958,3.9013085829712693,7.088811852538759,P0042,Home & Kitchen
2026-07-12,5.929529898550998,4.414018553570131,7.572177111875087,P0042,Home & Kitchen
2026-07-13,7.154288663778437,5.572759634045392,8.737405177595686,P0042,Home & Kitchen
2026-07-14,8.612782115139632,7.084533282900201,10.143984442705824,P0042,Home & Kitchen
2026-07-15,9.100077678869164,7.577495659744158,10.669797394641554,P0042,Home & Kitchen
2026-07-16,7.972949063229546,6.492733121804644,9.545000831954235,P0042,Home & Kitchen
2026-07-17,6.397785306669878,4.808383604333422,7.923273566393457,P0042,Home & Kitchen
2026-07-18,5.342655915592306,3.7994868562454847,6.9572913685215765,P0042,Home & Kitchen
2026-07-19,5.775729949713018,4.246700275831079,7.344635803581514,P0042,Home & Kitchen
2026-07-20,6.976404892462557,5.439960418587833,8.437260502807053,P0042,Home & Kitchen
2026-07-21,8.409577528378342,6.711020370949686,9.997445237681521,P0042,Home & Kitchen
2026-07-22,8.870973731259378,7.250108452241747,10.481938060512514,P0042,Home & Kitchen
2026-07-23,7.718049043741864,6.166915456532577,9.343255347282666,P0042,Home & Kitchen
2026-07-24,6.117880263887381,4.581363925649232,7.680075983383532,P0042,Home & Kitchen
2026-07-25,5.039212834495515,3.5064287154880214,6.6470913632418585,P0042,Home & Kitchen
2026-07-26,5.45086235655092,3.8629777298013663,7.050219396691533,P0042,Home & Kitchen
2026-07-27,6.632826526053303,5.160192699154779,8.254496081423916,P0042,Home & Kitchen
2026-07-28,8.050540163888705,6.429449466639157,9.581167593142412,P0042,Home & Kitchen
2026-07-29,8.500190664228144,6.879818649102474,10.116379568503307,P0042,Home & Kitchen
2026-07-30,7.339606126299432,5.925553465599993,8.982588328527912,P0042,Home & Kitchen
2026-07-01,40.087909254424154,34.85598311347418,45.42134447935706,P0043,Sports
2026-07-02,37.64331022793234,32.436523422649294,42.95818850855631,P0043,Sports
2026-07-03,31.776044387503106,26.729353827696396,36.91977190551487,P0043,Sports
2026-07-04,29.531349192036416,24.318507898141846,34.75430152234519,P0043,Sports
2026-07-05,30.136971492253473,24.93610271598167,35.42162789559592,P0043,Sports
2026-07-06,34.65974009514198,29.402860806803428,39.69187089254697,P0043,Sports
2026-07-07,39.212752036767164,34.01636171765629,44.92307024262499,P0043,Sports
2026-07-08,40.33138769016914,35.00465600688102,45.77603532246542,P0043,Sports
2026-07-09,37.87883736594997,32.507687601017004,42.87630805026898,P0043,Sports
2026-07-10,31.9883918408931,26.90193418612438,37.18651388548946,P0043,Sports
2026-07-11,29.706335380278286,24.291425588040667,35.0733729733653,P0043,Sports
2026-07-12,30.26180682758232,25.133248252005743,35.42471107790955,P0043,Sports
2026-07-13,34.72331866736539,29.336033963286962,39.6816493749007,P0043,Sports
2026-07-14,39.205882484711154,33.86790822445498,44.77952158528672,P0043,Sports
2026-07-15,40.24695790275368,34.66686754650738,45.22541436353196,P0043,Sports
2026-07-16,37.71190974249716,31.853864938545886,42.939596105220254,P0043,Sports
2026-07-17,31.736227996622688,26.402967111116254,36.97304921582385,P0043,Sports
2026-07-18,29.368351341634035,24.04363181925843,34.861272795653576,P0043,Sports
2026-07-19,29.839461861135014,24.25515159734371,34.551048340896244,P0043,Sports
2026-07-20,34.2199428601466,28.699134582689368,39.413531172115974,P0043,Sports
2026-07-21,38.626449988061914,33.23329593010099,44.09590230608328,P0043,Sports
2026-07-22,39.59781431068818,34.41900505506813,44.861021583499905,P0043,Sports
2026-07-23,37.000463357547176,31.428624492843063,42.37355425298179,P0043,Sports
2026-07-24,30.970615702150646,25.538687349604828,36.29031665252237,P0043,Sports
2026-07-25,28.55709042583902,23.03855228248601,34.32345985095432,P0043,Sports
2026-07-26,28.9910994070749,24.129547487284636,34.44202598939515,P0043,Sports
2026-07-27,33.342714223920225,27.82648738667108,38.74288520330409,P0043,Sports
2026-07-28,37.72795743936316,32.477643090660685,43.04193253559165,P0043,Sports
2026-07-29,38.684736123631644,33.48996705231844,43.8397227338373,P0043,Sports
2026-07-30,36.07830254138679,30.29125973648083,41.38094605979129,P0043,Sports
2026-07-01,28.924302254918203,24.250703116512817,34.18840623160073,P0044,Electronics
2026-07-02,24.788186798036698,19.726441210832288,29.602104593117737,P0044,Electronics
2026-07-03,19.751685053408895,14.646364105702482,24.64559628598927,P0044,Electronics
2026-07-04,17.069371831251647,12.347654406642459,22.539611618910047,P0044,Electronics
2026-07-05,17.92456508828937,12.893334602553779,22.95791907636959,P0044,Electronics
2026-07-06,21.51862650674479,16.409604029967255,26.49547350836271,P0044,Electronics
2026-07-07,26.355912681744158,21.423648442350256,31.27563776569004,P0044,Electronics
2026-07-08,28.31324515533689,23.36913209223479,33.444881987111756,P0044,Electronics
2026-07-09,24.169526215400143,19.432807606925017,29.48827702228299,P0044,Electronics
2026-07-10,19.1319130963819,14.273307944930425,24.021462395277393,P0044,Electronics
2026-07-11,16.4552161041248,11.510458124184535,21.463871392825613,P0044,Electronics
2026-07-12,17.32283395027548,12.742178016802567,22.3598751012136,P0044,Electronics
2026-07-13,20.93605011958913,16.079711833943477,25.876586826647788,P0044,Electronics
2026-07-14,25.798984011066008,21.114007427972126,30.814960510707934,P0044,Electronics
2026-07-15,27.788065106710206,22.896573499435856,32.53608040783372,P0044,Electronics
2026-07-16,23.681656984124643,18.594670220046314,28.425650594695593,P0044,Electronics
2026-07-17,18.686243594773043,14.110642133338908,23.791926524584465,P0044,Electronics
2026-07-18,16.05584300591436,11.143680895789553,20.9479019049836,P0044,Electronics
2026-07-19,16.97296147043409,12.154289969178981,21.88908575719706,P0044,Electronics
2026-07-20,20.637911138968025,15.834308613969565,25.773098526971523,P0044,Electronics
2026-07-21,25.553784576257367,20.681301451679353,30.79336660877284,P0044,Electronics
2026-07-22,27.595953700295155,22.428136436994507,32.273462473673455,P0044,Electronics
2026-07-23,23.54171929039845,18.578421309142293,28.38501566713596,P0044,Electronics
2026-07-24,18.596522797249328,13.787556547204455,23.156939741634762,P0044,Electronics
2026-07-25,16.013384967971156,11.293514169050821,21.085977959115276,P0044,Electronics
2026-07-26,16.97388348715631,12.091615545216708,21.713274074670338,P0044,Electronics
2026-07-27,20.677492326262573,16.044729313496006,25.447383468188207,P0044,Electronics
2026-07-28,25.626575399926526,20.93883515050692,30.505334127293697,P0044,Electronics
2026-07-29,27.695901659024337,22.83721900648436,32.711869070647055,P0044,Electronics
2026-07-30,23.662307365756384,18.685813500287363,28.09916688155894,P0044,Electronics
2026-07-01,13.931341798840768,11.87044976005682,16.07832072003468,P0045,Home & Kitchen
2026-07-02,12.847250067981925,10.801424434118742,14.985676080281674,P0045,Home & Kitchen
2026-07-03,10.513099616828152,8.436468155697263,12.665467921654619,P0045,Home & Kitchen
2026-07-04,9.285936917863093,7.211511448929335,11.372924832744348,P0045,Home & Kitchen
2026-07-05,9.57831263199334,7.373392368761425,11.448597039493412,P0045,Home & Kitchen
2026-07-06,11.408824117813644,9.510745070684564,13.545842478073114,P0045,Home & Kitchen
2026-07-07,13.398420042822384,11.318446055830579,15.516669533575445,P0045,Home & Kitchen
2026-07-08,13.787567629071319,11.656907334719323,15.888220610893164,P0045,Home & Kitchen
2026-07-09,12.726521284170891,10.636761466368151,14.906093652920209,P0045,Home & Kitchen
2026-07-10,10.413091362024112,8.315111594886101,12.533805426309577,P0045,Home & Kitchen
2026-07-11,9.203695322427556,7.1118445804293495,11.24240475457921,P0045,Home & Kitchen
2026-07-12,9.510350820039797,7.3720329458080505,11.530575097991278,P0045,Home & Kitchen
2026-07-13,11.351231481862794,9.24387771525593,13.479434366164385,P0045,Home & Kitchen
2026-07-14,13.3469816363192,11.099092594715085,15.410027469201186,P0045,Home & Kitchen
2026-07-15,13.737890285508726,11.621407826593583,15.797772888255652,P0045,Home & Kitchen
2026-07-16,12.674162925354443,10.527566480513615,14.651131107840413,P0045,Home & Kitchen
2026-07-17,10.353689910215126,8.248017879249703,12.344570006165902,P0045,Home & Kitchen
2026-07-18,9.133093681249486,7.0289714849036,11.154848614523944,P0045,Home & Kitchen
2026-07-19,9.424714535931793,7.376467507159586,11.531728106608478,P0045,Home & Kitchen
2026-07-20,11.247155935313257,9.271257741757793,13.323285503425549,P0045,Home & Kitchen
2026-07-21,13.221585934137224,11.220609233244566,15.2476968955202,P0045,Home & Kitchen
2026-07-22,13.588895420921457,11.608611923887397,15.72968408243885,P0045,Home & Kitchen
2026-07-23,12.499952231579336,10.322861296635102,14.633845412497903,P0045,Home & Kitchen
2026-07-24,10.153350340816564,8.019163818336883,12.19060753920875,P0045,Home & Kitchen
2026-07-25,8.906436993707207,6.723928617333198,11.191916355405088,P0045,Home & Kitchen
2026-07-26,9.172278017429457,7.09190318946818,11.288295414878945,P0045,Home & Kitchen
2026-07-27,10.97018287649974,8.924862468422367,13.015242707440503,P0045,Home & Kitchen
2026-07-28,12.9219866115887,10.752822833890027,14.868159548143552,P0045,Home & Kitchen
2026-07-29,13.269189877380445,11.163365768577489,15.476123464299594,P0045,Home & Kitchen
2026-07-30,12.163196630172594,10.18731136023465,14.107122190324214,P0045,Home & Kitchen
2026-07-01,19.35673753384963,14.006383442319272,24.634043897461467,P0046,Electronics
2026-07-02,15.43873264523425,10.15450499222015,21.007354519284874,P0046,Electronics
2026-07-03,10.897987279536622,4.642223225030551,16.50972805065195,P0046,Electronics
2026-07-04,7.711529457969743,2.048211559363923,13.25319829097729,P0046,Electronics
2026-07-05,8.666062554457952,3.3102414402421028,14.247692891041897,P0046,Electronics
2026-07-06,13.651824901675264,8.037679907222207,19.172459325194286,P0046,Electronics
2026-07-07,18.128427813886884,12.489088912316925,23.36367131947327,P0046,Electronics
2026-07-08,19.710028146853183,14.271746786622254,25.06529676528458,P0046,Electronics
2026-07-09,15.786757018290935,10.557751096849366,21.46652461200004,P0046,Electronics
2026-07-10,11.248699803284577,5.578248985111668,17.020154058361577,P0046,Electronics
2026-07-11,8.073161251521103,2.4860971627764465,14.005331623589813,P0046,Electronics
2026-07-12,9.046847572946131,3.467183507891602,14.36299935722055,P0046,Electronics
2026-07-13,14.059728255461614,8.688824500226895,19.50012652030047,P0046,Electronics
2026-07-14,18.57088407121277,13.425907012618056,24.066409248689222,P0046,Electronics
2026-07-15,20.193697092086992,14.074741886265958,26.041612183572354,P0046,Electronics
2026-07-16,16.317303827054708,10.754065073450587,21.956647520577285,P0046,Electronics
2026-07-17,11.83060588957143,6.174607495515573,17.215785918916456,P0046,Electronics
2026-07-18,8.709571158844323,3.501804174460307,14.54912222411578,P0046,Electronics
2026-07-19,9.739456248911186,3.978811891548354,15.377400188972052,P0046,Electronics
2026-07-20,14.808711894024489,8.923287979107991,20.357760541474335,P0046,Electronics
2026-07-21,19.374876464578257,13.467160511527329,24.692741960503202,P0046,Electronics
2026-07-22,21.049812137207624,15.290323596841468,26.849726719158053,P0046,Electronics
2026-07-23,17.221203519973955,12.126040789841664,22.8539360048827,P0046,Electronics
2026-07-24,12.776611848083306,6.901334224387439,18.214337319490117,P0046,Electronics
2026-07-25,9.690816479725774,4.367516886669565,15.55892248865504,P0046,Electronics
2026-07-26,10.748073363121712,5.149815290996081,16.24474247411293,P0046,Electronics
2026-07-27,15.83605106491024,10.317733149579881,21.850005600427036,P0046,Electronics
2026-07-28,20.411748708336553,15.096260271121835,25.986475601842002,P0046,Electronics
2026-07-29,22.086749656353923,16.57151863583862,27.560721395123124,P0046,Electronics
2026-07-30,18.248730247958946,12.653780507397816,23.33842180082723,P0046,Electronics
2026-07-01,5.560295389110525,4.432745228384155,6.726327798477002,P0047,Sports
2026-07-02,5.119856305441857,3.953657685053237,6.187121995299383,P0047,Sports
2026-07-03,4.101168224278994,2.9861506753420275,5.275527304318828,P0047,Sports
2026-07-04,3.4411540326251786,2.3413834414383072,4.515360769293243,P0047,Sports
2026-07-05,3.6322829452115593,2.4563495399120754,4.747406943835568,P0047,Sports
2026-07-06,4.667792612802933,3.567982307205224,5.753566126619637,P0047,Sports
2026-07-07,5.396195221242321,4.1565580762794365,6.486470203312961,P0047,Sports
2026-07-08,5.675229451781649,4.558573216389289,6.865138155581313,P0047,Sports
2026-07-09,5.251196123980897,4.196138854296651,6.4517590480142974,P0047,Sports
2026-07-10,4.251292057666103,3.0287167567720683,5.434754125649733,P0047,Sports
2026-07-11,3.612174605742611,2.518328566289228,4.692021745854014,P0047,Sports
2026-07-12,3.8259867715941294,2.700118185596195,4.922428115632387,P0047,Sports
2026-07-13,4.885584966726345,3.7241344127678744,6.026489094502541,P0047,Sports
2026-07-14,5.639052348142156,4.553012728925471,6.810888950715406,P0047,Sports
2026-07-15,5.943659449964887,4.896999060952674,7.123482358849438,P0047,Sports
2026-07-16,5.545209732337365,4.427314536029762,6.636085982797304,P0047,Sports
2026-07-17,4.570384348767421,3.4635316657959256,5.67985140879548,P0047,Sports
2026-07-18,3.95531831706383,2.8324302886511794,5.111329806752318,P0047,Sports
2026-07-19,4.191637717021415,3.0515501251607877,5.312483312979766,P0047,Sports
2026-07-20,5.271699663273895,4.101312912993571,6.393811570521373,P0047,Sports
2026-07-21,6.0431176777359426,4.888123296348604,7.227407718385733,P0047,Sports
2026-07-22,6.362733861239953,5.180709879114958,7.388174704085532,P0047,Sports
2026-07-23,5.9759751819232365,4.809349328795008,7.089235138117637,P0047,Sports
2026-07-24,5.009207893352752,3.851160393571808,6.132022191883724,P0047,Sports
2026-07-25,4.3983220051990255,3.2694238148922294,5.5170611362212165,P0047,Sports
2026-07-26,4.634775200203034,3.4686667433262985,5.7770992917639195,P0047,Sports
2026-07-27,5.710837756066031,4.66300511697863,6.854575259376845,P0047,Sports
2026-07-28,6.474120951864883,5.368900969027062,7.595791967757181,P0047,Sports
2026-07-29,6.7815502631554665,5.686515274477552,7.895859478222527,P0047,Sports
2026-07-30,6.378720620051876,5.212743506209735,7.5367985444520045,P0047,Sports
2026-07-01,27.261972476956135,22.919326482212732,31.102125835902733,P0048,Apparel
2026-07-02,24.689999111781,20.65704395226948,28.845559978791822,P0048,Apparel
2026-07-03,21.20700011760143,16.950515211385547,25.067845192203666,P0048,Apparel
2026-07-04,18.901074675497807,14.802806658655363,22.818586051211817,P0048,Apparel
2026-07-05,19.884007945805386,15.714309623486471,23.90862516457725,P0048,Apparel
2026-07-06,23.004606630414944,19.116686438695623,26.763497145437167,P0048,Apparel
2026-07-07,26.941636383110367,23.10344211993577,31.004671477478215,P0048,Apparel
2026-07-08,27.605078697762774,23.484550880470074,31.672073203516366,P0048,Apparel
2026-07-09,25.058402041588394,20.91470792361819,29.068622805055515,P0048,Apparel
2026-07-10,21.602967742777917,17.4642197478292,25.81921477441375,P0048,Apparel
2026-07-11,19.32565810005345,15.383168490513551,23.51368045210328,P0048,Apparel
2026-07-12,20.33697834109187,16.34369106117406,24.32281399175615,P0048,Apparel
2026-07-13,23.48442954247797,19.539606558552414,27.52326058260008,P0048,Apparel
2026-07-14,27.445484668423404,23.302849742223753,31.66276340527508,P0048,Apparel
2026-07-15,28.128884228588085,24.332086224221246,32.443744090445485,P0048,Apparel
2026-07-16,25.596945179935084,21.7246121293021,29.39462670878878,P0048,Apparel
2026-07-17,22.15000246152637,17.969156021463714,26.518544501616137,P0048,Apparel
2026-07-18,19.874069563075146,15.656390054205886,23.640195587234768,P0048,Apparel
2026-07-19,20.878968774536492,17.067180965723477,24.93306666815424,P0048,Apparel
2026-07-20,24.01172736401211,20.15339130728111,28.072067058929864,P0048,Apparel
2026-07-21,27.94957111840963,23.894743557725945,31.94937129746173,P0048,Apparel
2026-07-22,28.60123118629758,24.505613454768376,32.33715246611847,P0048,Apparel
2026-07-23,26.02925746870403,21.987014754563106,30.04720948188431,P0048,Apparel
2026-07-24,22.534457758561437,18.50868916882528,26.46023046530441,P0048,Apparel
2026-07-25,20.203549040953177,16.185535975623047,24.292023971853713,P0048,Apparel
2026-07-26,21.147271811336367,16.88875168201482,25.25300856249931,P0048,Apparel
2026-07-27,24.21376406290045,20.16003961220147,28.044612941359457,P0048,Apparel
2026-07-28,28.081526963878698,24.048305657606807,32.17017100563265,P0048,Apparel
2026-07-29,28.660698917267624,24.62734200460836,32.60177420641583,P0048,Apparel
2026-07-30,26.01533214653609,22.05733604679149,30.19916252654553,P0048,Apparel
2026-07-01,11.452708422555133,9.756247685546793,13.182111614284526,P0049,Beauty
2026-07-02,10.678941539349921,8.949073067304175,12.361937627292095,P0049,Beauty
2026-07-03,8.71283662372604,7.050751859479226,10.542644820358696,P0049,Beauty
2026-07-04,7.855566504503723,6.1397080154171535,9.58397856012813,P0049,Beauty
2026-07-05,8.202035150246884,6.457393631816487,9.876696584732363,P0049,Beauty
2026-07-06,9.584226814391927,7.9059389973302805,11.272444502993807,P0049,Beauty
2026-07-07,11.22636107793926,9.485059062605407,12.889602451601688,P0049,Beauty
2026-07-08,11.62725578867322,9.846178391577869,13.309218792018742,P0049,Beauty
2026-07-09,10.834545129039888,8.993114742727577,12.466144126714926,P0049,Beauty
2026-07-10,8.84832669832736,7.210796989543829,10.579563557293937,P0049,Beauty
2026-07-11,7.970358226131864,6.355233168416013,9.747073883860862,P0049,Beauty
2026-07-12,8.296113236747678,6.608095093639098,10.113710487403702,P0049,Beauty
2026-07-13,9.658113775878045,7.926346477834429,11.4128151787406,P0049,Beauty
2026-07-14,11.281070370720963,9.5307595979815,12.89672674227847,P0049,Beauty
2026-07-15,11.66423163837018,9.994744962062772,13.439717323913806,P0049,Beauty
2026-07-16,10.855591133527247,9.15841041332028,12.7205335676484,P0049,Beauty
2026-07-17,8.855525613744984,7.064503629217681,10.513128511367643,P0049,Beauty
2026-07-18,7.965985557032831,6.289156257297931,9.76333366140196,P0049,Beauty
2026-07-19,8.282547390064316,6.577425895986123,10.014173121900143,P0049,Beauty
2026-07-20,9.637745593552935,7.936909865822956,11.312702031081841,P0049,Beauty
2026-07-21,11.256214828137477,9.50590123146354,13.045024091587578,P0049,Beauty
2026-07-22,11.637044385686316,9.952245036750602,13.406748456557015,P0049,Beauty
2026-07-23,10.827992369950543,9.132054416375551,12.692093642146927,P0049,Beauty
2026-07-24,8.82913352601197,7.080237251405848,10.599195870220274,P0049,Beauty
2026-07-25,7.942061232085962,6.151613341386461,9.670140494265736,P0049,Beauty
2026-07-26,8.261952737755527,6.423705779544898,10.01687198207936,P0049,Beauty
2026-07-27,9.620915399997067,7.910754248299133,11.22700560898858,P0049,Beauty
2026-07-28,11.243143616558271,9.591269135823364,13.03872453945706,P0049,Beauty
2026-07-29,11.627288302863866,9.911615862890587,13.3442002027475,P0049,Beauty
2026-07-30,10.820685856179093,9.01471418636827,12.603507474145022,P0049,Beauty
2026-07-01,34.30114654597674,29.586122499069564,39.11964800309044,P0050,Home & Kitchen
2026-07-02,31.684868981022746,26.16983458706309,36.5851408175913,P0050,Home & Kitchen
2026-07-03,26.722200869410155,21.592912236159922,31.474749720629717,P0050,Home & Kitchen
2026-07-04,23.343012343338224,18.249832076277116,28.756599750764128,P0050,Home & Kitchen
2026-07-05,25.0407473402186,20.29335131020067,29.948812776989524,P0050,Home & Kitchen
2026-07-06,28.560005375379106,23.73534267497517,33.302861414225276,P0050,Home & Kitchen
2026-07-07,31.857911029116458,26.757256712306262,36.724303379077625,P0050,Home & Kitchen
2026-07-08,33.03061146141256,27.991331347111455,37.87908365125088,P0050,Home & Kitchen
2026-07-09,30.404852347417233,25.685324901293605,35.21043512577189,P0050,Home & Kitchen
2026-07-10,25.442191042642932,20.430304917390576,30.433357207851536,P0050,Home & Kitchen
2026-07-11,22.07229618892039,17.22432687768272,26.975803654488313,P0050,Home & Kitchen
2026-07-12,23.788153820415275,19.266490505053106,28.643807606798184,P0050,Home & Kitchen
2026-07-13,27.333656701826566,22.606699600187277,32.31395180722859,P0050,Home & Kitchen
2026-07-14,30.66498809887917,25.57201062210134,35.69168707578989,P0050,Home & Kitchen
2026-07-15,31.877140003949485,26.7834284740527,37.11272823942379,P0050,Home & Kitchen
2026-07-16,29.295515746353985,24.45456453065984,34.537908662082394,P0050,Home & Kitchen
2026-07-17,24.38017517135454,19.626311457929596,29.398870523161793,P0050,Home & Kitchen
2026-07-18,21.059170826299983,16.174666392760287,26.124889098735753,P0050,Home & Kitchen
2026-07-19,22.82379431405734,17.742519552063595,27.664977436436516,P0050,Home & Kitchen
2026-07-20,26.41620854016584,21.2445739700552,31.35932335982897,P0050,Home & Kitchen
2026-07-21,29.79087597030859,25.086518295206236,34.53103285810917,P0050,Home & Kitchen
2026-07-22,31.041121784131988,25.663185952209577,35.983692980326,P0050,Home & Kitchen
2026-07-23,28.490780697422004,23.508056276604496,32.958280522389934,P0050,Home & Kitchen
2026-07-24,23.59848448571578,18.76649057240663,28.619538956551562,P0050,Home & Kitchen
2026-07-25,20.291037535772816,15.623609332131371,24.736910724790455,P0050,Home & Kitchen
2026-07-26,22.05869853991563,17.217372445637473,27.28726007438109,P0050,Home & Kitchen
2026-07-27,25.64284310974417,20.61276792466035,30.826602595087277,P0050,Home & Kitchen
2026-07-28,28.997416596060518,24.29424624267933,33.75564947305493,P0050,Home & Kitchen
2026-07-29,30.215515314127458,25.26454209720409,35.058997912212206,P0050,Home & Kitchen
2026-07-30,27.621044420545132,22.612466788291794,32.410175257646955,P0050,Home & Kitchen
2026-07-01,4.978700925233162,3.997789490645955,5.955778232813654,P0051,Electronics
2026-07-02,4.362260219458614,3.3798783737043556,5.384115855858554,P0051,Electronics
2026-07-03,3.4595110391358266,2.4345770138070675,4.482198286907825,P0051,Electronics
2026-07-04,2.778843066831457,1.7525220713051233,3.7566591900548296,P0051,Electronics
2026-07-05,3.106648332214677,2.1713552401008687,4.147702186252664,P0051,Electronics
2026-07-06,3.8649575551270816,2.912665298375351,4.863763665090562,P0051,Electronics
2026-07-07,4.8121156835517755,3.7819257638141663,5.810600339575576,P0051,Electronics
2026-07-08,4.988915730966811,3.974598990931026,6.059563502360624,P0051,Electronics
2026-07-09,4.371636619111422,3.3273076402257233,5.464973853095781,P0051,Electronics
2026-07-10,3.4687017902303,2.519870808094049,4.487041378265676,P0051,Electronics
2026-07-11,2.788527336989778,1.7360750625596675,3.823841502051294,P0051,Electronics
2026-07-12,3.1175067000895016,2.095234609085721,4.12510552543944,P0051,Electronics
2026-07-13,3.87764753912045,2.832355231015979,4.882675788372717,P0051,Electronics
2026-07-14,4.827248555636256,3.787711690090009,5.839874532049819,P0051,Electronics
2026-07-15,5.007035316911103,4.0292879392235985,6.058549383714158,P0051,Electronics
2026-07-16,4.393200710458999,3.340180236224045,5.431810021234186,P0051,Electronics
2026-07-17,3.4940667003656722,2.4754725008503824,4.5861026476812885,P0051,Electronics
2026-07-18,2.817936026328466,1.85727212968296,3.815437187897688,P0051,Electronics
2026-07-19,3.1510807777453342,2.1224130846632256,4.15001969325354,P0051,Electronics
2026-07-20,3.9153833235048974,2.8614373837207423,5.010269626408771,P0051,Electronics
2026-07-21,4.8690172488364984,3.825987336730262,5.955802678820102,P0051,Electronics
2026-07-22,5.052587220538959,4.039601163219867,6.11609819777129,P0051,Electronics
2026-07-23,4.442173288456527,3.362006001403489,5.473554312038456,P0051,Electronics
2026-07-24,3.5459961798880517,2.5021602551753404,4.568750519167049,P0051,Electronics
2026-07-25,2.87227212513827,1.9091717132558366,3.9636057361502246,P0051,Electronics
2026-07-26,3.2072040580455696,2.159967417292595,4.2790180222153404,P0051,Electronics
2026-07-27,3.972624600394434,2.8774287288015334,5.0013168796008465,P0051,Electronics
2026-07-28,4.926678428316928,3.7934996434163755,5.9512235816051655,P0051,Electronics
2026-07-29,5.109962908637953,4.153016276050477,6.205041272673181,P0051,Electronics
2026-07-30,4.498572500069428,3.519301589374278,5.497676761000418,P0051,Electronics
2026-07-01,9.102448514857402,7.247843115957716,10.911889837248225,P0052,Sports
2026-07-02,8.143837733363462,6.24212435547025,10.021626279274619,P0052,Sports
2026-07-03,6.151035857383469,4.350652197497914,8.069531454078726,P0052,Sports
2026-07-04,5.362519661630095,3.523956750614706,7.227734708996167,P0052,Sports
2026-07-05,5.42157753699986,3.4551154806725726,7.220290977948405,P0052,Sports
2026-07-06,7.241193457802158,5.286579169108313,9.004395971705513,P0052,Sports
2026-07-07,8.799039095138049,6.863040054968503,10.592615605872751,P0052,Sports
2026-07-08,9.213950127440324,7.304559389337566,11.074309370374781,P0052,Sports
2026-07-09,8.24840561267336,6.344518783656699,10.174123305288324,P0052,Sports
2026-07-10,6.252196394237341,4.269370273844065,8.11102037374555,P0052,Sports
2026-07-11,5.464003423206438,3.6061426453424614,7.4097412537469225,P0052,Sports
2026-07-12,5.527248040246245,3.7011048038399936,7.3906453211592105,P0052,Sports
2026-07-13,7.354971099122997,5.529027830489313,9.121340072564289,P0052,Sports
2026-07-14,8.924821811487613,7.185353155332258,10.744036463806754,P0052,Sports
2026-07-15,9.355532473424347,7.67344685037014,11.31254388353219,P0052,Sports
2026-07-16,8.409398009730701,6.418429956726914,10.23233308493885,P0052,Sports
2026-07-17,6.435946339588002,4.593295021136825,8.197850306507585,P0052,Sports
2026-07-18,5.673520435839077,3.8364135668846724,7.5478772370941405,P0052,Sports
2026-07-19,5.765134069265961,4.000947853348484,7.683042742578261,P0052,Sports
2026-07-20,7.623358025959792,5.887833138583148,9.481320747669624,P0052,Sports
2026-07-21,9.225317544385733,7.355439820468681,11.052473991261579,P0052,Sports
2026-07-22,9.689176961948892,7.707989762632486,11.512993327517053,P0052,Sports
2026-07-23,8.776630303374203,7.063756465123266,10.535407250206154,P0052,Sports
2026-07-24,6.836583581340066,5.023654593294277,8.793111812402563,P0052,Sports
2026-07-25,6.106749424931002,3.958658909124754,7.91175829772468,P0052,Sports
2026-07-26,6.229515752511114,4.2651576862489256,8.09671946413754,P0052,Sports
2026-07-27,8.116844990857118,6.334314286851381,9.952055642154956,P0052,Sports
2026-07-28,9.745284295963051,8.01803141930209,11.524284800730586,P0052,Sports
2026-07-29,10.23246247633979,8.350996849573772,12.154199778318365,P0052,Sports
2026-07-30,9.33959207108351,7.567735805775303,11.226449960051609,P0052,Sports
2026-07-01,11.37847658434607,9.271071290054207,13.519674148262805,P0053,Grocery
2026-07-02,10.13704420569892,8.038977274886985,12.373747931962635,P0053,Grocery
2026-07-03,8.238365576770496,6.192464732543564,10.256902333665893,P0053,Grocery
2026-07-04,7.270023037535846,5.215552091950892,9.353344524852353,P0053,Grocery
2026-07-05,7.890981505417582,5.792565463189603,10.1396379431736,P0053,Grocery
2026-07-06,9.526276882320207,7.493851747674932,11.65710528053261,P0053,Grocery
2026-07-07,11.37510157320898,9.37302141761611,13.348575138119012,P0053,Grocery
2026-07-08,11.829376597099406,9.607920720787673,13.919848603295513,P0053,Grocery
2026-07-09,10.603319751245305,8.483911766271747,12.620883594525669,P0053,Grocery
2026-07-10,8.720597143722445,6.536123419152368,10.93249463665214,P0053,Grocery
2026-07-11,7.768286501749849,5.570557004001354,9.757738719345793,P0053,Grocery
2026-07-12,8.404833831099248,6.479096734896059,10.541850366166361,P0053,Grocery
2026-07-13,10.054756594014785,8.075538337815576,12.179919310411371,P0053,Grocery
2026-07-14,11.916744108354646,9.675731698537923,14.094941922878359,P0053,Grocery
2026-07-15,12.382244223463871,10.306633887959071,14.617375572406697,P0053,Grocery
2026-07-16,11.16504531430892,8.981985813796625,13.26911694528322,P0053,Grocery
2026-07-17,9.288440508541536,7.333855495065762,11.337246191398416,P0053,Grocery
2026-07-18,8.339202183026392,6.202020745274622,10.534683762106129,P0053,Grocery
2026-07-19,8.975547975839252,6.889967537213477,11.073585291216693,P0053,Grocery
2026-07-20,10.621851202004308,8.532741590132257,12.550619432245906,P0053,Grocery
2026-07-21,12.476746156192807,10.549655026308944,14.53371376266586,P0053,Grocery
2026-07-22,12.931717203522332,10.808969167531828,14.99563987560842,P0053,Grocery
2026-07-23,11.700680616765188,9.621917749810363,13.85582463215382,P0053,Grocery
2026-07-24,9.807146064125565,7.825220241876861,11.913706807234533,P0053,Grocery
2026-07-25,8.838185848030335,6.629067462126575,10.877780836782822,P0053,Grocery
2026-07-26,9.45239327713544,7.299728441128992,11.459950364539065,P0053,Grocery
2026-07-27,11.074583265039788,8.942485670203924,13.061264236374695,P0053,Grocery
2026-07-28,12.90388590743494,10.894282369885154,15.161346980085527,P0053,Grocery
2026-07-29,13.332322263327715,11.460122855199009,15.348713563541098,P0053,Grocery
2026-07-30,12.074371669890835,9.838483328797608,14.143432815692545,P0053,Grocery
2026-07-01,24.441172968657224,20.640281436102175,27.861338607348678,P0054,Apparel
2026-07-02,21.82243157160655,18.335541989699923,25.47298233481807,P0054,Apparel
2026-07-03,18.105155424514734,14.345766911387384,21.638598772439426,P0054,Apparel
2026-07-04,15.820738527879964,12.202443570398604,19.298321325197758,P0054,Apparel
2026-07-05,17.310194797616795,13.750981145184568,21.06675758863957,P0054,Apparel
2026-07-06,20.070455686346726,16.374688889182067,23.661931755417015,P0054,Apparel
2026-07-07,23.115593939488456,19.631696902437888,27.078312737818113,P0054,Apparel
2026-07-08,24.29952969987245,20.604534127070593,28.00170907155989,P0054,Apparel
2026-07-09,21.654187050936194,17.992250016358803,25.356334230935595,P0054,Apparel
2026-07-10,17.910012298248628,14.33965348742035,21.66764220372957,P0054,Apparel
2026-07-11,15.599133562232613,11.977938581472335,19.243066999016655,P0054,Apparel
2026-07-12,17.06328471118216,13.486615260999228,20.702839378998718,P0054,Apparel
2026-07-13,19.800078473020434,16.182613500589888,23.326053513089548,P0054,Apparel
2026-07-14,22.82420708587975,18.877412779024585,26.54952186607933,P0054,Apparel
2026-07-15,23.990127437112573,20.364717708423104,27.673575001535006,P0054,Apparel
2026-07-16,21.3301994469994,17.809959574966925,25.078641557466756,P0054,Apparel
2026-07-17,17.57518957388888,13.826532954591826,21.399293086012097,P0054,Apparel
2026-07-18,15.257419482373898,11.848988592308675,18.971507899648085,P0054,Apparel
2026-07-19,16.718683251380657,13.154672279917628,20.35181367915732,P0054,Apparel
2026-07-20,19.456518174753374,15.91533144216841,23.249291425764223,P0054,Apparel
2026-07-21,22.485407590630434,18.739012066642523,26.355160011280443,P0054,Apparel
2026-07-22,23.659472622766895,19.747694845849075,27.259697747009326,P0054,Apparel
2026-07-23,21.010621385410158,17.220589131636803,24.93209271474741,P0054,Apparel
2026-07-24,17.269067189549233,13.673448677895257,20.864475116933882,P0054,Apparel
2026-07-25,14.96649533130825,11.534013732083372,18.63142168073299,P0054,Apparel
2026-07-26,16.44400126953531,12.97872495421328,19.981672433068905,P0054,Apparel
2026-07-27,19.198384584364412,15.512186874782657,23.013111506881113,P0054,Apparel
2026-07-28,22.243376421380773,18.44353067372693,25.952579149170372,P0054,Apparel
2026-07-29,23.43235652463305,19.764473181368366,27.052301610112604,P0054,Apparel
2026-07-30,20.796527605817467,16.897669869266092,24.350678744682828,P0054,Apparel
2026-07-01,24.702697813306163,19.91013304748555,29.390857807764757,P0055,Beauty
2026-07-02,21.433976867822892,16.851408765145884,25.740136924847082,P0055,Beauty
2026-07-03,16.032475414450733,11.224768095365146,20.427788517669832,P0055,Beauty
2026-07-04,13.142121103723506,8.417105498975532,17.655364869859685,P0055,Beauty
2026-07-05,14.096999599375861,9.597819529367472,18.852017804520244,P0055,Beauty
2026-07-06,18.81367164548531,14.001885301224588,23.441657572552316,P0055,Beauty
2026-07-07,22.67468606652955,17.939584628185344,27.053729580786925,P0055,Beauty
2026-07-08,24.182784916564017,19.447031322818795,29.167453798538236,P0055,Beauty
2026-07-09,20.996113680756736,16.078362164933168,25.726274487858785,P0055,Beauty
2026-07-10,15.67723094586738,10.77024521964282,20.445910887774644,P0055,Beauty
2026-07-11,12.867812028592233,8.071097647066274,17.583011163932824,P0055,Beauty
2026-07-12,13.899773898573326,9.145290279330396,18.606169823791134,P0055,Beauty
2026-07-13,18.687652604479915,13.686997133745718,23.68865194138305,P0055,Beauty
2026-07-14,22.6121725955422,18.07646747243129,27.150862492952815,P0055,Beauty
2026-07-15,24.17450256537305,19.321980875745,28.878566757326162,P0055,Beauty
2026-07-16,21.031509283342327,16.10106358739082,25.71316714284492,P0055,Beauty
2026-07-17,15.744802586190557,11.21852945158055,20.634213620657484,P0055,Beauty
2026-07-18,12.955465003201827,8.168357460635098,17.558717757157044,P0055,Beauty
2026-07-19,13.99519259651116,9.049820956813436,18.359749106580793,P0055,Beauty
2026-07-20,18.778677750049315,14.10165461697315,23.514325030165523,P0055,Beauty
2026-07-21,22.687173122281816,18.01767981757798,27.356836417143988,P0055,Beauty
2026-07-22,24.22273151341856,19.5450527223064,28.83164833599322,P0055,Beauty
2026-07-23,21.04343353797168,16.341520265990187,26.190282934584307,P0055,Beauty
2026-07-24,15.712396988836007,10.891675779748754,20.590314610822233,P0055,Beauty
2026-07-25,12.872462351049858,8.237998037462287,17.44257960966594,P0055,Beauty
2026-07-26,13.857282274473679,8.962927563294981,18.533924022425204,P0055,Beauty
2026-07-27,18.583647176246405,13.741552619389852,23.160695737325383,P0055,Beauty
2026-07-28,22.434987794872978,17.73608264949958,27.168851261962107,P0055,Beauty
2026-07-29,23.91555117807068,19.471730803240884,28.222168159890945,P0055,Beauty
2026-07-30,20.685563802534293,15.907607148554872,25.650342918313488,P0055,Beauty
2026-07-01,8.074295229685005,6.207495580395949,9.952277153608359,P0056,Grocery
2026-07-02,6.943353133395286,5.233782108767414,8.712978014717416,P0056,Grocery
2026-07-03,5.58343393165589,3.808966581533142,7.124010442886431,P0056,Grocery
2026-07-04,4.5581708771974405,2.653820972413319,6.372588263637625,P0056,Grocery
2026-07-05,4.994658119813408,3.2129155085785666,6.762187244147445,P0056,Grocery
2026-07-06,6.46711682621439,4.5994187712083345,8.318289354346874,P0056,Grocery
2026-07-07,8.066081852103101,6.378024835896316,9.891324804769992,P0056,Grocery
2026-07-08,8.484048121908247,6.72722071046628,10.24921587764637,P0056,Grocery
2026-07-09,7.363833577030754,5.701622003154358,9.078075743616754,P0056,Grocery
2026-07-10,6.014887274919818,4.09737577489063,7.745594124359278,P0056,Grocery
2026-07-11,5.000592895451781,3.078693384356337,6.663197601476294,P0056,Grocery
2026-07-12,5.447796295918899,3.6681069723071116,7.277306489723725,P0056,Grocery
2026-07-13,6.930479770198034,5.1696684652113385,8.804713966245167,P0056,Grocery
2026-07-14,8.53895645130143,6.697878997733972,10.212401718549618,P0056,Grocery
2026-07-15,8.96552376265557,7.098863544449082,10.776225553651908,P0056,Grocery
2026-07-16,7.852832551166673,6.04727106116839,9.639132672501525,P0056,Grocery
2026-07-17,6.510200286510641,4.681530714676668,8.201737449908327,P0056,Grocery
2026-07-18,5.50091842094237,3.6261247193006274,7.192801418876164,P0056,Grocery
2026-07-19,5.9517824302685804,4.181246481281236,7.759255128351973,P0056,Grocery
2026-07-20,7.436767115488934,5.559381550964423,9.18822204206629,P0056,Grocery
2026-07-21,9.04622057613821,7.178681149052609,10.736118932597584,P0056,Grocery
2026-07-22,9.472515780322157,7.8562223531099225,11.214001082757493,P0056,Grocery
2026-07-23,8.358416432419954,6.572054998854627,10.199635343574327,P0056,Grocery
2026-07-24,7.013385635794241,5.256605567251709,8.805921687493859,P0056,Grocery
2026-07-25,6.000887600070565,4.232213944854093,7.825798209077004,P0056,Grocery
2026-07-26,6.447911105653301,4.573750188769942,8.265266454004646,P0056,Grocery
2026-07-27,7.928637527945307,6.272708825219217,9.688311948928732,P0056,Grocery
2026-07-28,9.533627078857906,7.725779969075007,11.258721860374198,P0056,Grocery
2026-07-29,9.95546245302554,8.143128322478146,11.704828987206293,P0056,Grocery
2026-07-30,8.837106849318898,7.085438722768386,10.667946999120407,P0056,Grocery
2026-07-01,3.846181999394368,2.760955676474565,4.913533319367917,P0057,Sports
2026-07-02,3.301131482004929,2.195154516864756,4.35440964047841,P0057,Sports
2026-07-03,2.320795915045178,1.2818085276841147,3.452227727349879,P0057,Sports
2026-07-04,1.746617616058649,0.6160237477047263,2.8553515025623235,P0057,Sports
2026-07-05,1.9755821989292275,0.9447338376741031,3.030285902182517,P0057,Sports
2026-07-06,2.8480032532532835,1.7376415729828216,3.921114597571781,P0057,Sports
2026-07-07,3.6995955600392967,2.6089316552479302,4.742643395206163,P0057,Sports
2026-07-08,3.8705782752415097,2.780821872659986,4.878315402795594,P0057,Sports
2026-07-09,3.33718771646095,2.1793305588171172,4.390811499775705,P0057,Sports
2026-07-10,2.3692695769714764,1.2311791651727328,3.3898996400284447,P0057,Sports
2026-07-11,1.8080516174103312,0.7155006844677452,2.8552473926138027,P0057,Sports
2026-07-12,2.0502877637908314,0.9914183014399462,3.0918109952596993,P0057,Sports
2026-07-13,2.9360490013271585,1.8695403682583298,4.028815729376597,P0057,Sports
2026-07-14,3.8008031544524825,2.690769199642668,4.811984791614716,P0057,Sports
2026-07-15,3.9845247982246357,2.9084475597345074,5.067628847448685,P0057,Sports
2026-07-16,3.463214744508121,2.3804539883090508,4.536917995012317,P0057,Sports
2026-07-17,2.5064987353273502,1.4195500337638098,3.608089932098535,P0057,Sports
2026-07-18,1.9554062074081173,0.8463348651073037,3.113947823742642,P0057,Sports
2026-07-19,2.206519881563044,1.066933828299479,3.28619561842252,P0057,Sports
2026-07-20,3.0997714073473777,2.033443711811827,4.21006753496971,P0057,Sports
2026-07-21,3.9705250155063387,2.9930761091512412,5.119183020850096,P0057,Sports
2026-07-22,4.158690310196755,3.0017030761133507,5.169069566292916,P0057,Sports
2026-07-23,3.6402435598029506,2.672496102786194,4.704299325793471,P0057,Sports
2026-07-24,2.684827064730973,1.5686422145087062,3.8288130960409155,P0057,Sports
2026-07-25,2.1335274449027883,1.0837051134606184,3.2577292341391226,P0057,Sports
2026-07-26,2.3830236123835,1.2629079903932547,3.462948172614535,P0057,Sports
2026-07-27,3.27337970431632,2.152848321052005,4.280763364046959,P0057,Sports
2026-07-28,4.1401250050525595,2.992813146721803,5.203178503399959,P0057,Sports
2026-07-29,4.323362095401979,3.2355849766924463,5.415007244804289,P0057,Sports
2026-07-30,3.7992827201982955,2.7416843031981633,4.853731349992453,P0057,Sports
2026-07-01,11.545336709876128,8.040661601942176,14.662747210678736,P0058,Beauty
2026-07-02,9.917807317393802,6.266190141278584,13.17251849036255,P0058,Beauty
2026-07-03,6.823573523327533,3.5374697742248826,10.164389959946627,P0058,Beauty
2026-07-04,5.1419741752419785,1.7436177515257718,8.534279854420353,P0058,Beauty
2026-07-05,5.974768874942789,2.625630241050289,9.212314394753335,P0058,Beauty
2026-07-06,8.891693794168113,5.50246684032965,12.480305361690567,P0058,Beauty
2026-07-07,11.567686105072111,8.384119459725238,15.093237133193508,P0058,Beauty
2026-07-08,12.247433176130682,8.685145674883739,15.610949985182215,P0058,Beauty
2026-07-09,10.549693780785017,7.04856278344642,14.138666668729606,P0058,Beauty
2026-07-10,7.379256294191488,3.9078545954091854,10.71959909819942,P0058,Beauty
2026-07-11,5.6174254217055655,2.336638722078367,9.232545346056694,P0058,Beauty
2026-07-12,6.368048768893256,2.8255292197262345,9.805713200806137,P0058,Beauty
2026-07-13,9.203021643923215,5.655735279507874,12.484844275415044,P0058,Beauty
2026-07-14,11.799458064190848,8.169368618206848,15.019954401538744,P0058,Beauty
2026-07-15,12.404185501737626,8.94562639647296,15.804352550715704,P0058,Beauty
2026-07-16,10.638012039443815,7.133506370484094,13.994185985292503,P0058,Beauty
2026-07-17,7.407632341095149,4.054218596443106,10.933204764588638,P0058,Beauty
2026-07-18,5.596065369840945,2.2184054727550255,8.956617152717195,P0058,Beauty
2026-07-19,6.308636482159361,3.0336363541641287,9.590323332012614,P0058,Beauty
2026-07-20,9.118443493929496,5.71216787795385,12.478382751654836,P0058,Beauty
2026-07-21,11.703495752923873,8.255402675994961,15.095575831302442,P0058,Beauty
2026-07-22,12.311184639633902,9.08513228836987,15.802770938446987,P0058,Beauty
2026-07-23,10.562534857408702,7.293969253678367,14.070244840837669,P0058,Beauty
2026-07-24,7.364103383744362,3.7422120298474906,10.584730309059216,P0058,Beauty
2026-07-25,5.5984192533025805,2.1083860531878273,9.057233768599518,P0058,Beauty
2026-07-26,6.369976794362628,3.07209904857992,9.842951579404582,P0058,Beauty
2026-07-27,9.250721667762992,5.798756844729553,12.681242683122493,P0058,Beauty
2026-07-28,11.917218258081066,8.648501979570302,15.536428870417815,P0058,Beauty
2026-07-29,12.615156129658528,9.180203226031203,15.737868170700867,P0058,Beauty
2026-07-30,10.963643992240662,7.651875187024098,14.174130340638833,P0058,Beauty
2026-07-01,13.659336628927628,10.215409371407462,17.026459579134738,P0059,Electronics
2026-07-02,11.537078370515665,8.325679672714239,14.80772804058814,P0059,Electronics
2026-07-03,8.177310687075826,4.660639985272141,11.579735200573552,P0059,Electronics
2026-07-04,6.228863003062525,2.722346523158065,9.52237436529871,P0059,Electronics
2026-07-05,6.991466462638471,3.587649531382017,10.503971177709088,P0059,Electronics
2026-07-06,9.738836138026912,6.42447718522086,13.265234295654848,P0059,Electronics
2026-07-07,12.877623550930602,9.4473177349645,16.246237288084465,P0059,Electronics
2026-07-08,13.65153990477945,10.25636334732592,16.842487008469426,P0059,Electronics
2026-07-09,11.496147763853989,8.099335558582846,14.791788089157636,P0059,Electronics
2026-07-10,8.093353761245996,4.824828424224992,11.8143773853094,P0059,Electronics
2026-07-11,6.09364882598115,2.4393854008208646,9.375431749596284,P0059,Electronics
2026-07-12,6.798655873257629,3.5062508607099443,10.188635586859698,P0059,Electronics
2026-07-13,9.484158367542062,5.903322706486981,12.698066988050462,P0059,Electronics
2026-07-14,12.55899418207187,8.935959182049864,16.061479306942232,P0059,Electronics
2026-07-15,13.269116783558617,9.860426328173036,16.58800728062725,P0059,Electronics
2026-07-16,11.05232320762238,7.80022054688798,14.395387840194568,P0059,Electronics
2026-07-17,7.592683187477512,4.194132607663815,10.95211260367879,P0059,Electronics
2026-07-18,5.542717706640101,2.205129723238477,8.849868297851183,P0059,Electronics
2026-07-19,6.205888651637682,2.901721109541515,9.518024946710243,P0059,Electronics
2026-07-20,8.859574607466968,5.379414498805102,12.34486624780738,P0059,Electronics
2026-07-21,11.913918709445385,8.577960489768099,15.0637037757942,P0059,Electronics
2026-07-22,12.61585188316533,9.069471279938504,16.050591583837303,P0059,Electronics
2026-07-23,10.403792019199743,7.051863963203612,14.14175925704988,P0059,Electronics
2026-07-24,6.962054271531131,3.625852844646768,10.164407560720319,P0059,Electronics
2026-07-25,4.943021300546933,1.4667927057045633,8.307583128902529,P0059,Electronics
2026-07-26,5.649635393239491,2.166677126737634,9.064904859046806,P0059,Electronics
2026-07-27,8.358387459590695,5.043139624712468,11.685265357954002,P0059,Electronics
2026-07-28,11.478188475045966,7.883163111577927,14.921167349982648,P0059,Electronics
2026-07-29,12.254426066677654,8.801284414541813,15.5092020234937,P0059,Electronics
2026-07-30,10.123705882221952,6.5675469279937495,13.586125801235683,P0059,Electronics
2026-07-01,7.447958814420341,5.298355109380458,9.46541283633164,P0060,Apparel
2026-07-02,6.756084701618556,4.721504411620964,8.669856945810691,P0060,Apparel
2026-07-03,4.717688383720753,2.7525153257276305,6.826683660524064,P0060,Apparel
2026-07-04,3.769721782189908,1.7266923994267886,5.8621980256998185,P0060,Apparel
2026-07-05,4.166516244057627,2.1620287913938445,6.135334163514958,P0060,Apparel
2026-07-06,5.898577025369572,3.9163465263070263,7.89449169438885,P0060,Apparel
2026-07-07,7.661047485321989,5.665793934002614,9.445323306218308,P0060,Apparel
2026-07-08,7.832288593578458,5.658967140484461,10.019827424136546,P0060,Apparel
2026-07-09,7.166231122902451,5.108981989349898,9.200506346156205,P0060,Apparel
2026-07-10,5.1548010435293925,3.046966812647004,7.154851373541531,P0060,Apparel
2026-07-11,4.234281672517311,2.1020359570880927,6.311691355437821,P0060,Apparel
2026-07-12,4.658335057417956,2.7458088638976084,6.604270805113942,P0060,Apparel
2026-07-13,6.416816252458302,4.442985092441806,8.526876671302642,P0060,Apparel
2026-07-14,8.204256412984007,6.208082583917314,10.195876506071292,P0060,Apparel
2026-07-15,8.39845976632997,6.298232752449458,10.380573955090744,P0060,Apparel
2026-07-16,7.752871335468248,5.768402718903849,9.662333082835524,P0060,Apparel
2026-07-17,5.7590154991472735,3.87719399263386,7.728436402525717,P0060,Apparel
2026-07-18,4.85286858357634,2.846660695591284,6.866482395001419,P0060,Apparel
2026-07-19,5.287887692004105,3.241142890830836,7.208159820055146,P0060,Apparel
2026-07-20,7.053829248706293,5.077177332750334,8.946872207874632,P0060,Apparel
2026-07-21,8.845233098448485,6.930522445633625,10.883080957437627,P0060,Apparel
2026-07-22,9.040017232137956,7.0289290615667985,11.050515886442875,P0060,Apparel
2026-07-23,8.391840124655138,6.3094583884258775,10.310273979521199,P0060,Apparel
2026-07-24,6.392530969972782,4.283871156303146,8.468320936361033,P0060,Apparel
2026-07-25,5.478451295750907,3.5977013688041963,7.567662497983464,P0060,Apparel
2026-07-26,5.903510526665014,4.019895066038212,7.853371744731801,P0060,Apparel
2026-07-27,7.657969400428714,5.752008835476735,9.566267350696753,P0060,Apparel
2026-07-28,9.436907555916052,7.411291781337378,11.514708370934839,P0060,Apparel
2026-07-29,9.618800878878101,7.641185452802834,11.530981127233114,P0060,Apparel
2026-07-30,8.957866126455508,6.992765469915935,11.00731425844601,P0060,Apparel
